date,PRECTOTCORR,T2M,RH2M,WS2M,ALLSKY_SFC_SW_DWN,city,latitude,longitude,month,year,day,season,rain_intensity,storm_index,heat_index,extreme_rain,risk_level
2024-01-01,0.06,23.15,69.16,2.99,16.71,Sao_Paulo,-23.5505,-46.6333,1,2024,1,Summer,4.1495999999999995,0.1794,16.01054,0,0
2024-01-02,0.37,23.99,69.6,2.16,20.61,Sao_Paulo,-23.5505,-46.6333,1,2024,2,Summer,25.752,0.7992,16.697039999999998,0,0
2024-01-03,4.72,24.2,75.18,2.47,16.73,Sao_Paulo,-23.5505,-46.6333,1,2024,3,Summer,354.8496,11.6584,18.19356,0,0
2024-01-04,4.64,23.63,77.13,3.15,16.95,Sao_Paulo,-23.5505,-46.6333,1,2024,4,Summer,357.88319999999993,14.615999999999998,18.225818999999998,0,0
2024-01-05,2.36,23.16,75.31,2.68,21.71,Sao_Paulo,-23.5505,-46.6333,1,2024,5,Summer,177.7316,6.3248,17.441796,0,0
2024-01-06,1.11,23.87,71.37,2.7,24.46,Sao_Paulo,-23.5505,-46.6333,1,2024,6,Summer,79.22070000000001,2.9970000000000003,17.036019,0,0
2024-01-07,0.29,25.69,64.23,1.92,25.13,Sao_Paulo,-23.5505,-46.6333,1,2024,7,Summer,18.6267,0.5568,16.500687000000003,0,0
2024-01-08,7.21,27.38,62.12,1.69,23.52,Sao_Paulo,-23.5505,-46.6333,1,2024,8,Summer,447.8852,12.184899999999999,17.008456,0,0
2024-01-09,4.04,27.25,63.55,1.54,26.99,Sao_Paulo,-23.5505,-46.6333,1,2024,9,Summer,256.742,6.2216000000000005,17.317375,0,0
2024-01-10,6.79,26.73,68.86,1.23,25.09,Sao_Paulo,-23.5505,-46.6333,1,2024,10,Summer,467.5594,8.3517,18.406278,0,0
2024-01-11,5.36,25.99,71.8,3.35,23.5,Sao_Paulo,-23.5505,-46.6333,1,2024,11,Summer,384.848,17.956000000000003,18.660819999999998,0,0
2024-01-12,26.07,23.82,82.43,2.74,13.76,Sao_Paulo,-23.5505,-46.6333,1,2024,12,Summer,2148.9501,71.43180000000001,19.634826,0,1
2024-01-13,7.15,21.62,85.78,3.52,10.75,Sao_Paulo,-23.5505,-46.6333,1,2024,13,Summer,613.327,25.168000000000003,18.545636000000002,0,0
2024-01-14,0.61,24.02,78.82,1.29,24.76,Sao_Paulo,-23.5505,-46.6333,1,2024,14,Summer,48.0802,0.7869,18.932563999999996,0,0
2024-01-15,0.22,26.18,72.34,1.96,24.12,Sao_Paulo,-23.5505,-46.6333,1,2024,15,Summer,15.914800000000001,0.43119999999999997,18.938612000000003,0,0
2024-01-16,0.07,27.17,65.66,2.52,25.15,Sao_Paulo,-23.5505,-46.6333,1,2024,16,Summer,4.5962000000000005,0.17640000000000003,17.839822,0,0
2024-01-17,5.77,27.32,65.12,2.73,21.39,Sao_Paulo,-23.5505,-46.6333,1,2024,17,Summer,375.7424,15.752099999999999,17.790784,0,0
2024-01-18,14.82,26.48,75.03,1.55,22.93,Sao_Paulo,-23.5505,-46.6333,1,2024,18,Summer,1111.9446,22.971,19.867943999999998,0,0
2024-01-19,12.21,25.0,81.06,2.56,20.09,Sao_Paulo,-23.5505,-46.6333,1,2024,19,Summer,989.7426000000002,31.257600000000004,20.265,0,0
2024-01-20,13.1,23.73,88.18,3.2,12.73,Sao_Paulo,-23.5505,-46.6333,1,2024,20,Summer,1155.1580000000001,41.92,20.925114,0,0
2024-01-21,16.85,23.0,85.11,3.67,15.76,Sao_Paulo,-23.5505,-46.6333,1,2024,21,Summer,1434.1035000000002,61.8395,19.5753,0,0
2024-01-22,3.3,21.64,83.43,3.62,18.81,Sao_Paulo,-23.5505,-46.6333,1,2024,22,Summer,275.319,11.946,18.054252,0,0
2024-01-23,16.53,19.48,89.58,3.78,5.44,Sao_Paulo,-23.5505,-46.6333,1,2024,23,Summer,1480.7574,62.4834,17.450184,0,0
2024-01-24,2.23,20.03,82.08,3.32,17.84,Sao_Paulo,-23.5505,-46.6333,1,2024,24,Summer,183.0384,7.4036,16.440624,0,0
2024-01-25,5.49,18.94,85.49,3.48,14.18,Sao_Paulo,-23.5505,-46.6333,1,2024,25,Summer,469.3401,19.1052,16.191806,0,0
2024-01-26,1.59,19.41,82.18,3.61,15.77,Sao_Paulo,-23.5505,-46.6333,1,2024,26,Summer,130.6662,5.7399000000000004,15.951138000000002,0,0
2024-01-27,2.97,21.56,78.46,2.02,19.43,Sao_Paulo,-23.5505,-46.6333,1,2024,27,Summer,233.0262,5.9994000000000005,16.915975999999997,0,0
2024-01-28,5.71,22.75,75.79,1.62,12.97,Sao_Paulo,-23.5505,-46.6333,1,2024,28,Summer,432.76090000000005,9.250200000000001,17.242225,0,0
2024-01-29,0.63,23.53,72.16,1.85,22.47,Sao_Paulo,-23.5505,-46.6333,1,2024,29,Summer,45.4608,1.1655,16.979248000000002,0,0
2024-01-30,0.63,24.8,65.91,1.56,24.73,Sao_Paulo,-23.5505,-46.6333,1,2024,30,Summer,41.5233,0.9828,16.34568,0,0
2024-01-31,10.13,23.95,74.02,1.05,13.26,Sao_Paulo,-23.5505,-46.6333,1,2024,31,Summer,749.8226,10.636500000000002,17.72779,0,0
2024-02-01,2.24,22.31,75.45,2.03,19.6,Sao_Paulo,-23.5505,-46.6333,2,2024,1,Summer,169.008,4.5472,16.832895,0,0
2024-02-02,9.84,22.21,81.29,2.27,10.37,Sao_Paulo,-23.5505,-46.6333,2,2024,2,Summer,799.8936000000001,22.3368,18.054509000000003,0,0
2024-02-03,2.26,23.16,79.66,1.3,12.96,Sao_Paulo,-23.5505,-46.6333,2,2024,3,Summer,180.03159999999997,2.9379999999999997,18.449256,0,0
2024-02-04,9.26,23.45,75.99,1.18,13.67,Sao_Paulo,-23.5505,-46.6333,2,2024,4,Summer,703.6673999999999,10.926799999999998,17.819654999999997,0,0
2024-02-05,0.14,23.66,71.24,1.68,25.9,Sao_Paulo,-23.5505,-46.6333,2,2024,5,Summer,9.9736,0.23520000000000002,16.855383999999997,0,0
2024-02-06,0.06,23.61,75.25,1.67,23.09,Sao_Paulo,-23.5505,-46.6333,2,2024,6,Summer,4.515,0.1002,17.766524999999998,0,0
2024-02-07,0.13,24.27,72.03,1.44,21.41,Sao_Paulo,-23.5505,-46.6333,2,2024,7,Summer,9.363900000000001,0.1872,17.481681000000002,0,0
2024-02-08,0.2,24.72,72.07,2.19,25.28,Sao_Paulo,-23.5505,-46.6333,2,2024,8,Summer,14.414,0.438,17.815703999999997,0,0
2024-02-09,0.92,24.61,73.93,2.55,25.15,Sao_Paulo,-23.5505,-46.6333,2,2024,9,Summer,68.0156,2.346,18.194173000000003,0,0
2024-02-10,0.15,25.15,70.96,2.61,25.37,Sao_Paulo,-23.5505,-46.6333,2,2024,10,Summer,10.643999999999998,0.39149999999999996,17.846439999999998,0,0
2024-02-11,1.43,25.99,68.89,1.52,26.14,Sao_Paulo,-23.5505,-46.6333,2,2024,11,Summer,98.5127,2.1736,17.904511,0,0
2024-02-12,0.61,26.64,66.7,2.73,23.26,Sao_Paulo,-23.5505,-46.6333,2,2024,12,Summer,40.687,1.6653,17.768880000000003,0,0
2024-02-13,7.41,26.36,69.28,2.5,23.72,Sao_Paulo,-23.5505,-46.6333,2,2024,13,Summer,513.3648000000001,18.525,18.262207999999998,0,0
2024-02-14,19.8,22.61,88.33,2.35,9.82,Sao_Paulo,-23.5505,-46.6333,2,2024,14,Summer,1748.934,46.53,19.971413,0,0
2024-02-15,4.76,21.15,86.99,2.91,10.29,Sao_Paulo,-23.5505,-46.6333,2,2024,15,Summer,414.07239999999996,13.8516,18.398384999999998,0,0
2024-02-16,0.4,22.01,80.92,1.9,16.27,Sao_Paulo,-23.5505,-46.6333,2,2024,16,Summer,32.368,0.76,17.810492000000004,0,0
2024-02-17,3.58,22.43,82.28,1.64,17.5,Sao_Paulo,-23.5505,-46.6333,2,2024,17,Summer,294.5624,5.8712,18.455403999999998,0,0
2024-02-18,9.13,21.87,83.85,1.45,16.65,Sao_Paulo,-23.5505,-46.6333,2,2024,18,Summer,765.5505,13.2385,18.337995,0,0
2024-02-19,2.53,22.96,79.91,1.42,20.56,Sao_Paulo,-23.5505,-46.6333,2,2024,19,Summer,202.17229999999998,3.5925999999999996,18.347336,0,0
2024-02-20,9.74,22.93,81.45,1.59,12.85,Sao_Paulo,-23.5505,-46.6333,2,2024,20,Summer,793.3230000000001,15.486600000000001,18.676485,0,0
2024-02-21,16.39,22.72,84.05,1.58,15.38,Sao_Paulo,-23.5505,-46.6333,2,2024,21,Summer,1377.5795,25.8962,19.09616,0,0
2024-02-22,2.05,23.78,79.37,1.63,20.84,Sao_Paulo,-23.5505,-46.6333,2,2024,22,Summer,162.7085,3.3414999999999995,18.874186,0,0
2024-02-23,4.12,25.25,78.05,1.31,21.05,Sao_Paulo,-23.5505,-46.6333,2,2024,23,Summer,321.566,5.397200000000001,19.707625,0,0
2024-02-24,12.31,24.77,81.99,1.52,13.37,Sao_Paulo,-23.5505,-46.6333,2,2024,24,Summer,1009.2968999999999,18.7112,20.308923,0,0
2024-02-25,3.13,24.06,83.88,2.7,19.74,Sao_Paulo,-23.5505,-46.6333,2,2024,25,Summer,262.5444,8.451,20.181528,0,0
2024-02-26,0.75,23.65,83.68,3.27,17.33,Sao_Paulo,-23.5505,-46.6333,2,2024,26,Summer,62.760000000000005,2.4525,19.79032,0,0
2024-02-27,0.37,25.29,77.27,1.81,20.62,Sao_Paulo,-23.5505,-46.6333,2,2024,27,Summer,28.589899999999997,0.6697,19.541583,0,0
2024-02-28,1.74,25.84,77.15,2.09,18.23,Sao_Paulo,-23.5505,-46.6333,2,2024,28,Summer,134.241,3.6365999999999996,19.935560000000002,0,0
2024-02-29,3.2,24.7,82.43,1.56,20.03,Sao_Paulo,-23.5505,-46.6333,2,2024,29,Summer,263.776,4.992000000000001,20.36021,0,0
2024-03-01,3.28,23.87,84.05,2.41,17.78,Sao_Paulo,-23.5505,-46.6333,3,2024,1,Autumn,275.68399999999997,7.9048,20.062735,0,0
2024-03-02,0.49,22.27,76.69,3.07,23.8,Sao_Paulo,-23.5505,-46.6333,3,2024,2,Autumn,37.5781,1.5043,17.078863000000002,0,0
2024-03-03,0.14,23.25,73.86,1.96,24.45,Sao_Paulo,-23.5505,-46.6333,3,2024,3,Autumn,10.3404,0.27440000000000003,17.17245,0,0
2024-03-04,1.84,24.86,74.06,1.9,22.07,Sao_Paulo,-23.5505,-46.6333,3,2024,4,Autumn,136.27040000000002,3.496,18.411316,0,0
2024-03-05,5.7,25.1,75.57,2.27,18.83,Sao_Paulo,-23.5505,-46.6333,3,2024,5,Autumn,430.74899999999997,12.939,18.96807,0,0
2024-03-06,17.45,23.0,85.67,2.53,16.2,Sao_Paulo,-23.5505,-46.6333,3,2024,6,Autumn,1494.9415,44.14849999999999,19.7041,0,0
2024-03-07,1.93,23.16,83.63,3.02,16.08,Sao_Paulo,-23.5505,-46.6333,3,2024,7,Autumn,161.40589999999997,5.8286,19.368707999999998,0,0
2024-03-08,16.52,23.73,83.04,1.69,15.76,Sao_Paulo,-23.5505,-46.6333,3,2024,8,Autumn,1371.8208,27.918799999999997,19.705392,0,0
2024-03-09,3.7,24.8,82.07,2.11,17.59,Sao_Paulo,-23.5505,-46.6333,3,2024,9,Autumn,303.659,7.8069999999999995,20.35336,0,0
2024-03-10,4.38,24.24,84.0,2.58,14.22,Sao_Paulo,-23.5505,-46.6333,3,2024,10,Autumn,367.92,11.3004,20.3616,0,0
2024-03-11,0.71,22.28,80.56,2.75,22.75,Sao_Paulo,-23.5505,-46.6333,3,2024,11,Autumn,57.1976,1.9525,17.948768,0,0
2024-03-12,1.43,21.38,79.41,2.12,19.39,Sao_Paulo,-23.5505,-46.6333,3,2024,12,Autumn,113.5563,3.0316,16.977857999999998,0,0
2024-03-13,1.23,23.49,79.59,1.71,20.65,Sao_Paulo,-23.5505,-46.6333,3,2024,13,Autumn,97.8957,2.1033,18.695691,0,0
2024-03-14,0.04,25.43,75.78,1.44,21.76,Sao_Paulo,-23.5505,-46.6333,3,2024,14,Autumn,3.0312,0.0576,19.270854,0,0
2024-03-15,0.02,26.33,73.19,1.74,23.27,Sao_Paulo,-23.5505,-46.6333,3,2024,15,Autumn,1.4638,0.0348,19.270927,0,0
2024-03-16,0.19,28.05,63.42,1.82,21.42,Sao_Paulo,-23.5505,-46.6333,3,2024,16,Autumn,12.049800000000001,0.3458,17.78931,0,0
2024-03-17,1.24,27.64,67.66,1.99,20.56,Sao_Paulo,-23.5505,-46.6333,3,2024,17,Autumn,83.8984,2.4676,18.701224,0,0
2024-03-18,5.06,25.48,81.19,1.25,14.87,Sao_Paulo,-23.5505,-46.6333,3,2024,18,Autumn,410.8214,6.324999999999999,20.687212,0,0
2024-03-19,4.15,25.16,83.0,1.41,17.73,Sao_Paulo,-23.5505,-46.6333,3,2024,19,Autumn,344.45000000000005,5.851500000000001,20.8828,0,0
2024-03-20,1.38,26.01,76.18,1.21,17.95,Sao_Paulo,-23.5505,-46.6333,3,2024,20,Autumn,105.1284,1.6697999999999997,19.814418000000003,0,0
2024-03-21,2.13,26.91,72.6,2.63,20.79,Sao_Paulo,-23.5505,-46.6333,3,2024,21,Autumn,154.63799999999998,5.6019,19.53666,0,0
2024-03-22,8.54,21.06,87.28,4.98,7.51,Sao_Paulo,-23.5505,-46.6333,3,2024,22,Autumn,745.3711999999999,42.529199999999996,18.381168,0,0
2024-03-23,9.58,18.7,85.89,4.63,5.38,Sao_Paulo,-23.5505,-46.6333,3,2024,23,Autumn,822.8262,44.355399999999996,16.061429999999998,0,0
2024-03-24,3.1,20.15,86.01,2.5,10.32,Sao_Paulo,-23.5505,-46.6333,3,2024,24,Autumn,266.63100000000003,7.75,17.331015,0,0
2024-03-25,0.13,21.85,81.3,1.86,18.02,Sao_Paulo,-23.5505,-46.6333,3,2024,25,Autumn,10.569,0.24180000000000001,17.76405,0,0
2024-03-26,0.25,21.12,81.9,3.12,13.83,Sao_Paulo,-23.5505,-46.6333,3,2024,26,Autumn,20.475,0.78,17.29728,0,0
2024-03-27,2.24,20.22,85.92,2.37,8.11,Sao_Paulo,-23.5505,-46.6333,3,2024,27,Autumn,192.46080000000003,5.308800000000001,17.373023999999997,0,0
2024-03-28,6.89,20.67,86.48,1.5,6.94,Sao_Paulo,-23.5505,-46.6333,3,2024,28,Autumn,595.8472,10.334999999999999,17.875416,0,0
2024-03-29,0.88,22.27,82.69,1.34,11.46,Sao_Paulo,-23.5505,-46.6333,3,2024,29,Autumn,72.7672,1.1792,18.415063,0,0
2024-03-30,0.04,22.58,77.96,1.74,18.98,Sao_Paulo,-23.5505,-46.6333,3,2024,30,Autumn,3.1184,0.0696,17.603367999999996,0,0
2024-03-31,0.01,22.12,73.4,1.49,23.02,Sao_Paulo,-23.5505,-46.6333,3,2024,31,Autumn,0.7340000000000001,0.0149,16.23608,0,0
2024-04-01,0.09,21.78,74.7,1.72,21.57,Sao_Paulo,-23.5505,-46.6333,4,2024,1,Autumn,6.723,0.1548,16.269660000000002,0,0
2024-04-02,0.07,23.96,71.25,1.29,13.89,Sao_Paulo,-23.5505,-46.6333,4,2024,2,Autumn,4.987500000000001,0.0903,17.0715,0,0
2024-04-03,0.0,23.93,72.84,1.74,20.08,Sao_Paulo,-23.5505,-46.6333,4,2024,3,Autumn,0.0,0.0,17.430612,0,0
2024-04-04,0.03,24.58,72.47,1.87,21.38,Sao_Paulo,-23.5505,-46.6333,4,2024,4,Autumn,2.1740999999999997,0.056100000000000004,17.813126,0,0
2024-04-05,0.04,24.0,68.47,1.7,21.6,Sao_Paulo,-23.5505,-46.6333,4,2024,5,Autumn,2.7388,0.068,16.4328,0,0
2024-04-06,3.53,21.87,79.91,3.02,15.57,Sao_Paulo,-23.5505,-46.6333,4,2024,6,Autumn,282.0823,10.660599999999999,17.476316999999998,0,0
2024-04-07,0.34,22.73,77.29,1.92,16.28,Sao_Paulo,-23.5505,-46.6333,4,2024,7,Autumn,26.278600000000004,0.6528,17.568017,0,0
2024-04-08,1.4,23.79,71.28,1.63,9.37,Sao_Paulo,-23.5505,-46.6333,4,2024,8,Autumn,99.792,2.2819999999999996,16.957511999999998,0,0
2024-04-09,4.18,23.07,76.75,1.46,14.35,Sao_Paulo,-23.5505,-46.6333,4,2024,9,Autumn,320.815,6.102799999999999,17.706225,0,0
2024-04-10,0.11,23.5,74.94,1.38,17.79,Sao_Paulo,-23.5505,-46.6333,4,2024,10,Autumn,8.2434,0.1518,17.610899999999997,0,0
2024-04-11,0.57,22.68,78.91,2.36,10.74,Sao_Paulo,-23.5505,-46.6333,4,2024,11,Autumn,44.978699999999996,1.3451999999999997,17.896787999999997,0,0
2024-04-12,0.13,22.42,79.22,3.09,16.43,Sao_Paulo,-23.5505,-46.6333,4,2024,12,Autumn,10.2986,0.4017,17.761124000000002,0,0
2024-04-13,0.16,22.96,76.72,2.09,17.86,Sao_Paulo,-23.5505,-46.6333,4,2024,13,Autumn,12.2752,0.3344,17.614912,0,0
2024-04-14,1.12,21.95,82.4,1.16,9.78,Sao_Paulo,-23.5505,-46.6333,4,2024,14,Autumn,92.28800000000001,1.2992000000000001,18.0868,0,0
2024-04-15,4.94,22.65,80.71,1.63,12.77,Sao_Paulo,-23.5505,-46.6333,4,2024,15,Autumn,398.7074,8.052200000000001,18.280814999999997,0,0
2024-04-16,9.12,23.1,76.27,1.26,17.01,Sao_Paulo,-23.5505,-46.6333,4,2024,16,Autumn,695.5823999999999,11.4912,17.61837,0,0
2024-04-17,1.98,23.31,78.42,2.21,13.6,Sao_Paulo,-23.5505,-46.6333,4,2024,17,Autumn,155.2716,4.3758,18.279702,0,0
2024-04-18,0.84,19.04,81.87,3.46,7.5,Sao_Paulo,-23.5505,-46.6333,4,2024,18,Autumn,68.77080000000001,2.9063999999999997,15.588048,0,0
2024-04-19,0.01,17.23,73.51,3.03,20.31,Sao_Paulo,-23.5505,-46.6333,4,2024,19,Autumn,0.7351000000000001,0.030299999999999997,12.665773000000002,0,0
2024-04-20,0.08,19.67,76.74,2.1,18.85,Sao_Paulo,-23.5505,-46.6333,4,2024,20,Autumn,6.1392,0.168,15.094758,0,0
2024-04-21,0.28,20.37,73.73,1.27,19.85,Sao_Paulo,-23.5505,-46.6333,4,2024,21,Autumn,20.644400000000005,0.3556,15.018801000000002,0,0
2024-04-22,0.11,21.05,63.0,1.42,20.48,Sao_Paulo,-23.5505,-46.6333,4,2024,22,Autumn,6.93,0.1562,13.2615,0,0
2024-04-23,0.01,22.71,54.85,1.54,19.44,Sao_Paulo,-23.5505,-46.6333,4,2024,23,Autumn,0.5485,0.0154,12.456435,0,0
2024-04-24,0.09,23.06,65.14,2.06,17.89,Sao_Paulo,-23.5505,-46.6333,4,2024,24,Autumn,5.8626,0.1854,15.021283999999998,0,0
2024-04-25,0.46,23.02,77.99,2.22,12.93,Sao_Paulo,-23.5505,-46.6333,4,2024,25,Autumn,35.8754,1.0212,17.953297999999997,0,0
2024-04-26,0.07,23.32,75.07,1.66,14.72,Sao_Paulo,-23.5505,-46.6333,4,2024,26,Autumn,5.2549,0.11620000000000001,17.506324,0,0
2024-04-27,0.0,23.85,65.67,2.02,18.41,Sao_Paulo,-23.5505,-46.6333,4,2024,27,Autumn,0.0,0.0,15.662295000000002,0,0
2024-04-28,0.01,24.14,65.11,1.95,17.76,Sao_Paulo,-23.5505,-46.6333,4,2024,28,Autumn,0.6511,0.0195,15.717554,0,0
2024-04-29,0.02,24.46,67.78,1.21,17.25,Sao_Paulo,-23.5505,-46.6333,4,2024,29,Autumn,1.3556000000000001,0.0242,16.578988,0,0
2024-04-30,0.0,24.67,55.25,1.49,18.39,Sao_Paulo,-23.5505,-46.6333,4,2024,30,Autumn,0.0,0.0,13.630175000000001,0,0
2024-05-01,0.0,24.17,53.58,1.92,18.15,Sao_Paulo,-23.5505,-46.6333,5,2024,1,Autumn,0.0,0.0,12.950286,0,0
2024-05-02,0.0,23.86,53.45,2.8,18.82,Sao_Paulo,-23.5505,-46.6333,5,2024,2,Autumn,0.0,0.0,12.753169999999999,0,0
2024-05-03,0.05,24.56,56.7,1.36,16.85,Sao_Paulo,-23.5505,-46.6333,5,2024,3,Autumn,2.8350000000000004,0.068,13.92552,0,0
2024-05-04,0.0,24.53,56.16,1.61,18.3,Sao_Paulo,-23.5505,-46.6333,5,2024,4,Autumn,0.0,0.0,13.776048000000001,0,0
2024-05-05,0.01,23.87,54.01,1.44,18.32,Sao_Paulo,-23.5505,-46.6333,5,2024,5,Autumn,0.5401,0.0144,12.892187000000002,0,0
2024-05-06,0.0,23.77,51.84,1.74,18.91,Sao_Paulo,-23.5505,-46.6333,5,2024,6,Autumn,0.0,0.0,12.322368,0,0
2024-05-07,0.07,24.26,52.14,1.46,18.19,Sao_Paulo,-23.5505,-46.6333,5,2024,7,Autumn,3.6498000000000004,0.10220000000000001,12.649164,0,0
2024-05-08,0.0,24.01,57.08,2.62,18.06,Sao_Paulo,-23.5505,-46.6333,5,2024,8,Autumn,0.0,0.0,13.704908,0,0
2024-05-09,0.15,23.61,60.98,2.18,14.51,Sao_Paulo,-23.5505,-46.6333,5,2024,9,Autumn,9.146999999999998,0.327,14.397378,0,0
2024-05-10,0.12,23.73,66.72,1.81,14.86,Sao_Paulo,-23.5505,-46.6333,5,2024,10,Autumn,8.0064,0.2172,15.832656,0,0
2024-05-11,0.0,23.06,53.07,2.26,16.48,Sao_Paulo,-23.5505,-46.6333,5,2024,11,Autumn,0.0,0.0,12.237941999999999,0,0
2024-05-12,0.02,22.88,48.54,2.79,17.12,Sao_Paulo,-23.5505,-46.6333,5,2024,12,Autumn,0.9708,0.0558,11.105952,0,0
2024-05-13,0.05,23.1,45.44,3.37,17.26,Sao_Paulo,-23.5505,-46.6333,5,2024,13,Autumn,2.272,0.1685,10.49664,0,0
2024-05-14,2.69,19.85,76.84,1.73,6.05,Sao_Paulo,-23.5505,-46.6333,5,2024,14,Autumn,206.6996,4.6537,15.252740000000003,0,0
2024-05-15,1.52,17.78,83.45,2.1,4.96,Sao_Paulo,-23.5505,-46.6333,5,2024,15,Autumn,126.84400000000001,3.192,14.837410000000002,0,0
2024-05-16,0.06,21.62,71.36,1.86,13.15,Sao_Paulo,-23.5505,-46.6333,5,2024,16,Autumn,4.2816,0.1116,15.428032000000002,0,0
2024-05-17,0.0,23.54,55.43,2.36,17.05,Sao_Paulo,-23.5505,-46.6333,5,2024,17,Autumn,0.0,0.0,13.048221999999999,0,0
2024-05-18,0.05,22.51,61.66,1.77,14.74,Sao_Paulo,-23.5505,-46.6333,5,2024,18,Autumn,3.083,0.08850000000000001,13.879665999999999,0,0
2024-05-19,2.07,21.49,79.05,1.39,11.22,Sao_Paulo,-23.5505,-46.6333,5,2024,19,Autumn,163.63349999999997,2.8772999999999995,16.987845,0,0
2024-05-20,0.44,20.93,77.73,1.92,11.12,Sao_Paulo,-23.5505,-46.6333,5,2024,20,Autumn,34.2012,0.8448,16.268888999999998,0,0
2024-05-21,0.1,20.18,74.96,2.14,10.35,Sao_Paulo,-23.5505,-46.6333,5,2024,21,Autumn,7.4959999999999996,0.21400000000000002,15.126927999999998,0,0
2024-05-22,0.06,21.86,67.25,1.63,15.08,Sao_Paulo,-23.5505,-46.6333,5,2024,22,Autumn,4.035,0.09779999999999998,14.700849999999999,0,0
2024-05-23,0.0,21.24,54.46,2.3,16.8,Sao_Paulo,-23.5505,-46.6333,5,2024,23,Autumn,0.0,0.0,11.567303999999998,0,0
2024-05-24,2.46,21.02,56.16,3.53,8.33,Sao_Paulo,-23.5505,-46.6333,5,2024,24,Autumn,138.15359999999998,8.6838,11.804832,0,0
2024-05-25,5.51,16.79,86.29,2.19,6.59,Sao_Paulo,-23.5505,-46.6333,5,2024,25,Autumn,475.4579,12.066899999999999,14.488091,0,0
2024-05-26,24.3,14.79,92.05,3.0,4.72,Sao_Paulo,-23.5505,-46.6333,5,2024,26,Autumn,2236.815,72.9,13.614194999999999,0,1
2024-05-27,3.28,17.46,87.29,2.03,5.64,Sao_Paulo,-23.5505,-46.6333,5,2024,27,Autumn,286.3112,6.6583999999999985,15.240834000000001,0,0
2024-05-28,1.84,16.67,81.09,3.48,6.78,Sao_Paulo,-23.5505,-46.6333,5,2024,28,Autumn,149.2056,6.4032,13.517703000000003,0,0
2024-05-29,0.21,12.62,72.84,1.64,16.5,Sao_Paulo,-23.5505,-46.6333,5,2024,29,Autumn,15.2964,0.3444,9.192408,0,0
2024-05-30,0.32,13.46,82.05,2.22,13.51,Sao_Paulo,-23.5505,-46.6333,5,2024,30,Autumn,26.256,0.7104,11.043930000000001,0,0
2024-05-31,0.03,14.78,80.79,2.91,14.57,Sao_Paulo,-23.5505,-46.6333,5,2024,31,Autumn,2.4237,0.0873,11.940762000000001,0,0
2024-06-01,0.06,16.6,75.58,1.55,16.37,Sao_Paulo,-23.5505,-46.6333,6,2024,1,Winter,4.5348,0.093,12.546280000000001,0,0
2024-06-02,0.0,18.01,63.18,1.5,14.65,Sao_Paulo,-23.5505,-46.6333,6,2024,2,Winter,0.0,0.0,11.378718000000001,0,0
2024-06-03,0.0,18.83,68.21,1.55,11.87,Sao_Paulo,-23.5505,-46.6333,6,2024,3,Winter,0.0,0.0,12.843942999999998,0,0
2024-06-04,2.38,16.41,86.0,3.27,8.23,Sao_Paulo,-23.5505,-46.6333,6,2024,4,Winter,204.67999999999998,7.7825999999999995,14.1126,0,0
2024-06-05,0.33,17.45,81.05,1.49,12.19,Sao_Paulo,-23.5505,-46.6333,6,2024,5,Winter,26.7465,0.4917,14.143225,0,0
2024-06-06,0.08,18.21,73.16,0.98,13.96,Sao_Paulo,-23.5505,-46.6333,6,2024,6,Winter,5.8528,0.0784,13.322436,0,0
2024-06-07,0.0,18.7,70.01,1.04,15.26,Sao_Paulo,-23.5505,-46.6333,6,2024,7,Winter,0.0,0.0,13.09187,0,0
2024-06-08,0.07,19.33,68.04,0.93,15.19,Sao_Paulo,-23.5505,-46.6333,6,2024,8,Winter,4.762800000000001,0.0651,13.152132000000002,0,0
2024-06-09,0.01,19.46,65.69,1.97,15.49,Sao_Paulo,-23.5505,-46.6333,6,2024,9,Winter,0.6569,0.0197,12.783273999999999,0,0
2024-06-10,0.03,20.23,60.85,2.39,15.39,Sao_Paulo,-23.5505,-46.6333,6,2024,10,Winter,1.8255,0.0717,12.309955,0,0
2024-06-11,0.09,20.1,63.21,1.03,15.58,Sao_Paulo,-23.5505,-46.6333,6,2024,11,Winter,5.6889,0.0927,12.705210000000001,0,0
2024-06-12,0.05,18.65,69.15,1.39,15.52,Sao_Paulo,-23.5505,-46.6333,6,2024,12,Winter,3.4575000000000005,0.06949999999999999,12.896474999999999,0,0
2024-06-13,0.01,18.46,55.89,2.15,16.04,Sao_Paulo,-23.5505,-46.6333,6,2024,13,Winter,0.5589000000000001,0.0215,10.317294,0,0
2024-06-14,0.0,18.66,56.4,2.58,14.9,Sao_Paulo,-23.5505,-46.6333,6,2024,14,Winter,0.0,0.0,10.524239999999999,0,0
2024-06-15,0.01,20.15,60.05,2.48,15.42,Sao_Paulo,-23.5505,-46.6333,6,2024,15,Winter,0.6005,0.0248,12.100074999999997,0,0
2024-06-16,0.06,20.26,62.65,1.78,14.9,Sao_Paulo,-23.5505,-46.6333,6,2024,16,Winter,3.759,0.10679999999999999,12.69289,0,0
2024-06-17,0.0,18.78,59.48,2.66,15.58,Sao_Paulo,-23.5505,-46.6333,6,2024,17,Winter,0.0,0.0,11.170344,0,0
2024-06-18,0.04,18.46,52.04,2.57,15.9,Sao_Paulo,-23.5505,-46.6333,6,2024,18,Winter,2.0816,0.1028,9.606584,0,0
2024-06-19,0.04,19.64,51.97,2.15,15.81,Sao_Paulo,-23.5505,-46.6333,6,2024,19,Winter,2.0788,0.086,10.206907999999999,0,0
2024-06-20,0.08,19.17,56.52,1.22,15.62,Sao_Paulo,-23.5505,-46.6333,6,2024,20,Winter,4.5216,0.0976,10.834884000000002,0,0
2024-06-21,0.03,18.07,61.22,1.31,15.74,Sao_Paulo,-23.5505,-46.6333,6,2024,21,Winter,1.8365999999999998,0.0393,11.062453999999999,0,0
2024-06-22,0.0,19.41,57.3,2.24,13.99,Sao_Paulo,-23.5505,-46.6333,6,2024,22,Winter,0.0,0.0,11.121929999999999,0,0
2024-06-23,0.03,20.46,56.81,2.66,13.98,Sao_Paulo,-23.5505,-46.6333,6,2024,23,Winter,1.7043,0.0798,11.623326000000002,0,0
2024-06-24,0.19,20.75,59.18,2.64,14.6,Sao_Paulo,-23.5505,-46.6333,6,2024,24,Winter,11.2442,0.5016,12.27985,0,0
2024-06-25,0.42,17.73,85.3,2.46,6.22,Sao_Paulo,-23.5505,-46.6333,6,2024,25,Winter,35.826,1.0332,15.12369,0,0
2024-06-26,0.02,20.8,66.25,2.86,13.93,Sao_Paulo,-23.5505,-46.6333,6,2024,26,Winter,1.325,0.0572,13.78,0,0
2024-06-27,0.22,19.57,68.31,1.88,9.07,Sao_Paulo,-23.5505,-46.6333,6,2024,27,Winter,15.0282,0.41359999999999997,13.368267000000001,0,0
2024-06-28,0.0,19.86,58.19,3.06,11.03,Sao_Paulo,-23.5505,-46.6333,6,2024,28,Winter,0.0,0.0,11.556534,0,0
2024-06-29,6.09,18.62,71.33,2.37,9.48,Sao_Paulo,-23.5505,-46.6333,6,2024,29,Winter,434.3997,14.433300000000001,13.281646,0,0
2024-06-30,0.95,14.34,82.86,2.37,4.08,Sao_Paulo,-23.5505,-46.6333,6,2024,30,Winter,78.717,2.2515,11.882124,0,0
2024-07-01,0.08,15.52,72.92,1.61,4.17,Sao_Paulo,-23.5505,-46.6333,7,2024,1,Winter,5.833600000000001,0.1288,11.317184000000001,0,0
2024-07-02,0.15,16.94,62.84,1.26,15.09,Sao_Paulo,-23.5505,-46.6333,7,2024,2,Winter,9.426,0.189,10.645096000000002,0,0
2024-07-03,0.02,18.45,58.06,1.9,14.62,Sao_Paulo,-23.5505,-46.6333,7,2024,3,Winter,1.1612,0.038,10.712069999999999,0,0
2024-07-04,0.03,20.12,55.29,1.35,8.86,Sao_Paulo,-23.5505,-46.6333,7,2024,4,Winter,1.6586999999999998,0.0405,11.124348,0,0
2024-07-05,0.01,19.78,52.9,1.63,13.32,Sao_Paulo,-23.5505,-46.6333,7,2024,5,Winter,0.529,0.0163,10.46362,0,0
2024-07-06,0.3,17.1,78.17,2.26,10.85,Sao_Paulo,-23.5505,-46.6333,7,2024,6,Winter,23.451,0.6779999999999999,13.367070000000002,0,0
2024-07-07,0.05,18.7,71.27,1.88,12.42,Sao_Paulo,-23.5505,-46.6333,7,2024,7,Winter,3.5635,0.094,13.32749,0,0
2024-07-08,4.49,15.67,83.99,1.82,5.59,Sao_Paulo,-23.5505,-46.6333,7,2024,8,Winter,377.1151,8.171800000000001,13.161233,0,0
2024-07-09,26.15,15.64,89.64,1.44,2.08,Sao_Paulo,-23.5505,-46.6333,7,2024,9,Winter,2344.086,37.656,14.019696,0,1
2024-07-10,2.69,15.78,87.72,1.94,7.89,Sao_Paulo,-23.5505,-46.6333,7,2024,10,Winter,235.9668,5.2185999999999995,13.842215999999999,0,0
2024-07-11,0.35,18.63,81.51,1.55,9.64,Sao_Paulo,-23.5505,-46.6333,7,2024,11,Winter,28.5285,0.5425,15.185313,0,0
2024-07-12,1.14,15.99,93.14,2.82,7.74,Sao_Paulo,-23.5505,-46.6333,7,2024,12,Winter,106.1796,3.2147999999999994,14.893086,0,0
2024-07-13,0.41,14.38,88.64,2.98,6.5,Sao_Paulo,-23.5505,-46.6333,7,2024,13,Winter,36.3424,1.2218,12.746432,0,0
2024-07-14,0.07,17.17,78.58,2.41,12.86,Sao_Paulo,-23.5505,-46.6333,7,2024,14,Winter,5.5006,0.16870000000000002,13.492186,0,0
2024-07-15,0.05,16.22,84.06,1.58,11.75,Sao_Paulo,-23.5505,-46.6333,7,2024,15,Winter,4.203,0.07900000000000001,13.634532,0,0
2024-07-16,0.03,17.52,81.46,1.61,11.55,Sao_Paulo,-23.5505,-46.6333,7,2024,16,Winter,2.4437999999999995,0.0483,14.271792,0,0
2024-07-17,0.05,18.2,71.12,1.19,14.02,Sao_Paulo,-23.5505,-46.6333,7,2024,17,Winter,3.5560000000000005,0.0595,12.94384,0,0
2024-07-18,0.03,17.91,67.96,1.61,14.41,Sao_Paulo,-23.5505,-46.6333,7,2024,18,Winter,2.0387999999999997,0.0483,12.171636,0,0
2024-07-19,0.04,16.09,74.87,1.43,15.22,Sao_Paulo,-23.5505,-46.6333,7,2024,19,Winter,2.9948,0.0572,12.046583,0,0
2024-07-20,0.05,14.77,75.54,1.97,15.06,Sao_Paulo,-23.5505,-46.6333,7,2024,20,Winter,3.7770000000000006,0.0985,11.157258,0,0
2024-07-21,0.06,16.52,72.79,1.53,16.07,Sao_Paulo,-23.5505,-46.6333,7,2024,21,Winter,4.3674,0.09179999999999999,12.024908000000002,0,0
2024-07-22,0.02,17.27,62.85,1.56,16.64,Sao_Paulo,-23.5505,-46.6333,7,2024,22,Winter,1.2570000000000001,0.031200000000000002,10.854195,0,0
2024-07-23,0.0,16.32,63.7,1.56,17.34,Sao_Paulo,-23.5505,-46.6333,7,2024,23,Winter,0.0,0.0,10.39584,0,0
2024-07-24,0.03,16.97,64.03,1.34,16.8,Sao_Paulo,-23.5505,-46.6333,7,2024,24,Winter,1.9209,0.0402,10.865891,0,0
2024-07-25,0.01,18.23,53.43,1.75,16.8,Sao_Paulo,-23.5505,-46.6333,7,2024,25,Winter,0.5343,0.0175,9.740289,0,0
2024-07-26,0.0,19.18,51.54,0.83,14.74,Sao_Paulo,-23.5505,-46.6333,7,2024,26,Winter,0.0,0.0,9.885371999999998,0,0
2024-07-27,0.01,19.07,54.29,1.02,11.69,Sao_Paulo,-23.5505,-46.6333,7,2024,27,Winter,0.5429,0.0102,10.353102999999999,0,0
2024-07-28,0.11,20.12,53.5,1.76,16.2,Sao_Paulo,-23.5505,-46.6333,7,2024,28,Winter,5.885,0.1936,10.7642,0,0
2024-07-29,0.62,19.02,63.22,2.68,13.49,Sao_Paulo,-23.5505,-46.6333,7,2024,29,Winter,39.1964,1.6616000000000002,12.024443999999999,0,0
2024-07-30,4.56,14.57,88.11,3.62,4.17,Sao_Paulo,-23.5505,-46.6333,7,2024,30,Winter,401.78159999999997,16.507199999999997,12.837627,0,0
2024-07-31,0.41,17.35,77.75,2.33,15.39,Sao_Paulo,-23.5505,-46.6333,7,2024,31,Winter,31.877499999999998,0.9552999999999999,13.489625,0,0
2024-08-01,0.02,18.32,72.77,1.77,15.67,Sao_Paulo,-23.5505,-46.6333,8,2024,1,Winter,1.4554,0.0354,13.331464,0,0
2024-08-02,0.02,18.84,64.99,1.57,17.08,Sao_Paulo,-23.5505,-46.6333,8,2024,2,Winter,1.2997999999999998,0.031400000000000004,12.244115999999998,0,0
2024-08-03,0.01,19.72,58.02,2.3,17.72,Sao_Paulo,-23.5505,-46.6333,8,2024,3,Winter,0.5802,0.023,11.441544,0,0
2024-08-04,0.02,20.9,58.67,2.14,16.01,Sao_Paulo,-23.5505,-46.6333,8,2024,4,Winter,1.1734,0.042800000000000005,12.26203,0,0
2024-08-05,0.01,21.66,55.86,1.86,16.74,Sao_Paulo,-23.5505,-46.6333,8,2024,5,Winter,0.5586,0.018600000000000002,12.099276,0,0
2024-08-06,0.01,21.67,52.8,1.36,16.18,Sao_Paulo,-23.5505,-46.6333,8,2024,6,Winter,0.528,0.013600000000000001,11.441760000000002,0,0
2024-08-07,0.0,21.59,48.01,2.84,17.17,Sao_Paulo,-23.5505,-46.6333,8,2024,7,Winter,0.0,0.0,10.365359,0,0
2024-08-08,0.02,22.17,45.55,2.53,15.39,Sao_Paulo,-23.5505,-46.6333,8,2024,8,Winter,0.9109999999999999,0.0506,10.098435,0,0
2024-08-09,19.06,17.99,82.35,1.62,1.67,Sao_Paulo,-23.5505,-46.6333,8,2024,9,Winter,1569.591,30.8772,14.814764999999998,0,0
2024-08-10,7.6,11.49,85.58,2.04,6.82,Sao_Paulo,-23.5505,-46.6333,8,2024,10,Winter,650.4079999999999,15.504,9.833142,0,0
2024-08-11,0.07,12.6,63.26,1.7,17.88,Sao_Paulo,-23.5505,-46.6333,8,2024,11,Winter,4.4282,0.11900000000000001,7.970759999999999,0,0
2024-08-12,0.04,12.25,59.23,2.68,19.78,Sao_Paulo,-23.5505,-46.6333,8,2024,12,Winter,2.3691999999999998,0.1072,7.255674999999999,0,0
2024-08-13,0.05,10.23,77.75,2.87,13.28,Sao_Paulo,-23.5505,-46.6333,8,2024,13,Winter,3.8875,0.14350000000000002,7.953825,0,0
2024-08-14,0.02,13.68,70.81,1.58,17.75,Sao_Paulo,-23.5505,-46.6333,8,2024,14,Winter,1.4162000000000001,0.0316,9.686808000000001,0,0
2024-08-15,0.02,19.22,50.79,1.41,19.47,Sao_Paulo,-23.5505,-46.6333,8,2024,15,Winter,1.0158,0.0282,9.761838,0,0
2024-08-16,0.0,23.05,35.02,1.01,18.67,Sao_Paulo,-23.5505,-46.6333,8,2024,16,Winter,0.0,0.0,8.07211,0,0
2024-08-17,0.0,22.82,41.2,1.01,18.06,Sao_Paulo,-23.5505,-46.6333,8,2024,17,Winter,0.0,0.0,9.401840000000002,0,0
2024-08-18,0.02,22.37,43.84,1.31,18.22,Sao_Paulo,-23.5505,-46.6333,8,2024,18,Winter,0.8768000000000001,0.0262,9.807008000000002,0,0
2024-08-19,0.01,22.76,41.78,1.67,19.45,Sao_Paulo,-23.5505,-46.6333,8,2024,19,Winter,0.4178,0.0167,9.509128,0,0
2024-08-20,0.0,22.7,49.19,2.12,18.63,Sao_Paulo,-23.5505,-46.6333,8,2024,20,Winter,0.0,0.0,11.166129999999999,0,0
2024-08-21,0.0,20.89,63.75,1.93,19.14,Sao_Paulo,-23.5505,-46.6333,8,2024,21,Winter,0.0,0.0,13.317375,0,0
2024-08-22,0.0,21.93,43.74,2.61,19.9,Sao_Paulo,-23.5505,-46.6333,8,2024,22,Winter,0.0,0.0,9.592182,0,0
2024-08-23,0.11,22.83,44.49,3.44,19.34,Sao_Paulo,-23.5505,-46.6333,8,2024,23,Winter,4.8939,0.3784,10.157067,0,0
2024-08-24,4.84,18.33,75.16,3.05,10.57,Sao_Paulo,-23.5505,-46.6333,8,2024,24,Winter,363.77439999999996,14.761999999999999,13.776827999999998,0,0
2024-08-25,2.23,12.92,81.05,2.45,2.53,Sao_Paulo,-23.5505,-46.6333,8,2024,25,Winter,180.7415,5.463500000000001,10.47166,0,0
2024-08-26,0.04,10.95,65.86,2.48,19.47,Sao_Paulo,-23.5505,-46.6333,8,2024,26,Winter,2.6344,0.0992,7.211669999999999,0,0
2024-08-27,0.03,11.23,67.81,3.19,22.59,Sao_Paulo,-23.5505,-46.6333,8,2024,27,Winter,2.0343,0.0957,7.615063000000001,0,0
2024-08-28,0.01,15.64,71.12,2.74,19.21,Sao_Paulo,-23.5505,-46.6333,8,2024,28,Winter,0.7112,0.027400000000000004,11.123168000000001,0,0
2024-08-29,0.05,19.1,69.07,1.39,19.72,Sao_Paulo,-23.5505,-46.6333,8,2024,29,Winter,3.4535,0.06949999999999999,13.19237,0,0
2024-08-30,0.01,21.46,54.58,1.14,21.43,Sao_Paulo,-23.5505,-46.6333,8,2024,30,Winter,0.5458,0.011399999999999999,11.712868,0,0
2024-08-31,0.02,21.13,50.86,1.24,20.89,Sao_Paulo,-23.5505,-46.6333,8,2024,31,Winter,1.0172,0.0248,10.746717999999998,0,0
2024-09-01,0.0,22.7,42.54,2.48,20.51,Sao_Paulo,-23.5505,-46.6333,9,2024,1,Spring,0.0,0.0,9.65658,0,0
2024-09-02,0.04,21.69,57.8,1.97,11.39,Sao_Paulo,-23.5505,-46.6333,9,2024,2,Spring,2.312,0.0788,12.53682,0,0
2024-09-03,0.01,22.31,59.0,1.56,15.8,Sao_Paulo,-23.5505,-46.6333,9,2024,3,Spring,0.59,0.015600000000000001,13.162899999999999,0,0
2024-09-04,0.0,24.15,39.88,1.53,18.71,Sao_Paulo,-23.5505,-46.6333,9,2024,4,Spring,0.0,0.0,9.631020000000001,0,0
2024-09-05,0.16,21.62,51.73,2.98,15.45,Sao_Paulo,-23.5505,-46.6333,9,2024,5,Spring,8.2768,0.4768,11.184026,0,0
2024-09-06,0.25,18.37,75.07,3.48,11.15,Sao_Paulo,-23.5505,-46.6333,9,2024,6,Spring,18.7675,0.87,13.790358999999999,0,0
2024-09-07,0.01,22.83,64.16,1.29,13.06,Sao_Paulo,-23.5505,-46.6333,9,2024,7,Spring,0.6416,0.0129,14.647727999999997,0,0
2024-09-08,0.02,25.2,50.42,1.56,12.21,Sao_Paulo,-23.5505,-46.6333,9,2024,8,Spring,1.0084,0.031200000000000002,12.705839999999998,0,0
2024-09-09,0.02,24.63,42.54,1.57,17.7,Sao_Paulo,-23.5505,-46.6333,9,2024,9,Spring,0.8508,0.031400000000000004,10.477602,0,0
2024-09-10,0.06,24.86,35.08,1.66,18.1,Sao_Paulo,-23.5505,-46.6333,9,2024,10,Spring,2.1048,0.0996,8.720888,0,0
2024-09-11,0.02,25.55,32.2,2.4,18.0,Sao_Paulo,-23.5505,-46.6333,9,2024,11,Spring,0.644,0.048,8.2271,0,0
2024-09-12,0.01,25.29,28.64,2.75,22.51,Sao_Paulo,-23.5505,-46.6333,9,2024,12,Spring,0.2864,0.0275,7.243055999999999,0,0
2024-09-13,0.0,24.74,32.14,2.46,20.26,Sao_Paulo,-23.5505,-46.6333,9,2024,13,Spring,0.0,0.0,7.951436,0,0
2024-09-14,0.11,25.03,42.49,3.31,15.76,Sao_Paulo,-23.5505,-46.6333,9,2024,14,Spring,4.673900000000001,0.36410000000000003,10.635247,0,0
2024-09-15,3.44,18.96,82.95,4.11,9.29,Sao_Paulo,-23.5505,-46.6333,9,2024,15,Spring,285.348,14.1384,15.72732,0,0
2024-09-16,7.96,16.47,90.51,3.02,4.22,Sao_Paulo,-23.5505,-46.6333,9,2024,16,Spring,720.4596,24.0392,14.906996999999999,0,0
2024-09-17,0.73,16.23,79.63,4.65,10.99,Sao_Paulo,-23.5505,-46.6333,9,2024,17,Spring,58.12989999999999,3.3945000000000003,12.923949,0,0
2024-09-18,0.13,17.86,78.35,2.8,11.38,Sao_Paulo,-23.5505,-46.6333,9,2024,18,Spring,10.1855,0.364,13.99331,0,0
2024-09-19,2.35,20.05,74.32,2.26,12.18,Sao_Paulo,-23.5505,-46.6333,9,2024,19,Spring,174.652,5.311,14.90116,0,0
2024-09-20,4.24,23.94,67.67,2.76,20.43,Sao_Paulo,-23.5505,-46.6333,9,2024,20,Spring,286.92080000000004,11.702399999999999,16.200198,0,0
2024-09-21,0.5,22.77,69.21,1.81,10.03,Sao_Paulo,-23.5505,-46.6333,9,2024,21,Spring,34.605,0.905,15.759116999999998,0,0
2024-09-22,0.0,23.35,65.35,1.72,19.95,Sao_Paulo,-23.5505,-46.6333,9,2024,22,Spring,0.0,0.0,15.259225,0,0
2024-09-23,0.02,24.12,55.93,1.57,21.84,Sao_Paulo,-23.5505,-46.6333,9,2024,23,Spring,1.1186,0.031400000000000004,13.490316000000002,0,0
2024-09-24,0.0,24.36,55.79,1.77,21.2,Sao_Paulo,-23.5505,-46.6333,9,2024,24,Spring,0.0,0.0,13.590443999999998,0,0
2024-09-25,0.0,25.85,48.35,1.57,22.77,Sao_Paulo,-23.5505,-46.6333,9,2024,25,Spring,0.0,0.0,12.498475000000001,0,0
2024-09-26,0.01,27.49,37.53,1.91,23.03,Sao_Paulo,-23.5505,-46.6333,9,2024,26,Spring,0.3753,0.0191,10.316997,0,0
2024-09-27,1.55,22.71,60.03,2.97,8.99,Sao_Paulo,-23.5505,-46.6333,9,2024,27,Spring,93.04650000000001,4.6035,13.632813000000002,0,0
2024-09-28,0.46,18.53,71.32,4.04,16.72,Sao_Paulo,-23.5505,-46.6333,9,2024,28,Spring,32.8072,1.8584,13.215596,0,0
2024-09-29,0.06,21.88,66.47,2.93,22.98,Sao_Paulo,-23.5505,-46.6333,9,2024,29,Spring,3.9882,0.1758,14.543635999999998,0,0
2024-09-30,0.03,24.27,59.14,2.0,23.33,Sao_Paulo,-23.5505,-46.6333,9,2024,30,Spring,1.7742,0.06,14.353278000000001,0,0
2024-10-01,0.0,27.33,38.66,2.45,21.92,Sao_Paulo,-23.5505,-46.6333,10,2024,1,Spring,0.0,0.0,10.565777999999998,0,0
2024-10-02,0.61,27.31,40.08,3.09,20.23,Sao_Paulo,-23.5505,-46.6333,10,2024,2,Spring,24.4488,1.8848999999999998,10.945848,0,0
2024-10-03,5.63,19.34,81.38,4.47,8.1,Sao_Paulo,-23.5505,-46.6333,10,2024,3,Spring,458.16939999999994,25.166099999999997,15.738892,0,0
2024-10-04,3.59,16.73,83.02,4.22,5.89,Sao_Paulo,-23.5505,-46.6333,10,2024,4,Spring,298.04179999999997,15.149799999999999,13.889246,0,0
2024-10-05,0.44,19.46,73.39,3.65,18.15,Sao_Paulo,-23.5505,-46.6333,10,2024,5,Spring,32.2916,1.6059999999999999,14.281694,0,0
2024-10-06,0.01,20.57,65.67,2.8,23.46,Sao_Paulo,-23.5505,-46.6333,10,2024,6,Spring,0.6567000000000001,0.027999999999999997,13.508319000000002,0,0
2024-10-07,0.01,20.19,63.11,3.74,23.46,Sao_Paulo,-23.5505,-46.6333,10,2024,7,Spring,0.6311,0.0374,12.741909000000001,0,0
2024-10-08,0.02,23.08,58.9,3.07,16.22,Sao_Paulo,-23.5505,-46.6333,10,2024,8,Spring,1.178,0.061399999999999996,13.594119999999998,0,0
2024-10-09,0.59,19.76,75.69,3.94,7.77,Sao_Paulo,-23.5505,-46.6333,10,2024,9,Spring,44.6571,2.3245999999999998,14.956344000000001,0,0
2024-10-10,7.1,19.94,82.83,2.1,9.28,Sao_Paulo,-23.5505,-46.6333,10,2024,10,Spring,588.093,14.91,16.516302000000003,0,0
2024-10-11,2.45,24.52,66.87,3.17,10.4,Sao_Paulo,-23.5505,-46.6333,10,2024,11,Spring,163.83150000000003,7.766500000000001,16.396524000000003,0,0
2024-10-12,2.84,23.07,68.08,3.36,16.95,Sao_Paulo,-23.5505,-46.6333,10,2024,12,Spring,193.3472,9.542399999999999,15.706055999999998,0,0
2024-10-13,0.39,20.33,73.74,4.11,21.01,Sao_Paulo,-23.5505,-46.6333,10,2024,13,Spring,28.758599999999998,1.6029000000000002,14.991341999999998,0,0
2024-10-14,0.14,20.1,74.08,4.17,18.07,Sao_Paulo,-23.5505,-46.6333,10,2024,14,Spring,10.3712,0.5838000000000001,14.890080000000001,0,0
2024-10-15,0.0,22.02,66.26,2.6,22.31,Sao_Paulo,-23.5505,-46.6333,10,2024,15,Spring,0.0,0.0,14.590452,0,0
2024-10-16,0.13,23.11,67.01,2.34,18.93,Sao_Paulo,-23.5505,-46.6333,10,2024,16,Spring,8.711300000000001,0.30419999999999997,15.486011,0,0
2024-10-17,0.02,22.86,66.33,2.72,23.53,Sao_Paulo,-23.5505,-46.6333,10,2024,17,Spring,1.3266,0.054400000000000004,15.163038,0,0
2024-10-18,0.34,22.44,66.2,2.67,18.07,Sao_Paulo,-23.5505,-46.6333,10,2024,18,Spring,22.508000000000003,0.9078,14.855280000000002,0,0
2024-10-19,11.79,18.43,81.94,3.64,5.57,Sao_Paulo,-23.5505,-46.6333,10,2024,19,Spring,966.0725999999999,42.9156,15.101542,0,0
2024-10-20,15.3,16.76,89.24,3.44,6.55,Sao_Paulo,-23.5505,-46.6333,10,2024,20,Spring,1365.372,52.632000000000005,14.956624000000001,0,0
2024-10-21,0.27,21.84,78.15,2.55,13.26,Sao_Paulo,-23.5505,-46.6333,10,2024,21,Spring,21.100500000000004,0.6885,17.067960000000003,0,0
2024-10-22,0.16,24.93,71.28,1.6,19.82,Sao_Paulo,-23.5505,-46.6333,10,2024,22,Spring,11.4048,0.256,17.770104,0,0
2024-10-23,16.99,24.88,76.47,1.34,13.81,Sao_Paulo,-23.5505,-46.6333,10,2024,23,Spring,1299.2252999999998,22.7666,19.025736,0,0
2024-10-24,22.86,24.0,83.09,3.71,16.84,Sao_Paulo,-23.5505,-46.6333,10,2024,24,Spring,1899.4374,84.8106,19.9416,0,1
2024-10-25,2.56,23.56,84.15,4.99,15.74,Sao_Paulo,-23.5505,-46.6333,10,2024,25,Spring,215.424,12.7744,19.82574,0,0
2024-10-26,0.55,23.23,80.37,3.1,16.06,Sao_Paulo,-23.5505,-46.6333,10,2024,26,Spring,44.203500000000005,1.7050000000000003,18.669951,0,0
2024-10-27,4.66,18.54,81.13,4.17,9.56,Sao_Paulo,-23.5505,-46.6333,10,2024,27,Spring,378.06579999999997,19.4322,15.041501999999998,0,0
2024-10-28,3.52,19.24,83.66,2.77,10.9,Sao_Paulo,-23.5505,-46.6333,10,2024,28,Spring,294.4832,9.7504,16.096183999999997,0,0
2024-10-29,0.05,20.93,79.09,2.77,14.14,Sao_Paulo,-23.5505,-46.6333,10,2024,29,Spring,3.9545000000000003,0.1385,16.553537000000002,0,0
2024-10-30,0.04,21.22,75.51,3.47,23.26,Sao_Paulo,-23.5505,-46.6333,10,2024,30,Spring,3.0204000000000004,0.1388,16.023222,0,0
2024-10-31,0.03,20.79,73.97,3.27,24.36,Sao_Paulo,-23.5505,-46.6333,10,2024,31,Spring,2.2191,0.09809999999999999,15.378363,0,0
2024-11-01,0.0,22.35,70.38,2.55,24.05,Sao_Paulo,-23.5505,-46.6333,11,2024,1,Spring,0.0,0.0,15.729930000000001,0,0
2024-11-02,25.73,22.49,77.9,1.55,14.93,Sao_Paulo,-23.5505,-46.6333,11,2024,2,Spring,2004.3670000000002,39.8815,17.51971,0,1
2024-11-03,21.97,20.83,90.98,1.48,7.45,Sao_Paulo,-23.5505,-46.6333,11,2024,3,Spring,1998.8306,32.5156,18.951134,0,1
2024-11-04,8.16,21.28,89.34,1.77,8.07,Sao_Paulo,-23.5505,-46.6333,11,2024,4,Spring,729.0144,14.443200000000001,19.011552000000002,0,0
2024-11-05,5.92,22.6,82.98,1.2,16.71,Sao_Paulo,-23.5505,-46.6333,11,2024,5,Spring,491.2416,7.104,18.753480000000003,0,0
2024-11-06,14.92,23.31,83.61,1.42,13.53,Sao_Paulo,-23.5505,-46.6333,11,2024,6,Spring,1247.4612,21.1864,19.489490999999997,0,0
2024-11-07,19.07,21.92,91.15,3.04,8.72,Sao_Paulo,-23.5505,-46.6333,11,2024,7,Spring,1738.2305000000001,57.9728,19.980080000000005,0,0
2024-11-08,13.54,21.27,87.91,3.55,6.68,Sao_Paulo,-23.5505,-46.6333,11,2024,8,Spring,1190.3013999999998,48.06699999999999,18.698457,0,0
2024-11-09,3.43,18.7,84.84,3.09,12.88,Sao_Paulo,-23.5505,-46.6333,11,2024,9,Spring,291.00120000000004,10.5987,15.86508,0,0
2024-11-10,0.06,18.96,79.68,2.82,24.71,Sao_Paulo,-23.5505,-46.6333,11,2024,10,Spring,4.7808,0.1692,15.107328000000003,0,0
2024-11-11,0.01,21.08,69.7,1.78,29.24,Sao_Paulo,-23.5505,-46.6333,11,2024,11,Spring,0.6970000000000001,0.0178,14.69276,0,0
2024-11-12,0.97,21.87,73.87,2.79,22.72,Sao_Paulo,-23.5505,-46.6333,11,2024,12,Spring,71.65390000000001,2.7063,16.155369,0,0
2024-11-13,2.19,17.62,83.39,3.38,11.21,Sao_Paulo,-23.5505,-46.6333,11,2024,13,Spring,182.6241,7.4022,14.693318,0,0
2024-11-14,0.02,18.79,78.75,3.12,12.8,Sao_Paulo,-23.5505,-46.6333,11,2024,14,Spring,1.575,0.062400000000000004,14.797125,0,0
2024-11-15,0.32,20.66,80.98,2.7,16.61,Sao_Paulo,-23.5505,-46.6333,11,2024,15,Spring,25.913600000000002,0.8640000000000001,16.730468000000002,0,0
2024-11-16,0.52,21.77,79.23,2.89,12.35,Sao_Paulo,-23.5505,-46.6333,11,2024,16,Spring,41.199600000000004,1.5028000000000001,17.248371,0,0
2024-11-17,0.05,22.46,74.46,1.65,20.29,Sao_Paulo,-23.5505,-46.6333,11,2024,17,Spring,3.723,0.0825,16.723716,0,0
2024-11-18,0.01,23.46,70.03,1.65,27.02,Sao_Paulo,-23.5505,-46.6333,11,2024,18,Spring,0.7003,0.0165,16.429038000000002,0,0
2024-11-19,0.04,22.57,70.69,2.49,26.89,Sao_Paulo,-23.5505,-46.6333,11,2024,19,Spring,2.8276,0.09960000000000001,15.954733,0,0
2024-11-20,0.11,24.52,66.5,2.17,23.87,Sao_Paulo,-23.5505,-46.6333,11,2024,20,Spring,7.315,0.2387,16.3058,0,0
2024-11-21,0.79,21.95,77.01,4.31,14.71,Sao_Paulo,-23.5505,-46.6333,11,2024,21,Spring,60.837900000000005,3.4049,16.903695,0,0
2024-11-22,0.5,20.78,77.06,4.23,9.92,Sao_Paulo,-23.5505,-46.6333,11,2024,22,Spring,38.53,2.115,16.013068,0,0
2024-11-23,0.51,20.52,75.12,4.31,19.41,Sao_Paulo,-23.5505,-46.6333,11,2024,23,Spring,38.3112,2.1980999999999997,15.414624000000002,0,0
2024-11-24,0.1,19.82,72.09,3.85,21.63,Sao_Paulo,-23.5505,-46.6333,11,2024,24,Spring,7.2090000000000005,0.385,14.288238,0,0
2024-11-25,0.0,22.28,66.31,2.05,28.5,Sao_Paulo,-23.5505,-46.6333,11,2024,25,Spring,0.0,0.0,14.773868000000002,0,0
2024-11-26,0.0,24.93,60.78,2.06,27.4,Sao_Paulo,-23.5505,-46.6333,11,2024,26,Spring,0.0,0.0,15.152454,0,0
2024-11-27,0.0,26.21,58.48,2.44,26.88,Sao_Paulo,-23.5505,-46.6333,11,2024,27,Spring,0.0,0.0,15.327608,0,0
2024-11-28,4.53,26.74,64.24,2.67,22.87,Sao_Paulo,-23.5505,-46.6333,11,2024,28,Spring,291.0072,12.0951,17.177775999999998,0,0
2024-11-29,3.25,24.61,81.43,2.56,13.14,Sao_Paulo,-23.5505,-46.6333,11,2024,29,Spring,264.64750000000004,8.32,20.039923,0,0
2024-11-30,0.23,25.24,75.77,2.54,17.66,Sao_Paulo,-23.5505,-46.6333,11,2024,30,Spring,17.4271,0.5842,19.124347999999998,0,0
2024-12-01,0.1,26.05,66.43,1.75,22.65,Sao_Paulo,-23.5505,-46.6333,12,2024,1,Summer,6.643000000000001,0.17500000000000002,17.305015000000004,0,0
2024-12-02,6.59,25.36,75.8,3.4,13.88,Sao_Paulo,-23.5505,-46.6333,12,2024,2,Summer,499.522,22.406,19.22288,0,0
2024-12-03,29.2,21.87,89.86,2.93,5.64,Sao_Paulo,-23.5505,-46.6333,12,2024,3,Summer,2623.912,85.556,19.652382,0,1
2024-12-04,0.96,19.26,86.38,4.34,9.32,Sao_Paulo,-23.5505,-46.6333,12,2024,4,Summer,82.92479999999999,4.166399999999999,16.636788,0,0
2024-12-05,2.59,22.64,82.12,2.0,14.49,Sao_Paulo,-23.5505,-46.6333,12,2024,5,Summer,212.6908,5.18,18.591968,0,0
2024-12-06,0.4,25.19,76.79,2.84,25.45,Sao_Paulo,-23.5505,-46.6333,12,2024,6,Summer,30.716000000000005,1.136,19.343401,0,0
2024-12-07,0.52,24.92,77.24,2.54,22.99,Sao_Paulo,-23.5505,-46.6333,12,2024,7,Summer,40.1648,1.3208,19.248208,0,0
2024-12-08,3.59,23.03,82.64,1.43,11.63,Sao_Paulo,-23.5505,-46.6333,12,2024,8,Summer,296.6776,5.133699999999999,19.031992000000002,0,0
2024-12-09,2.96,22.49,85.78,1.94,13.28,Sao_Paulo,-23.5505,-46.6333,12,2024,9,Summer,253.9088,5.7424,19.291922,0,0
2024-12-10,17.24,21.57,88.73,3.5,12.88,Sao_Paulo,-23.5505,-46.6333,12,2024,10,Summer,1529.7051999999999,60.339999999999996,19.139061,0,0
2024-12-11,1.21,20.28,79.74,3.77,20.75,Sao_Paulo,-23.5505,-46.6333,12,2024,11,Summer,96.48539999999998,4.5617,16.171272000000002,0,0
2024-12-12,0.05,20.62,75.53,2.8,25.15,Sao_Paulo,-23.5505,-46.6333,12,2024,12,Summer,3.7765000000000004,0.13999999999999999,15.574286,0,0
2024-12-13,0.05,21.13,77.15,1.7,18.64,Sao_Paulo,-23.5505,-46.6333,12,2024,13,Summer,3.8575000000000004,0.085,16.301795000000002,0,0
2024-12-14,2.07,21.6,81.93,3.83,11.97,Sao_Paulo,-23.5505,-46.6333,12,2024,14,Summer,169.5951,7.9281,17.69688,0,0
2024-12-15,2.65,23.85,75.04,4.45,20.45,Sao_Paulo,-23.5505,-46.6333,12,2024,15,Summer,198.85600000000002,11.7925,17.897040000000004,0,0
2024-12-16,0.05,23.42,64.31,3.77,25.16,Sao_Paulo,-23.5505,-46.6333,12,2024,16,Summer,3.2155000000000005,0.1885,15.061402000000001,0,0
2024-12-17,0.07,22.34,65.32,2.43,24.41,Sao_Paulo,-23.5505,-46.6333,12,2024,17,Summer,4.5724,0.17010000000000003,14.592487999999998,0,0
2024-12-18,0.06,21.78,71.28,2.74,23.83,Sao_Paulo,-23.5505,-46.6333,12,2024,18,Summer,4.2768,0.16440000000000002,15.524784,0,0
2024-12-19,0.07,24.42,66.94,1.85,25.79,Sao_Paulo,-23.5505,-46.6333,12,2024,19,Summer,4.6858,0.12950000000000003,16.346748,0,0
2024-12-20,15.22,24.43,76.82,3.65,16.64,Sao_Paulo,-23.5505,-46.6333,12,2024,20,Summer,1169.2004,55.553000000000004,18.767125999999998,0,0
2024-12-21,10.3,22.34,87.13,2.84,15.16,Sao_Paulo,-23.5505,-46.6333,12,2024,21,Summer,897.439,29.252,19.464841999999997,0,0
2024-12-22,4.78,23.11,84.76,1.55,17.75,Sao_Paulo,-23.5505,-46.6333,12,2024,22,Summer,405.15280000000007,7.409000000000001,19.588036,0,0
2024-12-23,3.92,21.89,82.95,3.95,15.12,Sao_Paulo,-23.5505,-46.6333,12,2024,23,Summer,325.164,15.484,18.157755,0,0
2024-12-24,0.3,22.21,78.42,3.21,21.38,Sao_Paulo,-23.5505,-46.6333,12,2024,24,Summer,23.526,0.963,17.417082,0,0
2024-12-25,4.62,24.27,74.98,1.76,22.76,Sao_Paulo,-23.5505,-46.6333,12,2024,25,Summer,346.4076,8.1312,18.197646,0,0
2024-12-26,39.17,23.12,86.94,1.37,7.92,Sao_Paulo,-23.5505,-46.6333,12,2024,26,Summer,3405.4398,53.66290000000001,20.100528,0,1
2024-12-27,10.26,22.56,88.03,2.51,10.75,Sao_Paulo,-23.5505,-46.6333,12,2024,27,Summer,903.1878,25.752599999999997,19.859568,0,0
2024-12-28,4.29,23.53,82.21,1.69,20.45,Sao_Paulo,-23.5505,-46.6333,12,2024,28,Summer,352.68089999999995,7.2501,19.344013,0,0
2024-12-29,3.68,22.65,80.97,2.86,20.79,Sao_Paulo,-23.5505,-46.6333,12,2024,29,Summer,297.9696,10.5248,18.339705,0,0
2024-12-30,1.27,22.04,79.88,2.33,21.59,Sao_Paulo,-23.5505,-46.6333,12,2024,30,Summer,101.4476,2.9591000000000003,17.605552,0,0
2024-12-31,1.75,22.72,77.72,1.57,23.15,Sao_Paulo,-23.5505,-46.6333,12,2024,31,Summer,136.01,2.7475,17.657984,0,0
2024-01-01,0.31,24.06,76.15,3.66,7.71,Rio_de_Janeiro,-22.9068,-43.1729,1,2024,1,Summer,23.6065,1.1346,18.32169,0,0
2024-01-02,7.39,24.65,79.31,3.6,16.35,Rio_de_Janeiro,-22.9068,-43.1729,1,2024,2,Summer,586.1009,26.604,19.549915,0,0
2024-01-03,34.6,25.27,89.81,2.37,13.58,Rio_de_Janeiro,-22.9068,-43.1729,1,2024,3,Summer,3107.4260000000004,82.00200000000001,22.694987,0,1
2024-01-04,26.4,24.73,92.36,2.52,12.92,Rio_de_Janeiro,-22.9068,-43.1729,1,2024,4,Summer,2438.3039999999996,66.52799999999999,22.840628,0,1
2024-01-05,3.68,24.73,86.72,3.41,19.69,Rio_de_Janeiro,-22.9068,-43.1729,1,2024,5,Summer,319.1296,12.548800000000002,21.445856,0,0
2024-01-06,1.52,24.92,83.39,2.44,20.35,Rio_de_Janeiro,-22.9068,-43.1729,1,2024,6,Summer,126.75280000000001,3.7088,20.780788,0,0
2024-01-07,0.09,25.32,79.33,2.12,24.25,Rio_de_Janeiro,-22.9068,-43.1729,1,2024,7,Summer,7.1396999999999995,0.1908,20.086356000000002,0,0
2024-01-08,0.24,26.4,83.78,2.08,25.57,Rio_de_Janeiro,-22.9068,-43.1729,1,2024,8,Summer,20.1072,0.4992,22.117919999999998,0,0
2024-01-09,0.08,26.91,80.76,1.25,23.61,Rio_de_Janeiro,-22.9068,-43.1729,1,2024,9,Summer,6.460800000000001,0.1,21.732516000000004,0,0
2024-01-10,0.94,27.91,78.7,1.48,24.74,Rio_de_Janeiro,-22.9068,-43.1729,1,2024,10,Summer,73.978,1.3912,21.96517,0,0
2024-01-11,51.38,28.53,75.73,1.63,22.87,Rio_de_Janeiro,-22.9068,-43.1729,1,2024,11,Summer,3891.0074000000004,83.7494,21.605769000000002,1,2
2024-01-12,36.15,27.14,85.08,1.95,18.35,Rio_de_Janeiro,-22.9068,-43.1729,1,2024,12,Summer,3075.642,70.49249999999999,23.090712,0,1
2024-01-13,18.58,25.57,91.89,2.72,12.81,Rio_de_Janeiro,-22.9068,-43.1729,1,2024,13,Summer,1707.3161999999998,50.5376,23.496273000000002,0,0
2024-01-14,8.65,25.8,88.01,2.55,15.07,Rio_de_Janeiro,-22.9068,-43.1729,1,2024,14,Summer,761.2865,22.0575,22.706580000000002,0,0
2024-01-15,1.31,28.15,81.48,1.75,22.41,Rio_de_Janeiro,-22.9068,-43.1729,1,2024,15,Summer,106.73880000000001,2.2925,22.93662,0,0
2024-01-16,0.18,28.29,79.56,2.01,28.17,Rio_de_Janeiro,-22.9068,-43.1729,1,2024,16,Summer,14.3208,0.36179999999999995,22.507524,0,0
2024-01-17,2.55,29.15,77.7,1.55,25.07,Rio_de_Janeiro,-22.9068,-43.1729,1,2024,17,Summer,198.135,3.9524999999999997,22.649549999999998,0,0
2024-01-18,3.77,27.6,86.94,1.69,22.53,Rio_de_Janeiro,-22.9068,-43.1729,1,2024,18,Summer,327.7638,6.3713,23.99544,0,0
2024-01-19,1.41,28.71,79.69,1.46,13.91,Rio_de_Janeiro,-22.9068,-43.1729,1,2024,19,Summer,112.3629,2.0585999999999998,22.878999,0,0
2024-01-20,4.76,28.67,78.06,1.36,21.58,Rio_de_Janeiro,-22.9068,-43.1729,1,2024,20,Summer,371.5656,6.4736,22.379802000000005,0,0
2024-01-21,28.0,26.85,85.0,3.45,17.72,Rio_de_Janeiro,-22.9068,-43.1729,1,2024,21,Summer,2380.0,96.60000000000001,22.8225,0,1
2024-01-22,5.04,25.57,83.61,3.81,17.93,Rio_de_Janeiro,-22.9068,-43.1729,1,2024,22,Summer,421.3944,19.2024,21.379077,0,0
2024-01-23,34.73,24.06,86.08,4.14,7.27,Rio_de_Janeiro,-22.9068,-43.1729,1,2024,23,Summer,2989.5584,143.7822,20.710848,0,1
2024-01-24,15.5,23.68,82.6,2.64,12.07,Rio_de_Janeiro,-22.9068,-43.1729,1,2024,24,Summer,1280.3,40.92,19.55968,0,0
2024-01-25,9.24,24.78,86.45,3.09,19.7,Rio_de_Janeiro,-22.9068,-43.1729,1,2024,25,Summer,798.798,28.5516,21.422310000000003,0,0
2024-01-26,6.17,24.79,86.56,2.76,19.45,Rio_de_Janeiro,-22.9068,-43.1729,1,2024,26,Summer,534.0752,17.0292,21.458224,0,0
2024-01-27,3.24,25.07,84.16,1.43,17.51,Rio_de_Janeiro,-22.9068,-43.1729,1,2024,27,Summer,272.6784,4.6332,21.098912000000002,0,0
2024-01-28,9.99,25.38,86.29,1.56,16.42,Rio_de_Janeiro,-22.9068,-43.1729,1,2024,28,Summer,862.0371000000001,15.5844,21.900402000000003,0,0
2024-01-29,0.44,25.88,79.7,1.91,25.41,Rio_de_Janeiro,-22.9068,-43.1729,1,2024,29,Summer,35.068000000000005,0.8403999999999999,20.626360000000002,0,0
2024-01-30,1.18,26.78,83.29,1.61,23.17,Rio_de_Janeiro,-22.9068,-43.1729,1,2024,30,Summer,98.2822,1.8998,22.305062000000003,0,0
2024-01-31,6.84,26.52,85.95,1.39,13.48,Rio_de_Janeiro,-22.9068,-43.1729,1,2024,31,Summer,587.898,9.507599999999998,22.79394,0,0
2024-02-01,2.58,25.86,84.58,1.71,20.96,Rio_de_Janeiro,-22.9068,-43.1729,2,2024,1,Summer,218.2164,4.4118,21.872388,0,0
2024-02-02,4.17,25.38,86.47,1.71,10.01,Rio_de_Janeiro,-22.9068,-43.1729,2,2024,2,Summer,360.5799,7.1307,21.946086,0,0
2024-02-03,1.27,25.75,85.27,1.83,21.76,Rio_de_Janeiro,-22.9068,-43.1729,2,2024,3,Summer,108.2929,2.3241,21.957025,0,0
2024-02-04,13.75,26.15,88.88,2.28,15.64,Rio_de_Janeiro,-22.9068,-43.1729,2,2024,4,Summer,1222.1,31.349999999999998,23.242119999999996,0,0
2024-02-05,2.92,26.7,83.15,1.66,21.64,Rio_de_Janeiro,-22.9068,-43.1729,2,2024,5,Summer,242.798,4.8472,22.20105,0,0
2024-02-06,1.07,26.57,82.83,1.69,22.06,Rio_de_Janeiro,-22.9068,-43.1729,2,2024,6,Summer,88.6281,1.8083,22.007931000000003,0,0
2024-02-07,1.91,26.76,82.93,1.61,21.87,Rio_de_Janeiro,-22.9068,-43.1729,2,2024,7,Summer,158.3963,3.0751,22.192068000000003,0,0
2024-02-08,3.68,26.93,81.93,2.51,22.33,Rio_de_Janeiro,-22.9068,-43.1729,2,2024,8,Summer,301.5024,9.236799999999999,22.063749,0,0
2024-02-09,1.89,27.28,81.59,3.02,24.63,Rio_de_Janeiro,-22.9068,-43.1729,2,2024,9,Summer,154.2051,5.7078,22.257752000000004,0,0
2024-02-10,0.19,26.4,81.16,3.72,25.14,Rio_de_Janeiro,-22.9068,-43.1729,2,2024,10,Summer,15.420399999999999,0.7068000000000001,21.42624,0,0
2024-02-11,0.33,26.65,80.62,3.08,24.0,Rio_de_Janeiro,-22.9068,-43.1729,2,2024,11,Summer,26.6046,1.0164,21.485229999999998,0,0
2024-02-12,0.34,27.31,73.25,2.24,25.93,Rio_de_Janeiro,-22.9068,-43.1729,2,2024,12,Summer,24.905,0.7616000000000002,20.004575,0,0
2024-02-13,0.65,27.62,76.52,1.4,23.07,Rio_de_Janeiro,-22.9068,-43.1729,2,2024,13,Summer,49.738,0.9099999999999999,21.134824000000002,0,0
2024-02-14,5.83,25.91,84.87,1.63,17.13,Rio_de_Janeiro,-22.9068,-43.1729,2,2024,14,Summer,494.7921,9.5029,21.989817,0,0
2024-02-15,20.86,25.42,88.21,1.99,4.76,Rio_de_Janeiro,-22.9068,-43.1729,2,2024,15,Summer,1840.0605999999998,41.5114,22.422981999999998,0,1
2024-02-16,1.38,24.92,87.38,3.87,18.17,Rio_de_Janeiro,-22.9068,-43.1729,2,2024,16,Summer,120.58439999999999,5.340599999999999,21.775095999999998,0,0
2024-02-17,1.2,25.33,86.03,3.02,23.8,Rio_de_Janeiro,-22.9068,-43.1729,2,2024,17,Summer,103.236,3.6239999999999997,21.791399,0,0
2024-02-18,2.38,25.66,86.28,2.34,19.3,Rio_de_Janeiro,-22.9068,-43.1729,2,2024,18,Summer,205.3464,5.5691999999999995,22.139448,0,0
2024-02-19,4.86,25.72,81.98,1.59,20.38,Rio_de_Janeiro,-22.9068,-43.1729,2,2024,19,Summer,398.42280000000005,7.727400000000001,21.085256,0,0
2024-02-20,6.17,25.8,87.13,1.67,8.3,Rio_de_Janeiro,-22.9068,-43.1729,2,2024,20,Summer,537.5921,10.303899999999999,22.47954,0,0
2024-02-21,11.47,26.19,88.84,1.61,14.93,Rio_de_Janeiro,-22.9068,-43.1729,2,2024,21,Summer,1018.9948,18.466700000000003,23.267196000000002,0,0
2024-02-22,16.39,26.5,88.25,2.48,11.82,Rio_de_Janeiro,-22.9068,-43.1729,2,2024,22,Summer,1446.4175,40.6472,23.38625,0,0
2024-02-23,1.01,27.32,85.33,2.06,14.16,Rio_de_Janeiro,-22.9068,-43.1729,2,2024,23,Summer,86.1833,2.0806,23.312155999999998,0,0
2024-02-24,1.56,27.61,83.92,1.73,21.3,Rio_de_Janeiro,-22.9068,-43.1729,2,2024,24,Summer,130.9152,2.6988,23.170312000000003,0,0
2024-02-25,2.39,27.05,90.28,2.16,20.74,Rio_de_Janeiro,-22.9068,-43.1729,2,2024,25,Summer,215.7692,5.162400000000001,24.420740000000002,0,0
2024-02-26,3.22,26.4,85.58,2.39,18.37,Rio_de_Janeiro,-22.9068,-43.1729,2,2024,26,Summer,275.5676,7.695800000000001,22.59312,0,0
2024-02-27,1.68,26.65,84.07,3.0,23.3,Rio_de_Janeiro,-22.9068,-43.1729,2,2024,27,Summer,141.2376,5.04,22.404654999999995,0,0
2024-02-28,0.55,27.39,82.73,2.3,18.56,Rio_de_Janeiro,-22.9068,-43.1729,2,2024,28,Summer,45.50150000000001,1.265,22.659747000000003,0,0
2024-02-29,3.03,26.8,90.12,1.64,19.09,Rio_de_Janeiro,-22.9068,-43.1729,2,2024,29,Summer,273.0636,4.969199999999999,24.152160000000002,0,0
2024-03-01,7.87,26.54,87.58,2.27,17.5,Rio_de_Janeiro,-22.9068,-43.1729,3,2024,1,Autumn,689.2546,17.8649,23.243732,0,0
2024-03-02,2.13,25.08,78.16,2.62,21.88,Rio_de_Janeiro,-22.9068,-43.1729,3,2024,2,Autumn,166.4808,5.5806,19.602527999999996,0,0
2024-03-03,0.27,25.23,75.47,2.99,25.44,Rio_de_Janeiro,-22.9068,-43.1729,3,2024,3,Autumn,20.376900000000003,0.8073000000000001,19.041081000000002,0,0
2024-03-04,0.12,25.71,80.13,2.98,26.44,Rio_de_Janeiro,-22.9068,-43.1729,3,2024,4,Autumn,9.615599999999999,0.3576,20.601422999999997,0,0
2024-03-05,10.29,26.58,83.31,1.68,24.43,Rio_de_Janeiro,-22.9068,-43.1729,3,2024,5,Autumn,857.2598999999999,17.2872,22.143798,0,0
2024-03-06,12.53,25.88,88.24,1.87,13.67,Rio_de_Janeiro,-22.9068,-43.1729,3,2024,6,Autumn,1105.6471999999999,23.4311,22.836512,0,0
2024-03-07,11.6,25.71,89.77,3.46,14.41,Rio_de_Janeiro,-22.9068,-43.1729,3,2024,7,Autumn,1041.3319999999999,40.135999999999996,23.079867,0,0
2024-03-08,5.09,25.52,88.66,3.76,18.06,Rio_de_Janeiro,-22.9068,-43.1729,3,2024,8,Autumn,451.27939999999995,19.138399999999997,22.626032,0,0
2024-03-09,17.74,26.3,89.91,2.62,17.1,Rio_de_Janeiro,-22.9068,-43.1729,3,2024,9,Autumn,1595.0033999999998,46.4788,23.646330000000003,0,0
2024-03-10,3.81,26.23,89.97,2.74,13.22,Rio_de_Janeiro,-22.9068,-43.1729,3,2024,10,Autumn,342.7857,10.439400000000001,23.599131,0,0
2024-03-11,5.25,25.34,88.71,3.02,19.05,Rio_de_Janeiro,-22.9068,-43.1729,3,2024,11,Autumn,465.72749999999996,15.855,22.479113999999996,0,0
2024-03-12,0.04,24.71,83.31,2.15,14.46,Rio_de_Janeiro,-22.9068,-43.1729,3,2024,12,Autumn,3.3324000000000003,0.086,20.585901000000003,0,0
2024-03-13,0.01,24.24,80.09,2.09,17.65,Rio_de_Janeiro,-22.9068,-43.1729,3,2024,13,Autumn,0.8009000000000001,0.0209,19.413816,0,0
2024-03-14,0.02,24.87,83.9,1.95,23.75,Rio_de_Janeiro,-22.9068,-43.1729,3,2024,14,Autumn,1.6780000000000002,0.039,20.865930000000002,0,0
2024-03-15,0.07,26.01,85.97,1.91,24.23,Rio_de_Janeiro,-22.9068,-43.1729,3,2024,15,Autumn,6.017900000000001,0.1337,22.360797,0,0
2024-03-16,0.16,27.23,81.97,2.11,23.1,Rio_de_Janeiro,-22.9068,-43.1729,3,2024,16,Autumn,13.1152,0.3376,22.320431,0,0
2024-03-17,0.07,27.79,81.0,1.58,23.58,Rio_de_Janeiro,-22.9068,-43.1729,3,2024,17,Autumn,5.670000000000001,0.11060000000000002,22.509900000000002,0,0
2024-03-18,6.29,27.34,86.76,1.16,20.26,Rio_de_Janeiro,-22.9068,-43.1729,3,2024,18,Autumn,545.7204,7.296399999999999,23.720184,0,0
2024-03-19,2.08,27.17,86.46,0.94,19.01,Rio_de_Janeiro,-22.9068,-43.1729,3,2024,19,Autumn,179.83679999999998,1.9552,23.491182,0,0
2024-03-20,1.46,27.13,85.66,1.76,18.64,Rio_de_Janeiro,-22.9068,-43.1729,3,2024,20,Autumn,125.0636,2.5696,23.239557999999995,0,0
2024-03-21,0.75,28.82,77.6,1.92,21.23,Rio_de_Janeiro,-22.9068,-43.1729,3,2024,21,Autumn,58.199999999999996,1.44,22.36432,0,0
2024-03-22,17.12,25.99,91.68,4.27,6.65,Rio_de_Janeiro,-22.9068,-43.1729,3,2024,22,Autumn,1569.5616000000002,73.1024,23.827632,0,0
2024-03-23,11.95,23.68,86.45,4.97,8.64,Rio_de_Janeiro,-22.9068,-43.1729,3,2024,23,Autumn,1033.0774999999999,59.39149999999999,20.47136,0,0
2024-03-24,16.5,23.92,88.22,2.9,8.16,Rio_de_Janeiro,-22.9068,-43.1729,3,2024,24,Autumn,1455.6299999999999,47.85,21.102224,0,0
2024-03-25,3.85,24.9,85.6,2.76,13.62,Rio_de_Janeiro,-22.9068,-43.1729,3,2024,25,Autumn,329.56,10.626,21.3144,0,0
2024-03-26,11.2,24.24,86.6,2.03,7.65,Rio_de_Janeiro,-22.9068,-43.1729,3,2024,26,Autumn,969.9199999999998,22.735999999999997,20.99184,0,0
2024-03-27,4.15,23.69,87.42,2.04,7.53,Rio_de_Janeiro,-22.9068,-43.1729,3,2024,27,Autumn,362.79300000000006,8.466000000000001,20.709798,0,0
2024-03-28,4.53,23.77,90.48,3.52,5.63,Rio_de_Janeiro,-22.9068,-43.1729,3,2024,28,Autumn,409.87440000000004,15.9456,21.507096,0,0
2024-03-29,16.45,24.99,91.8,3.45,9.26,Rio_de_Janeiro,-22.9068,-43.1729,3,2024,29,Autumn,1510.11,56.7525,22.940819999999995,0,0
2024-03-30,23.09,24.63,91.91,2.69,12.9,Rio_de_Janeiro,-22.9068,-43.1729,3,2024,30,Autumn,2122.2019,62.1121,22.637432999999998,0,1
2024-03-31,0.31,24.24,88.83,2.52,22.34,Rio_de_Janeiro,-22.9068,-43.1729,3,2024,31,Autumn,27.5373,0.7812,21.532391999999998,0,0
2024-04-01,0.07,23.64,84.46,2.11,21.09,Rio_de_Janeiro,-22.9068,-43.1729,4,2024,1,Autumn,5.9122,0.1477,19.966344,0,0
2024-04-02,0.33,24.51,81.97,1.61,15.53,Rio_de_Janeiro,-22.9068,-43.1729,4,2024,2,Autumn,27.0501,0.5313000000000001,20.090847,0,0
2024-04-03,0.02,24.6,85.34,1.21,21.47,Rio_de_Janeiro,-22.9068,-43.1729,4,2024,3,Autumn,1.7068,0.0242,20.993640000000003,0,0
2024-04-04,0.05,24.72,83.02,1.52,20.42,Rio_de_Janeiro,-22.9068,-43.1729,4,2024,4,Autumn,4.151,0.07600000000000001,20.522543999999996,0,0
2024-04-05,0.11,24.63,84.26,1.63,21.93,Rio_de_Janeiro,-22.9068,-43.1729,4,2024,5,Autumn,9.268600000000001,0.1793,20.753238,0,0
2024-04-06,0.07,24.57,81.77,1.76,19.78,Rio_de_Janeiro,-22.9068,-43.1729,4,2024,6,Autumn,5.7239,0.12320000000000002,20.090889,0,0
2024-04-07,0.2,24.59,84.03,2.91,19.41,Rio_de_Janeiro,-22.9068,-43.1729,4,2024,7,Autumn,16.806,0.5820000000000001,20.662977,0,0
2024-04-08,0.01,24.99,84.76,2.14,17.87,Rio_de_Janeiro,-22.9068,-43.1729,4,2024,8,Autumn,0.8476,0.021400000000000002,21.181524,0,0
2024-04-09,0.18,25.29,82.78,1.44,15.26,Rio_de_Janeiro,-22.9068,-43.1729,4,2024,9,Autumn,14.9004,0.2592,20.935062,0,0
2024-04-10,0.12,25.11,83.84,1.37,19.95,Rio_de_Janeiro,-22.9068,-43.1729,4,2024,10,Autumn,10.0608,0.16440000000000002,21.052224,0,0
2024-04-11,0.46,25.1,85.88,1.46,18.29,Rio_de_Janeiro,-22.9068,-43.1729,4,2024,11,Autumn,39.5048,0.6716,21.555880000000002,0,0
2024-04-12,1.13,24.91,86.91,1.57,15.89,Rio_de_Janeiro,-22.9068,-43.1729,4,2024,12,Autumn,98.20829999999998,1.7741,21.649281,0,0
2024-04-13,0.13,24.79,83.55,2.68,15.96,Rio_de_Janeiro,-22.9068,-43.1729,4,2024,13,Autumn,10.8615,0.34840000000000004,20.712045,0,0
2024-04-14,0.22,24.43,85.7,3.38,14.49,Rio_de_Janeiro,-22.9068,-43.1729,4,2024,14,Autumn,18.854,0.7435999999999999,20.93651,0,0
2024-04-15,0.15,24.89,83.83,3.38,15.98,Rio_de_Janeiro,-22.9068,-43.1729,4,2024,15,Autumn,12.574499999999999,0.507,20.865287,0,0
2024-04-16,0.06,25.17,82.08,3.23,18.24,Rio_de_Janeiro,-22.9068,-43.1729,4,2024,16,Autumn,4.924799999999999,0.1938,20.659536,0,0
2024-04-17,0.05,25.85,76.88,1.68,17.06,Rio_de_Janeiro,-22.9068,-43.1729,4,2024,17,Autumn,3.844,0.084,19.87348,0,0
2024-04-18,10.68,22.98,85.18,3.73,6.93,Rio_de_Janeiro,-22.9068,-43.1729,4,2024,18,Autumn,909.7224,39.8364,19.574364000000003,0,0
2024-04-19,0.12,22.15,73.76,2.87,9.64,Rio_de_Janeiro,-22.9068,-43.1729,4,2024,19,Autumn,8.8512,0.3444,16.33784,0,0
2024-04-20,0.08,21.97,75.5,1.54,15.7,Rio_de_Janeiro,-22.9068,-43.1729,4,2024,20,Autumn,6.04,0.1232,16.58735,0,0
2024-04-21,0.04,21.86,82.17,1.78,18.97,Rio_de_Janeiro,-22.9068,-43.1729,4,2024,21,Autumn,3.2868,0.0712,17.962362,0,0
2024-04-22,0.1,22.69,81.28,1.76,20.51,Rio_de_Janeiro,-22.9068,-43.1729,4,2024,22,Autumn,8.128,0.17600000000000002,18.442432,0,0
2024-04-23,0.09,23.99,78.92,1.46,19.29,Rio_de_Janeiro,-22.9068,-43.1729,4,2024,23,Autumn,7.1028,0.1314,18.932907999999998,0,0
2024-04-24,0.11,24.34,74.32,1.81,19.72,Rio_de_Janeiro,-22.9068,-43.1729,4,2024,24,Autumn,8.175199999999998,0.1991,18.089488,0,0
2024-04-25,0.23,23.6,89.62,2.08,14.54,Rio_de_Janeiro,-22.9068,-43.1729,4,2024,25,Autumn,20.6126,0.47840000000000005,21.15032,0,0
2024-04-26,0.1,23.4,83.06,2.67,11.01,Rio_de_Janeiro,-22.9068,-43.1729,4,2024,26,Autumn,8.306000000000001,0.267,19.43604,0,0
2024-04-27,0.05,24.23,77.94,2.11,17.77,Rio_de_Janeiro,-22.9068,-43.1729,4,2024,27,Autumn,3.8970000000000002,0.1055,18.884862,0,0
2024-04-28,0.09,25.39,72.85,1.97,19.25,Rio_de_Janeiro,-22.9068,-43.1729,4,2024,28,Autumn,6.556499999999999,0.17729999999999999,18.496615,0,0
2024-04-29,0.14,24.67,87.38,1.71,18.2,Rio_de_Janeiro,-22.9068,-43.1729,4,2024,29,Autumn,12.2332,0.23940000000000003,21.556646,0,0
2024-04-30,0.0,25.34,79.46,1.65,19.04,Rio_de_Janeiro,-22.9068,-43.1729,4,2024,30,Autumn,0.0,0.0,20.135164,0,0
2024-05-01,0.0,25.46,75.55,1.69,18.11,Rio_de_Janeiro,-22.9068,-43.1729,5,2024,1,Autumn,0.0,0.0,19.23503,0,0
2024-05-02,0.08,26.65,67.29,1.73,18.96,Rio_de_Janeiro,-22.9068,-43.1729,5,2024,2,Autumn,5.3832,0.1384,17.932785,0,0
2024-05-03,0.06,25.28,74.47,1.76,18.36,Rio_de_Janeiro,-22.9068,-43.1729,5,2024,3,Autumn,4.4681999999999995,0.1056,18.826016000000003,0,0
2024-05-04,0.0,25.11,77.34,1.74,19.04,Rio_de_Janeiro,-22.9068,-43.1729,5,2024,4,Autumn,0.0,0.0,19.420074000000003,0,0
2024-05-05,0.07,24.58,76.83,2.56,19.18,Rio_de_Janeiro,-22.9068,-43.1729,5,2024,5,Autumn,5.378100000000001,0.17920000000000003,18.884814,0,0
2024-05-06,0.11,24.74,79.55,2.63,16.36,Rio_de_Janeiro,-22.9068,-43.1729,5,2024,6,Autumn,8.7505,0.2893,19.68067,0,0
2024-05-07,0.07,25.4,73.18,2.21,16.66,Rio_de_Janeiro,-22.9068,-43.1729,5,2024,7,Autumn,5.122600000000001,0.1547,18.58772,0,0
2024-05-08,0.08,25.51,77.32,2.64,17.47,Rio_de_Janeiro,-22.9068,-43.1729,5,2024,8,Autumn,6.1856,0.21120000000000003,19.724331999999997,0,0
2024-05-09,0.01,25.9,72.2,1.92,16.24,Rio_de_Janeiro,-22.9068,-43.1729,5,2024,9,Autumn,0.7220000000000001,0.0192,18.6998,0,0
2024-05-10,0.74,24.23,89.31,1.86,15.7,Rio_de_Janeiro,-22.9068,-43.1729,5,2024,10,Autumn,66.0894,1.3764,21.639813,0,0
2024-05-11,0.06,25.85,74.48,1.44,17.23,Rio_de_Janeiro,-22.9068,-43.1729,5,2024,11,Autumn,4.4688,0.08639999999999999,19.25308,0,0
2024-05-12,0.09,26.1,67.39,1.98,16.44,Rio_de_Janeiro,-22.9068,-43.1729,5,2024,12,Autumn,6.0651,0.1782,17.588790000000003,0,0
2024-05-13,0.0,26.62,64.38,2.1,17.91,Rio_de_Janeiro,-22.9068,-43.1729,5,2024,13,Autumn,0.0,0.0,17.137956,0,0
2024-05-14,0.3,24.17,83.53,2.83,15.68,Rio_de_Janeiro,-22.9068,-43.1729,5,2024,14,Autumn,25.059,0.849,20.189201000000004,0,0
2024-05-15,0.32,22.77,81.58,3.18,8.85,Rio_de_Janeiro,-22.9068,-43.1729,5,2024,15,Autumn,26.1056,1.0176,18.575765999999998,0,0
2024-05-16,0.32,23.82,80.81,1.96,11.99,Rio_de_Janeiro,-22.9068,-43.1729,5,2024,16,Autumn,25.8592,0.6272,19.248942,0,0
2024-05-17,0.11,26.9,68.58,2.02,16.85,Rio_de_Janeiro,-22.9068,-43.1729,5,2024,17,Autumn,7.5438,0.2222,18.44802,0,0
2024-05-18,0.05,24.83,79.74,2.45,16.51,Rio_de_Janeiro,-22.9068,-43.1729,5,2024,18,Autumn,3.987,0.12250000000000001,19.799442,0,0
2024-05-19,0.13,24.38,85.98,1.59,13.73,Rio_de_Janeiro,-22.9068,-43.1729,5,2024,19,Autumn,11.1774,0.20670000000000002,20.961924,0,0
2024-05-20,0.58,24.77,81.25,2.14,15.7,Rio_de_Janeiro,-22.9068,-43.1729,5,2024,20,Autumn,47.125,1.2412,20.125625,0,0
2024-05-21,1.06,23.11,84.59,2.66,7.96,Rio_de_Janeiro,-22.9068,-43.1729,5,2024,21,Autumn,89.6654,2.8196000000000003,19.548749,0,0
2024-05-22,0.14,24.1,80.04,2.98,15.02,Rio_de_Janeiro,-22.9068,-43.1729,5,2024,22,Autumn,11.205600000000002,0.4172,19.289640000000002,0,0
2024-05-23,0.16,25.1,75.48,2.49,16.35,Rio_de_Janeiro,-22.9068,-43.1729,5,2024,23,Autumn,12.0768,0.39840000000000003,18.945480000000003,0,0
2024-05-24,0.12,24.93,71.46,2.57,15.19,Rio_de_Janeiro,-22.9068,-43.1729,5,2024,24,Autumn,8.575199999999999,0.30839999999999995,17.814977999999996,0,0
2024-05-25,1.97,23.36,79.94,3.58,8.52,Rio_de_Janeiro,-22.9068,-43.1729,5,2024,25,Autumn,157.4818,7.0526,18.673984,0,0
2024-05-26,37.4,21.62,85.85,2.86,2.47,Rio_de_Janeiro,-22.9068,-43.1729,5,2024,26,Autumn,3210.7899999999995,106.96399999999998,18.560769999999998,0,1
2024-05-27,4.3,22.47,87.38,3.0,4.93,Rio_de_Janeiro,-22.9068,-43.1729,5,2024,27,Autumn,375.734,12.899999999999999,19.634285999999996,0,0
2024-05-28,0.59,23.42,84.96,2.58,14.04,Rio_de_Janeiro,-22.9068,-43.1729,5,2024,28,Autumn,50.1264,1.5222,19.897631999999998,0,0
2024-05-29,0.34,21.42,78.23,4.72,9.56,Rio_de_Janeiro,-22.9068,-43.1729,5,2024,29,Autumn,26.598200000000002,1.6048,16.756866000000002,0,0
2024-05-30,0.14,20.59,77.15,4.59,14.53,Rio_de_Janeiro,-22.9068,-43.1729,5,2024,30,Autumn,10.801000000000002,0.6426000000000001,15.885185000000002,0,0
2024-05-31,0.07,20.94,76.9,2.8,13.46,Rio_de_Janeiro,-22.9068,-43.1729,5,2024,31,Autumn,5.383000000000001,0.196,16.10286,0,0
2024-06-01,0.04,22.02,71.64,2.84,13.36,Rio_de_Janeiro,-22.9068,-43.1729,6,2024,1,Winter,2.8656,0.11359999999999999,15.775128,0,0
2024-06-02,0.01,22.04,78.64,2.97,14.08,Rio_de_Janeiro,-22.9068,-43.1729,6,2024,2,Winter,0.7864,0.029700000000000004,17.332255999999997,0,0
2024-06-03,0.0,23.12,73.68,1.94,15.09,Rio_de_Janeiro,-22.9068,-43.1729,6,2024,3,Winter,0.0,0.0,17.034816000000003,0,0
2024-06-04,2.87,22.12,83.69,3.51,9.63,Rio_de_Janeiro,-22.9068,-43.1729,6,2024,4,Winter,240.1903,10.0737,18.512228,0,0
2024-06-05,2.32,21.88,76.87,2.52,9.31,Rio_de_Janeiro,-22.9068,-43.1729,6,2024,5,Winter,178.3384,5.8464,16.819156,0,0
2024-06-06,0.24,22.18,79.67,1.97,13.72,Rio_de_Janeiro,-22.9068,-43.1729,6,2024,6,Winter,19.1208,0.4728,17.670806,0,0
2024-06-07,0.02,22.61,81.32,1.65,15.59,Rio_de_Janeiro,-22.9068,-43.1729,6,2024,7,Winter,1.6263999999999998,0.033,18.386452,0,0
2024-06-08,0.23,22.41,83.18,2.14,15.77,Rio_de_Janeiro,-22.9068,-43.1729,6,2024,8,Winter,19.131400000000003,0.4922,18.640638000000003,0,0
2024-06-09,0.22,22.69,80.33,2.58,12.47,Rio_de_Janeiro,-22.9068,-43.1729,6,2024,9,Winter,17.6726,0.5676,18.226877,0,0
2024-06-10,0.06,23.47,71.16,2.1,15.98,Rio_de_Janeiro,-22.9068,-43.1729,6,2024,10,Winter,4.2696,0.126,16.701252,0,0
2024-06-11,0.14,23.47,71.57,2.07,16.18,Rio_de_Janeiro,-22.9068,-43.1729,6,2024,11,Winter,10.0198,0.2898,16.797478999999996,0,0
2024-06-12,0.14,22.48,75.66,2.28,16.36,Rio_de_Janeiro,-22.9068,-43.1729,6,2024,12,Winter,10.592400000000001,0.3192,17.008367999999997,0,0
2024-06-13,0.11,22.46,75.76,2.64,16.29,Rio_de_Janeiro,-22.9068,-43.1729,6,2024,13,Winter,8.3336,0.2904,17.015696000000002,0,0
2024-06-14,0.0,23.23,69.44,2.81,16.09,Rio_de_Janeiro,-22.9068,-43.1729,6,2024,14,Winter,0.0,0.0,16.130912000000002,0,0
2024-06-15,0.0,23.63,64.55,2.51,16.18,Rio_de_Janeiro,-22.9068,-43.1729,6,2024,15,Winter,0.0,0.0,15.253165,0,0
2024-06-16,0.2,23.64,70.16,2.45,16.05,Rio_de_Janeiro,-22.9068,-43.1729,6,2024,16,Winter,14.032,0.49000000000000005,16.585824,0,0
2024-06-17,0.2,23.5,67.17,2.58,16.01,Rio_de_Janeiro,-22.9068,-43.1729,6,2024,17,Winter,13.434000000000001,0.516,15.784949999999998,0,0
2024-06-18,0.45,23.54,67.34,2.47,15.82,Rio_de_Janeiro,-22.9068,-43.1729,6,2024,18,Winter,30.303,1.1115000000000002,15.851835999999999,0,0
2024-06-19,0.03,23.78,71.11,2.05,15.85,Rio_de_Janeiro,-22.9068,-43.1729,6,2024,19,Winter,2.1332999999999998,0.06149999999999999,16.909958,0,0
2024-06-20,0.28,23.01,76.5,1.9,16.06,Rio_de_Janeiro,-22.9068,-43.1729,6,2024,20,Winter,21.42,0.532,17.60265,0,0
2024-06-21,0.29,22.86,76.12,1.95,15.39,Rio_de_Janeiro,-22.9068,-43.1729,6,2024,21,Winter,22.0748,0.5655,17.401032,0,0
2024-06-22,0.21,23.36,76.41,2.88,14.88,Rio_de_Janeiro,-22.9068,-43.1729,6,2024,22,Winter,16.0461,0.6048,17.849376,0,0
2024-06-23,0.1,24.66,68.41,2.68,14.36,Rio_de_Janeiro,-22.9068,-43.1729,6,2024,23,Winter,6.841,0.268,16.869905999999997,0,0
2024-06-24,0.01,25.02,62.76,2.33,15.15,Rio_de_Janeiro,-22.9068,-43.1729,6,2024,24,Winter,0.6276,0.0233,15.702551999999999,0,0
2024-06-25,0.0,23.12,84.73,3.08,11.53,Rio_de_Janeiro,-22.9068,-43.1729,6,2024,25,Winter,0.0,0.0,19.589576,0,0
2024-06-26,0.0,24.85,76.72,1.93,13.56,Rio_de_Janeiro,-22.9068,-43.1729,6,2024,26,Winter,0.0,0.0,19.06492,0,0
2024-06-27,0.02,23.21,80.84,3.06,10.1,Rio_de_Janeiro,-22.9068,-43.1729,6,2024,27,Winter,1.6168,0.061200000000000004,18.762964,0,0
2024-06-28,0.01,24.32,76.02,1.92,11.99,Rio_de_Janeiro,-22.9068,-43.1729,6,2024,28,Winter,0.7602,0.0192,18.488064,0,0
2024-06-29,3.58,23.36,75.61,3.75,12.19,Rio_de_Janeiro,-22.9068,-43.1729,6,2024,29,Winter,270.6838,13.425,17.662496,0,0
2024-06-30,44.13,19.88,83.55,3.62,2.59,Rio_de_Janeiro,-22.9068,-43.1729,6,2024,30,Winter,3687.0615000000003,159.75060000000002,16.60974,1,1
2024-07-01,10.16,19.68,82.37,1.86,2.23,Rio_de_Janeiro,-22.9068,-43.1729,7,2024,1,Winter,836.8792000000001,18.8976,16.210416000000002,0,0
2024-07-02,1.0,21.26,84.06,2.2,9.84,Rio_de_Janeiro,-22.9068,-43.1729,7,2024,2,Winter,84.06,2.2,17.871156000000003,0,0
2024-07-03,0.25,22.42,78.77,1.99,14.71,Rio_de_Janeiro,-22.9068,-43.1729,7,2024,3,Winter,19.6925,0.4975,17.660234,0,0
2024-07-04,0.11,23.82,65.39,1.78,12.61,Rio_de_Janeiro,-22.9068,-43.1729,7,2024,4,Winter,7.1929,0.1958,15.575898,0,0
2024-07-05,0.01,22.8,71.48,1.99,12.5,Rio_de_Janeiro,-22.9068,-43.1729,7,2024,5,Winter,0.7148000000000001,0.0199,16.29744,0,0
2024-07-06,0.27,21.4,80.76,2.65,11.79,Rio_de_Janeiro,-22.9068,-43.1729,7,2024,6,Winter,21.805200000000003,0.7155,17.28264,0,0
2024-07-07,0.09,22.54,79.22,1.5,12.74,Rio_de_Janeiro,-22.9068,-43.1729,7,2024,7,Winter,7.1297999999999995,0.135,17.856188,0,0
2024-07-08,0.25,21.18,87.54,3.18,9.06,Rio_de_Janeiro,-22.9068,-43.1729,7,2024,8,Winter,21.885,0.795,18.540972,0,0
2024-07-09,0.43,21.3,85.01,1.76,7.73,Rio_de_Janeiro,-22.9068,-43.1729,7,2024,9,Winter,36.554300000000005,0.7568,18.10713,0,0
2024-07-10,0.39,22.12,83.61,1.61,13.04,Rio_de_Janeiro,-22.9068,-43.1729,7,2024,10,Winter,32.6079,0.6279,18.494532,0,0
2024-07-11,0.38,22.42,84.67,1.72,11.05,Rio_de_Janeiro,-22.9068,-43.1729,7,2024,11,Winter,32.1746,0.6536,18.983014,0,0
2024-07-12,2.27,21.94,92.07,2.06,6.68,Rio_de_Janeiro,-22.9068,-43.1729,7,2024,12,Winter,208.9989,4.676200000000001,20.200158000000002,0,0
2024-07-13,5.84,21.05,90.73,2.95,6.5,Rio_de_Janeiro,-22.9068,-43.1729,7,2024,13,Winter,529.8632,17.228,19.098665,0,0
2024-07-14,0.78,21.94,82.82,1.34,13.86,Rio_de_Janeiro,-22.9068,-43.1729,7,2024,14,Winter,64.5996,1.0452000000000001,18.170708,0,0
2024-07-15,0.01,20.56,86.93,2.59,12.13,Rio_de_Janeiro,-22.9068,-43.1729,7,2024,15,Winter,0.8693000000000001,0.0259,17.872808,0,0
2024-07-16,0.02,20.74,82.21,1.47,14.27,Rio_de_Janeiro,-22.9068,-43.1729,7,2024,16,Winter,1.6441999999999999,0.0294,17.050354,0,0
2024-07-17,0.01,20.25,85.86,2.45,12.57,Rio_de_Janeiro,-22.9068,-43.1729,7,2024,17,Winter,0.8586,0.0245,17.38665,0,0
2024-07-18,0.01,20.45,83.99,2.79,15.75,Rio_de_Janeiro,-22.9068,-43.1729,7,2024,18,Winter,0.8399,0.0279,17.175955,0,0
2024-07-19,0.03,20.2,83.56,2.63,11.81,Rio_de_Janeiro,-22.9068,-43.1729,7,2024,19,Winter,2.5068,0.0789,16.87912,0,0
2024-07-20,0.02,20.08,73.69,1.35,14.74,Rio_de_Janeiro,-22.9068,-43.1729,7,2024,20,Winter,1.4738,0.027000000000000003,14.796952,0,0
2024-07-21,0.0,20.34,73.64,2.28,13.95,Rio_de_Janeiro,-22.9068,-43.1729,7,2024,21,Winter,0.0,0.0,14.978376,0,0
2024-07-22,0.01,20.16,80.03,2.22,17.37,Rio_de_Janeiro,-22.9068,-43.1729,7,2024,22,Winter,0.8003,0.0222,16.134048,0,0
2024-07-23,0.0,20.11,80.43,1.8,15.97,Rio_de_Janeiro,-22.9068,-43.1729,7,2024,23,Winter,0.0,0.0,16.174473,0,0
2024-07-24,0.0,20.55,79.35,2.54,17.23,Rio_de_Janeiro,-22.9068,-43.1729,7,2024,24,Winter,0.0,0.0,16.306425,0,0
2024-07-25,0.0,21.79,76.59,1.89,17.05,Rio_de_Janeiro,-22.9068,-43.1729,7,2024,25,Winter,0.0,0.0,16.688961,0,0
2024-07-26,0.01,22.04,69.71,1.91,16.11,Rio_de_Janeiro,-22.9068,-43.1729,7,2024,26,Winter,0.6970999999999999,0.0191,15.364083999999998,0,0
2024-07-27,0.0,21.88,70.88,1.96,14.66,Rio_de_Janeiro,-22.9068,-43.1729,7,2024,27,Winter,0.0,0.0,15.508543999999999,0,0
2024-07-28,0.01,23.7,66.01,1.71,16.69,Rio_de_Janeiro,-22.9068,-43.1729,7,2024,28,Winter,0.6601,0.0171,15.64437,0,0
2024-07-29,0.17,22.56,73.08,2.92,15.43,Rio_de_Janeiro,-22.9068,-43.1729,7,2024,29,Winter,12.4236,0.4964,16.486848,0,0
2024-07-30,5.16,20.21,85.99,4.05,5.34,Rio_de_Janeiro,-22.9068,-43.1729,7,2024,30,Winter,443.7084,20.898,17.378579000000002,0,0
2024-07-31,0.67,20.86,78.17,3.77,13.67,Rio_de_Janeiro,-22.9068,-43.1729,7,2024,31,Winter,52.373900000000006,2.5259,16.306262,0,0
2024-08-01,0.0,21.18,76.54,3.65,15.74,Rio_de_Janeiro,-22.9068,-43.1729,8,2024,1,Winter,0.0,0.0,16.211172,0,0
2024-08-02,0.0,21.35,76.88,3.49,18.1,Rio_de_Janeiro,-22.9068,-43.1729,8,2024,2,Winter,0.0,0.0,16.41388,0,0
2024-08-03,0.05,22.4,80.44,3.18,15.63,Rio_de_Janeiro,-22.9068,-43.1729,8,2024,3,Winter,4.022,0.15900000000000003,18.018559999999997,0,0
2024-08-04,0.06,23.47,76.61,2.74,15.61,Rio_de_Janeiro,-22.9068,-43.1729,8,2024,4,Winter,4.5966,0.16440000000000002,17.980366999999998,0,0
2024-08-05,0.0,23.72,74.18,2.3,17.83,Rio_de_Janeiro,-22.9068,-43.1729,8,2024,5,Winter,0.0,0.0,17.595496,0,0
2024-08-06,0.0,23.72,71.63,2.41,18.28,Rio_de_Janeiro,-22.9068,-43.1729,8,2024,6,Winter,0.0,0.0,16.990636,0,0
2024-08-07,0.01,24.17,64.18,2.47,18.76,Rio_de_Janeiro,-22.9068,-43.1729,8,2024,7,Winter,0.6418,0.024700000000000003,15.512306000000002,0,0
2024-08-08,0.01,24.88,57.65,2.3,18.38,Rio_de_Janeiro,-22.9068,-43.1729,8,2024,8,Winter,0.5765,0.023,14.34332,0,0
2024-08-09,0.69,22.59,84.38,2.86,14.87,Rio_de_Janeiro,-22.9068,-43.1729,8,2024,9,Winter,58.222199999999994,1.9733999999999998,19.061442,0,0
2024-08-10,15.7,18.45,84.5,5.55,2.44,Rio_de_Janeiro,-22.9068,-43.1729,8,2024,10,Winter,1326.6499999999999,87.13499999999999,15.59025,0,0
2024-08-11,0.08,18.96,68.3,2.4,18.7,Rio_de_Janeiro,-22.9068,-43.1729,8,2024,11,Winter,5.4639999999999995,0.192,12.949679999999999,0,0
2024-08-12,0.06,19.11,65.27,5.5,16.33,Rio_de_Janeiro,-22.9068,-43.1729,8,2024,12,Winter,3.9161999999999995,0.32999999999999996,12.473097,0,0
2024-08-13,0.01,18.21,64.32,3.99,18.27,Rio_de_Janeiro,-22.9068,-43.1729,8,2024,13,Winter,0.6432,0.039900000000000005,11.712671999999998,0,0
2024-08-14,0.01,19.67,68.74,2.42,19.26,Rio_de_Janeiro,-22.9068,-43.1729,8,2024,14,Winter,0.6874,0.0242,13.521158,0,0
2024-08-15,0.08,21.28,78.55,2.53,19.66,Rio_de_Janeiro,-22.9068,-43.1729,8,2024,15,Winter,6.284,0.2024,16.71544,0,0
2024-08-16,0.06,22.3,75.96,2.03,19.85,Rio_de_Janeiro,-22.9068,-43.1729,8,2024,16,Winter,4.5576,0.12179999999999998,16.93908,0,0
2024-08-17,0.11,23.35,61.05,2.06,19.93,Rio_de_Janeiro,-22.9068,-43.1729,8,2024,17,Winter,6.7155,0.2266,14.255175,0,0
2024-08-18,0.0,23.79,60.13,2.43,20.11,Rio_de_Janeiro,-22.9068,-43.1729,8,2024,18,Winter,0.0,0.0,14.304927000000001,0,0
2024-08-19,0.0,23.46,65.56,2.37,20.77,Rio_de_Janeiro,-22.9068,-43.1729,8,2024,19,Winter,0.0,0.0,15.380376000000002,0,0
2024-08-20,0.0,23.13,68.57,2.92,19.9,Rio_de_Janeiro,-22.9068,-43.1729,8,2024,20,Winter,0.0,0.0,15.860240999999998,0,0
2024-08-21,0.02,22.08,83.64,2.48,18.19,Rio_de_Janeiro,-22.9068,-43.1729,8,2024,21,Winter,1.6728,0.0496,18.467712,0,0
2024-08-22,0.05,23.93,72.08,2.69,20.8,Rio_de_Janeiro,-22.9068,-43.1729,8,2024,22,Winter,3.604,0.1345,17.248744,0,0
2024-08-23,0.08,25.86,57.63,2.77,20.56,Rio_de_Janeiro,-22.9068,-43.1729,8,2024,23,Winter,4.6104,0.22160000000000002,14.903118000000001,0,0
2024-08-24,2.34,23.06,81.74,4.0,16.25,Rio_de_Janeiro,-22.9068,-43.1729,8,2024,24,Winter,191.27159999999998,9.36,18.849243999999995,0,0
2024-08-25,14.46,20.03,83.39,5.13,6.8,Rio_de_Janeiro,-22.9068,-43.1729,8,2024,25,Winter,1205.8194,74.1798,16.703017,0,0
2024-08-26,6.76,17.87,71.56,4.19,4.1,Rio_de_Janeiro,-22.9068,-43.1729,8,2024,26,Winter,483.7456,28.3244,12.787772,0,0
2024-08-27,0.0,18.03,64.98,2.77,18.67,Rio_de_Janeiro,-22.9068,-43.1729,8,2024,27,Winter,0.0,0.0,11.715894000000002,0,0
2024-08-28,0.03,19.89,69.94,2.61,19.44,Rio_de_Janeiro,-22.9068,-43.1729,8,2024,28,Winter,2.0982,0.0783,13.911066000000002,0,0
2024-08-29,0.05,20.91,75.66,3.16,19.47,Rio_de_Janeiro,-22.9068,-43.1729,8,2024,29,Winter,3.783,0.15800000000000003,15.820505999999998,0,0
2024-08-30,0.11,21.81,73.53,2.36,22.41,Rio_de_Janeiro,-22.9068,-43.1729,8,2024,30,Winter,8.0883,0.2596,16.036893,0,0
2024-08-31,0.07,21.62,77.67,2.0,21.85,Rio_de_Janeiro,-22.9068,-43.1729,8,2024,31,Winter,5.4369000000000005,0.14,16.792254000000003,0,0
2024-09-01,0.0,23.22,72.18,2.36,22.14,Rio_de_Janeiro,-22.9068,-43.1729,9,2024,1,Spring,0.0,0.0,16.760196,0,0
2024-09-02,0.01,22.12,74.47,3.64,15.15,Rio_de_Janeiro,-22.9068,-43.1729,9,2024,2,Spring,0.7447,0.0364,16.472764,0,0
2024-09-03,0.01,21.59,81.61,2.02,12.22,Rio_de_Janeiro,-22.9068,-43.1729,9,2024,3,Spring,0.8161,0.0202,17.619599,0,0
2024-09-04,0.0,22.26,82.12,2.52,19.13,Rio_de_Janeiro,-22.9068,-43.1729,9,2024,4,Spring,0.0,0.0,18.279912000000003,0,0
2024-09-05,0.0,23.2,80.33,2.97,18.53,Rio_de_Janeiro,-22.9068,-43.1729,9,2024,5,Spring,0.0,0.0,18.63656,0,0
2024-09-06,0.01,21.97,85.37,3.08,7.39,Rio_de_Janeiro,-22.9068,-43.1729,9,2024,6,Spring,0.8537,0.0308,18.755789,0,0
2024-09-07,0.0,23.22,83.25,1.81,15.8,Rio_de_Janeiro,-22.9068,-43.1729,9,2024,7,Spring,0.0,0.0,19.33065,0,0
2024-09-08,0.0,24.14,76.48,2.69,18.21,Rio_de_Janeiro,-22.9068,-43.1729,9,2024,8,Spring,0.0,0.0,18.462272000000002,0,0
2024-09-09,0.0,24.4,73.76,3.27,22.25,Rio_de_Janeiro,-22.9068,-43.1729,9,2024,9,Spring,0.0,0.0,17.99744,0,0
2024-09-10,0.0,24.96,67.02,2.4,23.13,Rio_de_Janeiro,-22.9068,-43.1729,9,2024,10,Spring,0.0,0.0,16.728192,0,0
2024-09-11,0.0,26.45,55.33,2.54,23.67,Rio_de_Janeiro,-22.9068,-43.1729,9,2024,11,Spring,0.0,0.0,14.634785,0,0
2024-09-12,0.0,26.81,52.13,2.82,23.83,Rio_de_Janeiro,-22.9068,-43.1729,9,2024,12,Spring,0.0,0.0,13.976052999999999,0,0
2024-09-13,0.0,26.67,54.57,2.66,22.74,Rio_de_Janeiro,-22.9068,-43.1729,9,2024,13,Spring,0.0,0.0,14.553819,0,0
2024-09-14,0.0,26.21,58.53,2.81,21.68,Rio_de_Janeiro,-22.9068,-43.1729,9,2024,14,Spring,0.0,0.0,15.340713000000001,0,0
2024-09-15,0.05,23.14,86.27,3.06,14.43,Rio_de_Janeiro,-22.9068,-43.1729,9,2024,15,Spring,4.3135,0.15300000000000002,19.962878,0,0
2024-09-16,0.23,23.01,82.02,3.47,12.77,Rio_de_Janeiro,-22.9068,-43.1729,9,2024,16,Spring,18.8646,0.7981,18.872802,0,0
2024-09-17,0.52,21.33,75.7,3.75,6.78,Rio_de_Janeiro,-22.9068,-43.1729,9,2024,17,Spring,39.364000000000004,1.9500000000000002,16.14681,0,0
2024-09-18,0.26,21.74,70.18,4.31,9.3,Rio_de_Janeiro,-22.9068,-43.1729,9,2024,18,Spring,18.246800000000004,1.1206,15.257132,0,0
2024-09-19,0.05,22.77,73.57,4.23,16.91,Rio_de_Janeiro,-22.9068,-43.1729,9,2024,19,Spring,3.6784999999999997,0.21150000000000002,16.751889,0,0
2024-09-20,0.01,24.63,73.89,3.49,18.53,Rio_de_Janeiro,-22.9068,-43.1729,9,2024,20,Spring,0.7389,0.0349,18.199106999999998,0,0
2024-09-21,0.46,24.61,76.7,1.62,16.72,Rio_de_Janeiro,-22.9068,-43.1729,9,2024,21,Spring,35.282000000000004,0.7452000000000001,18.87587,0,0
2024-09-22,0.17,25.21,74.99,1.67,18.18,Rio_de_Janeiro,-22.9068,-43.1729,9,2024,22,Spring,12.7483,0.2839,18.904978999999997,0,0
2024-09-23,0.0,25.29,74.08,2.54,23.64,Rio_de_Janeiro,-22.9068,-43.1729,9,2024,23,Spring,0.0,0.0,18.734832,0,0
2024-09-24,0.0,25.24,72.7,3.27,24.33,Rio_de_Janeiro,-22.9068,-43.1729,9,2024,24,Spring,0.0,0.0,18.34948,0,0
2024-09-25,0.0,26.04,66.98,2.99,24.7,Rio_de_Janeiro,-22.9068,-43.1729,9,2024,25,Spring,0.0,0.0,17.441592,0,0
2024-09-26,0.0,27.21,60.3,2.82,24.89,Rio_de_Janeiro,-22.9068,-43.1729,9,2024,26,Spring,0.0,0.0,16.40763,0,0
2024-09-27,0.1,25.14,69.48,3.72,19.14,Rio_de_Janeiro,-22.9068,-43.1729,9,2024,27,Spring,6.948,0.37200000000000005,17.467272,0,0
2024-09-28,0.62,22.38,76.01,3.77,8.15,Rio_de_Janeiro,-22.9068,-43.1729,9,2024,28,Spring,47.126200000000004,2.3374,17.011038,0,0
2024-09-29,0.08,22.62,72.81,4.04,19.2,Rio_de_Janeiro,-22.9068,-43.1729,9,2024,29,Spring,5.824800000000001,0.3232,16.469622,0,0
2024-09-30,0.0,24.09,70.8,3.69,22.82,Rio_de_Janeiro,-22.9068,-43.1729,9,2024,30,Spring,0.0,0.0,17.055719999999997,0,0
2024-10-01,0.0,27.0,60.77,2.93,25.39,Rio_de_Janeiro,-22.9068,-43.1729,10,2024,1,Spring,0.0,0.0,16.4079,0,0
2024-10-02,0.05,27.66,54.93,2.45,25.49,Rio_de_Janeiro,-22.9068,-43.1729,10,2024,2,Spring,2.7465,0.12250000000000001,15.193638,0,0
2024-10-03,2.78,23.48,84.24,3.62,10.93,Rio_de_Janeiro,-22.9068,-43.1729,10,2024,3,Spring,234.18719999999996,10.0636,19.779552,0,0
2024-10-04,9.98,21.81,87.5,3.66,3.58,Rio_de_Janeiro,-22.9068,-43.1729,10,2024,4,Spring,873.25,36.5268,19.08375,0,0
2024-10-05,1.66,21.3,74.55,4.2,11.95,Rio_de_Janeiro,-22.9068,-43.1729,10,2024,5,Spring,123.75299999999999,6.9719999999999995,15.87915,0,0
2024-10-06,0.03,21.06,70.5,3.7,23.79,Rio_de_Janeiro,-22.9068,-43.1729,10,2024,6,Spring,2.1149999999999998,0.111,14.847299999999999,0,0
2024-10-07,0.01,21.6,65.38,3.07,21.37,Rio_de_Janeiro,-22.9068,-43.1729,10,2024,7,Spring,0.6537999999999999,0.030699999999999998,14.12208,0,0
2024-10-08,0.04,22.6,73.96,2.81,18.65,Rio_de_Janeiro,-22.9068,-43.1729,10,2024,8,Spring,2.9583999999999997,0.1124,16.714959999999998,0,0
2024-10-09,1.33,22.55,85.69,2.55,14.21,Rio_de_Janeiro,-22.9068,-43.1729,10,2024,9,Spring,113.96770000000001,3.3914999999999997,19.323095000000002,0,0
2024-10-10,10.48,22.21,83.67,4.39,4.09,Rio_de_Janeiro,-22.9068,-43.1729,10,2024,10,Spring,876.8616000000001,46.0072,18.583107000000002,0,0
2024-10-11,7.62,24.42,78.35,3.91,10.76,Rio_de_Janeiro,-22.9068,-43.1729,10,2024,11,Spring,597.0269999999999,29.7942,19.13307,0,0
2024-10-12,0.9,24.32,79.87,3.27,16.72,Rio_de_Janeiro,-22.9068,-43.1729,10,2024,12,Spring,71.88300000000001,2.943,19.424384000000003,0,0
2024-10-13,6.46,22.25,85.35,2.53,14.58,Rio_de_Janeiro,-22.9068,-43.1729,10,2024,13,Spring,551.361,16.343799999999998,18.990374999999997,0,0
2024-10-14,1.71,21.64,73.93,3.57,16.54,Rio_de_Janeiro,-22.9068,-43.1729,10,2024,14,Spring,126.42030000000001,6.104699999999999,15.998452000000002,0,0
2024-10-15,0.34,22.0,76.15,3.65,23.24,Rio_de_Janeiro,-22.9068,-43.1729,10,2024,15,Spring,25.891000000000005,1.241,16.753,0,0
2024-10-16,1.87,22.78,78.42,2.08,23.4,Rio_de_Janeiro,-22.9068,-43.1729,10,2024,16,Spring,146.64540000000002,3.8896,17.864076,0,0
2024-10-17,1.09,22.43,85.73,1.87,22.78,Rio_de_Janeiro,-22.9068,-43.1729,10,2024,17,Spring,93.44570000000002,2.0383000000000004,19.229239,0,0
2024-10-18,1.54,22.39,83.26,2.25,19.9,Rio_de_Janeiro,-22.9068,-43.1729,10,2024,18,Spring,128.2204,3.465,18.641914,0,0
2024-10-19,18.7,21.67,90.13,2.85,5.51,Rio_de_Janeiro,-22.9068,-43.1729,10,2024,19,Spring,1685.4309999999998,53.295,19.531171,0,0
2024-10-20,29.64,21.41,93.87,3.39,5.67,Rio_de_Janeiro,-22.9068,-43.1729,10,2024,20,Spring,2782.3068000000003,100.4796,20.097567,0,1
2024-10-21,0.38,22.74,88.52,2.82,8.57,Rio_de_Janeiro,-22.9068,-43.1729,10,2024,21,Spring,33.6376,1.0715999999999999,20.129448,0,0
2024-10-22,0.12,24.75,79.47,1.92,22.32,Rio_de_Janeiro,-22.9068,-43.1729,10,2024,22,Spring,9.536399999999999,0.2304,19.668825,0,0
2024-10-23,0.64,25.6,74.5,1.54,23.0,Rio_de_Janeiro,-22.9068,-43.1729,10,2024,23,Spring,47.68,0.9856,19.072,0,0
2024-10-24,6.39,25.76,79.2,1.48,15.3,Rio_de_Janeiro,-22.9068,-43.1729,10,2024,24,Spring,506.08799999999997,9.4572,20.40192,0,0
2024-10-25,4.1,26.95,72.43,1.78,13.21,Rio_de_Janeiro,-22.9068,-43.1729,10,2024,25,Spring,296.963,7.297999999999999,19.519885000000002,0,0
2024-10-26,34.66,25.52,82.74,2.29,20.69,Rio_de_Janeiro,-22.9068,-43.1729,10,2024,26,Spring,2867.7683999999995,79.3714,21.115247999999998,0,1
2024-10-27,30.46,22.44,81.57,3.38,6.54,Rio_de_Janeiro,-22.9068,-43.1729,10,2024,27,Spring,2484.6222,102.9548,18.304308,0,1
2024-10-28,2.26,22.25,82.0,3.47,6.02,Rio_de_Janeiro,-22.9068,-43.1729,10,2024,28,Spring,185.32,7.8422,18.244999999999997,0,0
2024-10-29,0.27,22.0,87.33,3.28,13.75,Rio_de_Janeiro,-22.9068,-43.1729,10,2024,29,Spring,23.5791,0.8856,19.2126,0,0
2024-10-30,0.36,22.39,82.82,2.98,20.61,Rio_de_Janeiro,-22.9068,-43.1729,10,2024,30,Spring,29.815199999999997,1.0728,18.543398,0,0
2024-10-31,0.08,22.53,82.66,2.41,24.71,Rio_de_Janeiro,-22.9068,-43.1729,10,2024,31,Spring,6.6128,0.19280000000000003,18.623298000000002,0,0
2024-11-01,0.05,23.32,82.62,2.72,25.17,Rio_de_Janeiro,-22.9068,-43.1729,11,2024,1,Spring,4.131,0.136,19.266984,0,0
2024-11-02,0.22,23.67,84.72,2.78,23.49,Rio_de_Janeiro,-22.9068,-43.1729,11,2024,2,Spring,18.6384,0.6115999999999999,20.053224,0,0
2024-11-03,0.28,24.23,82.21,3.6,16.03,Rio_de_Janeiro,-22.9068,-43.1729,11,2024,3,Spring,23.0188,1.0080000000000002,19.919483,0,0
2024-11-04,12.09,23.5,88.19,3.44,9.09,Rio_de_Janeiro,-22.9068,-43.1729,11,2024,4,Spring,1066.2171,41.5896,20.72465,0,0
2024-11-05,7.09,23.92,84.17,3.43,14.46,Rio_de_Janeiro,-22.9068,-43.1729,11,2024,5,Spring,596.7653,24.3187,20.133464,0,0
2024-11-06,1.17,24.58,77.25,3.12,19.89,Rio_de_Janeiro,-22.9068,-43.1729,11,2024,6,Spring,90.3825,3.6504,18.988049999999998,0,0
2024-11-07,10.6,25.14,77.23,2.45,18.91,Rio_de_Janeiro,-22.9068,-43.1729,11,2024,7,Spring,818.638,25.970000000000002,19.415622,0,0
2024-11-08,53.97,23.98,87.5,2.49,8.08,Rio_de_Janeiro,-22.9068,-43.1729,11,2024,8,Spring,4722.375,134.3853,20.9825,1,2
2024-11-09,4.18,21.92,89.55,3.14,10.17,Rio_de_Janeiro,-22.9068,-43.1729,11,2024,9,Spring,374.31899999999996,13.1252,19.629360000000002,0,0
2024-11-10,0.81,21.22,83.8,2.37,13.8,Rio_de_Janeiro,-22.9068,-43.1729,11,2024,10,Spring,67.878,1.9197000000000002,17.782359999999997,0,0
2024-11-11,0.05,22.03,79.6,1.89,27.31,Rio_de_Janeiro,-22.9068,-43.1729,11,2024,11,Spring,3.98,0.0945,17.53588,0,0
2024-11-12,0.82,24.16,78.07,2.13,24.39,Rio_de_Janeiro,-22.9068,-43.1729,11,2024,12,Spring,64.0174,1.7465999999999997,18.861711999999997,0,0
2024-11-13,7.62,21.02,90.31,3.06,5.59,Rio_de_Janeiro,-22.9068,-43.1729,11,2024,13,Spring,688.1622,23.3172,18.983162,0,0
2024-11-14,4.83,21.28,85.53,2.38,8.8,Rio_de_Janeiro,-22.9068,-43.1729,11,2024,14,Spring,413.10990000000004,11.4954,18.200784000000002,0,0
2024-11-15,9.41,22.59,91.33,3.25,13.31,Rio_de_Janeiro,-22.9068,-43.1729,11,2024,15,Spring,859.4153,30.5825,20.631447,0,0
2024-11-16,17.83,22.73,93.01,2.46,4.51,Rio_de_Janeiro,-22.9068,-43.1729,11,2024,16,Spring,1658.3682999999999,43.861799999999995,21.141173000000002,0,0
2024-11-17,8.91,22.84,89.53,2.5,18.74,Rio_de_Janeiro,-22.9068,-43.1729,11,2024,17,Spring,797.7123,22.275,20.448652,0,0
2024-11-18,0.32,23.9,84.34,1.69,26.0,Rio_de_Janeiro,-22.9068,-43.1729,11,2024,18,Spring,26.9888,0.5408,20.15726,0,0
2024-11-19,0.2,23.53,87.76,1.5,24.58,Rio_de_Janeiro,-22.9068,-43.1729,11,2024,19,Spring,17.552000000000003,0.30000000000000004,20.649928000000003,0,0
2024-11-20,1.81,24.2,86.37,1.2,24.75,Rio_de_Janeiro,-22.9068,-43.1729,11,2024,20,Spring,156.3297,2.172,20.90154,0,0
2024-11-21,8.11,23.39,89.33,3.25,14.54,Rio_de_Janeiro,-22.9068,-43.1729,11,2024,21,Spring,724.4662999999999,26.357499999999998,20.894287,0,0
2024-11-22,9.39,22.35,85.51,3.73,13.05,Rio_de_Janeiro,-22.9068,-43.1729,11,2024,22,Spring,802.9389000000001,35.0247,19.111485000000002,0,0
2024-11-23,5.45,21.88,82.82,3.62,11.2,Rio_de_Janeiro,-22.9068,-43.1729,11,2024,23,Spring,451.36899999999997,19.729000000000003,18.121015999999997,0,0
2024-11-24,2.57,21.18,82.93,2.83,19.16,Rio_de_Janeiro,-22.9068,-43.1729,11,2024,24,Spring,213.1301,7.2730999999999995,17.564574,0,0
2024-11-25,0.15,22.02,80.04,3.23,24.23,Rio_de_Janeiro,-22.9068,-43.1729,11,2024,25,Spring,12.006,0.4845,17.624808,0,0
2024-11-26,0.03,23.21,76.9,2.43,28.01,Rio_de_Janeiro,-22.9068,-43.1729,11,2024,26,Spring,2.307,0.0729,17.84849,0,0
2024-11-27,0.0,24.71,74.65,1.78,28.63,Rio_de_Janeiro,-22.9068,-43.1729,11,2024,27,Spring,0.0,0.0,18.446015000000003,0,0
2024-11-28,0.08,27.35,66.58,1.93,26.35,Rio_de_Janeiro,-22.9068,-43.1729,11,2024,28,Spring,5.3264,0.1544,18.20963,0,0
2024-11-29,2.01,25.32,81.42,1.6,10.39,Rio_de_Janeiro,-22.9068,-43.1729,11,2024,29,Spring,163.65419999999997,3.2159999999999997,20.615544,0,0
2024-11-30,0.52,25.09,84.92,1.7,19.85,Rio_de_Janeiro,-22.9068,-43.1729,11,2024,30,Spring,44.1584,0.884,21.306428,0,0
2024-12-01,0.09,23.87,86.11,2.15,21.64,Rio_de_Janeiro,-22.9068,-43.1729,12,2024,1,Summer,7.749899999999999,0.19349999999999998,20.554457,0,0
2024-12-02,0.62,26.95,74.96,1.87,20.5,Rio_de_Janeiro,-22.9068,-43.1729,12,2024,2,Summer,46.475199999999994,1.1594,20.201719999999998,0,0
2024-12-03,12.22,25.55,84.65,1.34,11.52,Rio_de_Janeiro,-22.9068,-43.1729,12,2024,3,Summer,1034.4230000000002,16.3748,21.628075000000003,0,0
2024-12-04,15.51,22.79,90.48,3.33,9.27,Rio_de_Janeiro,-22.9068,-43.1729,12,2024,4,Summer,1403.3448,51.6483,20.620392,0,0
2024-12-05,10.82,23.28,90.58,2.13,10.27,Rio_de_Janeiro,-22.9068,-43.1729,12,2024,5,Summer,980.0756,23.046599999999998,21.087024,0,0
2024-12-06,0.39,26.59,77.34,1.51,29.46,Rio_de_Janeiro,-22.9068,-43.1729,12,2024,6,Summer,30.1626,0.5889,20.564706,0,0
2024-12-07,0.1,26.47,72.07,2.09,27.52,Rio_de_Janeiro,-22.9068,-43.1729,12,2024,7,Summer,7.207,0.209,19.076928999999996,0,0
2024-12-08,51.57,25.01,87.7,2.33,21.67,Rio_de_Janeiro,-22.9068,-43.1729,12,2024,8,Summer,4522.689,120.1581,21.933770000000003,1,2
2024-12-09,40.58,24.78,92.24,2.0,19.43,Rio_de_Janeiro,-22.9068,-43.1729,12,2024,9,Summer,3743.0991999999997,81.16,22.857072000000002,1,1
2024-12-10,6.61,25.51,88.36,2.84,12.4,Rio_de_Janeiro,-22.9068,-43.1729,12,2024,10,Summer,584.0596,18.7724,22.540636,0,0
2024-12-11,3.54,23.12,83.69,3.69,18.7,Rio_de_Janeiro,-22.9068,-43.1729,12,2024,11,Summer,296.2626,13.0626,19.349128,0,0
2024-12-12,2.33,22.98,78.05,3.52,17.75,Rio_de_Janeiro,-22.9068,-43.1729,12,2024,12,Summer,181.8565,8.201600000000001,17.93589,0,0
2024-12-13,0.56,23.4,81.59,3.95,20.78,Rio_de_Janeiro,-22.9068,-43.1729,12,2024,13,Summer,45.690400000000004,2.212,19.09206,0,0
2024-12-14,3.19,24.39,88.85,2.31,12.27,Rio_de_Janeiro,-22.9068,-43.1729,12,2024,14,Summer,283.43149999999997,7.3689,21.670514999999998,0,0
2024-12-15,1.03,26.26,78.76,2.76,16.04,Rio_de_Janeiro,-22.9068,-43.1729,12,2024,15,Summer,81.12280000000001,2.8428,20.682376000000005,0,0
2024-12-16,5.2,25.93,80.53,2.38,16.48,Rio_de_Janeiro,-22.9068,-43.1729,12,2024,16,Summer,418.75600000000003,12.376,20.881429,0,0
2024-12-17,0.65,24.1,82.21,2.43,23.97,Rio_de_Janeiro,-22.9068,-43.1729,12,2024,17,Summer,53.436499999999995,1.5795000000000001,19.81261,0,0
2024-12-18,2.05,23.43,82.45,2.22,19.98,Rio_de_Janeiro,-22.9068,-43.1729,12,2024,18,Summer,169.02249999999998,4.551,19.318035,0,0
2024-12-19,1.17,23.91,81.94,2.47,24.27,Rio_de_Janeiro,-22.9068,-43.1729,12,2024,19,Summer,95.8698,2.8899,19.591854,0,0
2024-12-20,1.94,26.69,77.68,2.25,18.86,Rio_de_Janeiro,-22.9068,-43.1729,12,2024,20,Summer,150.69920000000002,4.365,20.732792000000003,0,0
2024-12-21,29.07,26.35,79.15,1.32,11.34,Rio_de_Janeiro,-22.9068,-43.1729,12,2024,21,Summer,2300.8905,38.3724,20.856025000000002,0,1
2024-12-22,2.91,24.78,90.1,1.21,12.96,Rio_de_Janeiro,-22.9068,-43.1729,12,2024,22,Summer,262.191,3.5211,22.32678,0,0
2024-12-23,18.24,24.07,91.19,2.93,16.32,Rio_de_Janeiro,-22.9068,-43.1729,12,2024,23,Summer,1663.3056,53.4432,21.949433,0,0
2024-12-24,4.28,23.57,89.16,3.16,15.81,Rio_de_Janeiro,-22.9068,-43.1729,12,2024,24,Summer,381.6048,13.5248,21.015012,0,0
2024-12-25,1.58,25.48,82.87,2.09,21.43,Rio_de_Janeiro,-22.9068,-43.1729,12,2024,25,Summer,130.93460000000002,3.3022,21.115276,0,0
2024-12-26,16.85,25.29,85.69,2.11,9.26,Rio_de_Janeiro,-22.9068,-43.1729,12,2024,26,Summer,1443.8765,35.5535,21.671001,0,0
2024-12-27,10.49,25.77,85.53,1.48,11.09,Rio_de_Janeiro,-22.9068,-43.1729,12,2024,27,Summer,897.2097,15.5252,22.041081000000002,0,0
2024-12-28,65.81,24.63,92.92,2.26,20.15,Rio_de_Janeiro,-22.9068,-43.1729,12,2024,28,Summer,6115.0652,148.73059999999998,22.886195999999998,1,2
2024-12-29,2.81,24.61,91.39,2.03,16.36,Rio_de_Janeiro,-22.9068,-43.1729,12,2024,29,Summer,256.8059,5.7043,22.491079,0,0
2024-12-30,4.53,24.56,89.36,2.81,20.61,Rio_de_Janeiro,-22.9068,-43.1729,12,2024,30,Summer,404.80080000000004,12.7293,21.946816,0,0
2024-12-31,0.98,25.1,78.87,1.65,23.19,Rio_de_Janeiro,-22.9068,-43.1729,12,2024,31,Summer,77.29260000000001,1.617,19.796370000000003,0,0
2024-01-01,1.59,20.94,77.19,1.19,21.77,Curitiba,-25.4284,-49.2733,1,2024,1,Summer,122.7321,1.8921000000000001,16.163586000000002,0,0
2024-01-02,1.29,21.49,75.04,1.08,25.43,Curitiba,-25.4284,-49.2733,1,2024,2,Summer,96.80160000000001,1.3932000000000002,16.126096,0,0
2024-01-03,4.32,21.5,80.24,1.06,23.97,Curitiba,-25.4284,-49.2733,1,2024,3,Summer,346.6368,4.5792,17.2516,0,0
2024-01-04,1.05,21.7,76.42,0.99,18.32,Curitiba,-25.4284,-49.2733,1,2024,4,Summer,80.241,1.0395,16.58314,0,0
2024-01-05,4.26,21.06,78.58,1.01,23.36,Curitiba,-25.4284,-49.2733,1,2024,5,Summer,334.75079999999997,4.3026,16.548948,0,0
2024-01-06,1.78,22.07,76.41,0.99,23.34,Curitiba,-25.4284,-49.2733,1,2024,6,Summer,136.00979999999998,1.7622,16.863687,0,0
2024-01-07,0.47,24.67,68.79,0.63,26.66,Curitiba,-25.4284,-49.2733,1,2024,7,Summer,32.3313,0.2961,16.970493,0,0
2024-01-08,2.44,26.66,65.37,0.89,29.61,Curitiba,-25.4284,-49.2733,1,2024,8,Summer,159.5028,2.1716,17.427642000000002,0,0
2024-01-09,8.4,25.99,70.31,0.73,25.03,Curitiba,-25.4284,-49.2733,1,2024,9,Summer,590.604,6.132,18.273569000000002,0,0
2024-01-10,2.28,25.16,76.49,0.78,27.51,Curitiba,-25.4284,-49.2733,1,2024,10,Summer,174.39719999999997,1.7784,19.244884,0,0
2024-01-11,6.14,25.15,77.76,0.88,22.45,Curitiba,-25.4284,-49.2733,1,2024,11,Summer,477.4464,5.4032,19.55664,0,0
2024-01-12,6.29,22.41,83.17,1.28,14.03,Curitiba,-25.4284,-49.2733,1,2024,12,Summer,523.1393,8.0512,18.638397,0,0
2024-01-13,0.87,20.55,79.16,1.19,12.41,Curitiba,-25.4284,-49.2733,1,2024,13,Summer,68.86919999999999,1.0352999999999999,16.26738,0,0
2024-01-14,0.11,24.12,68.55,0.61,26.49,Curitiba,-25.4284,-49.2733,1,2024,14,Summer,7.5405,0.06709999999999999,16.53426,0,0
2024-01-15,2.48,25.42,72.93,0.98,20.15,Curitiba,-25.4284,-49.2733,1,2024,15,Summer,180.86640000000003,2.4304,18.538806,0,0
2024-01-16,2.79,25.96,75.67,0.89,24.16,Curitiba,-25.4284,-49.2733,1,2024,16,Summer,211.1193,2.4831,19.643932000000003,0,0
2024-01-17,8.81,25.2,76.84,0.98,13.72,Curitiba,-25.4284,-49.2733,1,2024,17,Summer,676.9604,8.6338,19.363680000000002,0,0
2024-01-18,10.77,24.7,83.47,0.91,13.45,Curitiba,-25.4284,-49.2733,1,2024,18,Summer,898.9719,9.800699999999999,20.61709,0,0
2024-01-19,12.9,24.46,86.43,1.43,20.54,Curitiba,-25.4284,-49.2733,1,2024,19,Summer,1114.9470000000001,18.447,21.140778,0,0
2024-01-20,10.98,23.66,88.14,0.76,13.35,Curitiba,-25.4284,-49.2733,1,2024,20,Summer,967.7772,8.344800000000001,20.853924,0,0
2024-01-21,4.39,21.48,82.31,1.21,23.29,Curitiba,-25.4284,-49.2733,1,2024,21,Summer,361.3409,5.3119,17.680188,0,0
2024-01-22,14.19,19.14,87.95,1.54,8.28,Curitiba,-25.4284,-49.2733,1,2024,22,Summer,1248.0105,21.8526,16.833630000000003,0,0
2024-01-23,21.4,17.59,89.22,1.78,12.3,Curitiba,-25.4284,-49.2733,1,2024,23,Summer,1909.3079999999998,38.092,15.693798,0,1
2024-01-24,11.36,16.95,90.81,1.52,13.75,Curitiba,-25.4284,-49.2733,1,2024,24,Summer,1031.6016,17.2672,15.392294999999999,0,0
2024-01-25,6.9,15.48,89.65,1.48,12.34,Curitiba,-25.4284,-49.2733,1,2024,25,Summer,618.585,10.212,13.877820000000002,0,0
2024-01-26,4.84,16.42,86.93,1.23,17.84,Curitiba,-25.4284,-49.2733,1,2024,26,Summer,420.74120000000005,5.9532,14.273906000000002,0,0
2024-01-27,2.79,18.45,84.85,1.03,18.02,Curitiba,-25.4284,-49.2733,1,2024,27,Summer,236.73149999999998,2.8737,15.654824999999997,0,0
2024-01-28,5.83,19.38,83.15,0.65,18.8,Curitiba,-25.4284,-49.2733,1,2024,28,Summer,484.76450000000006,3.7895000000000003,16.11447,0,0
2024-01-29,3.88,21.12,75.92,0.96,23.67,Curitiba,-25.4284,-49.2733,1,2024,29,Summer,294.5696,3.7247999999999997,16.034304,0,0
2024-01-30,0.87,22.54,72.41,0.86,28.05,Curitiba,-25.4284,-49.2733,1,2024,30,Summer,62.9967,0.7482,16.321213999999998,0,0
2024-01-31,5.6,22.98,78.21,0.68,24.33,Curitiba,-25.4284,-49.2733,1,2024,31,Summer,437.97599999999994,3.808,17.972658,0,0
2024-02-01,5.87,22.05,82.58,0.89,23.21,Curitiba,-25.4284,-49.2733,2,2024,1,Summer,484.7446,5.2243,18.20889,0,0
2024-02-02,1.76,21.27,81.39,1.12,23.98,Curitiba,-25.4284,-49.2733,2,2024,2,Summer,143.2464,1.9712000000000003,17.311653,0,0
2024-02-03,4.14,22.1,78.56,0.68,22.32,Curitiba,-25.4284,-49.2733,2,2024,3,Summer,325.23839999999996,2.8152,17.361760000000004,0,0
2024-02-04,3.04,23.73,75.95,0.67,18.91,Curitiba,-25.4284,-49.2733,2,2024,4,Summer,230.888,2.0368,18.022935,0,0
2024-02-05,0.31,23.91,73.66,0.76,27.6,Curitiba,-25.4284,-49.2733,2,2024,5,Summer,22.8346,0.2356,17.612105999999997,0,0
2024-02-06,0.05,23.97,72.28,0.84,26.63,Curitiba,-25.4284,-49.2733,2,2024,6,Summer,3.6140000000000003,0.042,17.325516,0,0
2024-02-07,0.59,23.79,75.5,0.67,24.44,Curitiba,-25.4284,-49.2733,2,2024,7,Summer,44.544999999999995,0.3953,17.96145,0,0
2024-02-08,0.72,24.64,73.64,0.87,23.92,Curitiba,-25.4284,-49.2733,2,2024,8,Summer,53.0208,0.6264,18.144896000000003,0,0
2024-02-09,0.11,24.15,72.58,1.24,28.47,Curitiba,-25.4284,-49.2733,2,2024,9,Summer,7.9838,0.1364,17.52807,0,0
2024-02-10,0.1,24.25,71.63,1.36,24.46,Curitiba,-25.4284,-49.2733,2,2024,10,Summer,7.163,0.136,17.370275,0,0
2024-02-11,0.05,24.58,67.9,1.14,28.12,Curitiba,-25.4284,-49.2733,2,2024,11,Summer,3.3950000000000005,0.056999999999999995,16.68982,0,0
2024-02-12,0.04,26.5,65.77,0.97,23.2,Curitiba,-25.4284,-49.2733,2,2024,12,Summer,2.6308,0.0388,17.42905,0,0
2024-02-13,3.11,26.61,64.8,1.34,18.93,Curitiba,-25.4284,-49.2733,2,2024,13,Summer,201.528,4.1674,17.24328,0,0
2024-02-14,20.79,21.62,89.6,0.92,6.92,Curitiba,-25.4284,-49.2733,2,2024,14,Summer,1862.7839999999999,19.1268,19.37152,0,1
2024-02-15,8.04,18.15,91.3,1.05,9.26,Curitiba,-25.4284,-49.2733,2,2024,15,Summer,734.0519999999999,8.442,16.570949999999996,0,0
2024-02-16,1.6,19.71,86.41,0.97,9.75,Curitiba,-25.4284,-49.2733,2,2024,16,Summer,138.256,1.552,17.031411000000002,0,0
2024-02-17,1.95,20.34,86.56,0.88,15.35,Curitiba,-25.4284,-49.2733,2,2024,17,Summer,168.792,1.716,17.606304,0,0
2024-02-18,8.68,20.67,86.74,0.74,13.65,Curitiba,-25.4284,-49.2733,2,2024,18,Summer,752.9032,6.4232,17.929158,0,0
2024-02-19,7.04,21.79,82.54,0.57,20.28,Curitiba,-25.4284,-49.2733,2,2024,19,Summer,581.0816000000001,4.0127999999999995,17.985466,0,0
2024-02-20,12.66,19.61,93.11,1.11,12.12,Curitiba,-25.4284,-49.2733,2,2024,20,Summer,1178.7726,14.052600000000002,18.258871,0,0
2024-02-21,7.51,19.72,87.42,0.85,14.61,Curitiba,-25.4284,-49.2733,2,2024,21,Summer,656.5242,6.3835,17.239224,0,0
2024-02-22,2.9,21.35,84.39,0.64,15.6,Curitiba,-25.4284,-49.2733,2,2024,22,Summer,244.731,1.8559999999999999,18.017265000000002,0,0
2024-02-23,2.45,23.96,79.72,0.72,18.23,Curitiba,-25.4284,-49.2733,2,2024,23,Summer,195.31400000000002,1.764,19.100912,0,0
2024-02-24,7.62,24.6,81.39,0.76,21.07,Curitiba,-25.4284,-49.2733,2,2024,24,Summer,620.1918000000001,5.7912,20.02194,0,0
2024-02-25,12.78,22.26,90.96,1.03,15.46,Curitiba,-25.4284,-49.2733,2,2024,25,Summer,1162.4687999999999,13.1634,20.247696,0,0
2024-02-26,6.74,22.16,87.88,1.12,11.97,Curitiba,-25.4284,-49.2733,2,2024,26,Summer,592.3112,7.548800000000001,19.474207999999997,0,0
2024-02-27,7.52,22.94,84.79,1.12,17.05,Curitiba,-25.4284,-49.2733,2,2024,27,Summer,637.6208,8.4224,19.450826000000003,0,0
2024-02-28,6.82,23.91,86.15,0.81,22.05,Curitiba,-25.4284,-49.2733,2,2024,28,Summer,587.5430000000001,5.5242,20.598465,0,0
2024-02-29,7.03,23.46,86.24,0.54,19.36,Curitiba,-25.4284,-49.2733,2,2024,29,Summer,606.2672,3.7962000000000002,20.231904,0,0
2024-03-01,8.11,22.45,85.42,0.92,17.0,Curitiba,-25.4284,-49.2733,3,2024,1,Autumn,692.7561999999999,7.4612,19.17679,0,0
2024-03-02,0.69,21.89,79.68,0.76,20.72,Curitiba,-25.4284,-49.2733,3,2024,2,Autumn,54.9792,0.5244,17.441952,0,0
2024-03-03,0.16,23.31,76.61,0.73,22.73,Curitiba,-25.4284,-49.2733,3,2024,3,Autumn,12.2576,0.1168,17.857791,0,0
2024-03-04,10.41,23.47,79.15,0.46,22.1,Curitiba,-25.4284,-49.2733,3,2024,4,Autumn,823.9515000000001,4.788600000000001,18.576505,0,0
2024-03-05,10.26,22.34,84.45,0.54,9.85,Curitiba,-25.4284,-49.2733,3,2024,5,Autumn,866.457,5.5404,18.866130000000002,0,0
2024-03-06,2.49,20.79,85.57,1.06,9.27,Curitiba,-25.4284,-49.2733,3,2024,6,Autumn,213.0693,2.6394,17.790003,0,0
2024-03-07,2.3,21.26,84.41,0.94,10.59,Curitiba,-25.4284,-49.2733,3,2024,7,Autumn,194.14299999999997,2.162,17.945566,0,0
2024-03-08,6.28,21.92,88.02,1.02,7.34,Curitiba,-25.4284,-49.2733,3,2024,8,Autumn,552.7656,6.405600000000001,19.293984000000002,0,0
2024-03-09,4.61,23.37,86.77,0.84,14.75,Curitiba,-25.4284,-49.2733,3,2024,9,Autumn,400.0097,3.8724000000000003,20.278149,0,0
2024-03-10,1.91,23.79,83.08,0.96,19.86,Curitiba,-25.4284,-49.2733,3,2024,10,Autumn,158.6828,1.8336,19.764732,0,0
2024-03-11,0.48,21.93,79.3,0.93,22.59,Curitiba,-25.4284,-49.2733,3,2024,11,Autumn,38.064,0.4464,17.39049,0,0
2024-03-12,0.02,21.48,72.09,0.58,26.1,Curitiba,-25.4284,-49.2733,3,2024,12,Autumn,1.4418000000000002,0.0116,15.484932,0,0
2024-03-13,0.0,22.78,69.86,0.57,26.18,Curitiba,-25.4284,-49.2733,3,2024,13,Autumn,0.0,0.0,15.914108,0,0
2024-03-14,0.0,24.15,68.05,0.78,24.38,Curitiba,-25.4284,-49.2733,3,2024,14,Autumn,0.0,0.0,16.434075,0,0
2024-03-15,0.0,25.96,64.08,0.72,22.02,Curitiba,-25.4284,-49.2733,3,2024,15,Autumn,0.0,0.0,16.635168,0,0
2024-03-16,2.65,27.35,70.04,0.91,19.85,Curitiba,-25.4284,-49.2733,3,2024,16,Autumn,185.60600000000002,2.4115,19.15594,0,0
2024-03-17,3.31,25.38,80.65,0.57,10.68,Curitiba,-25.4284,-49.2733,3,2024,17,Autumn,266.9515,1.8866999999999998,20.468970000000002,0,0
2024-03-18,1.02,25.18,78.57,0.51,14.62,Curitiba,-25.4284,-49.2733,3,2024,18,Autumn,80.14139999999999,0.5202,19.783925999999997,0,0
2024-03-19,12.11,23.84,83.29,0.64,15.24,Curitiba,-25.4284,-49.2733,3,2024,19,Autumn,1008.6419000000001,7.7504,19.856336000000002,0,0
2024-03-20,0.27,24.99,77.98,0.69,19.23,Curitiba,-25.4284,-49.2733,3,2024,20,Autumn,21.054600000000004,0.1863,19.487202,0,0
2024-03-21,4.67,25.04,80.19,1.54,15.18,Curitiba,-25.4284,-49.2733,3,2024,21,Autumn,374.4873,7.1918,20.079576,0,0
2024-03-22,4.86,17.96,87.86,1.7,8.38,Curitiba,-25.4284,-49.2733,3,2024,22,Autumn,426.99960000000004,8.262,15.779656000000001,0,0
2024-03-23,2.81,16.67,87.32,1.68,9.75,Curitiba,-25.4284,-49.2733,3,2024,23,Autumn,245.36919999999998,4.7208,14.556244000000001,0,0
2024-03-24,1.12,18.36,87.45,0.8,9.96,Curitiba,-25.4284,-49.2733,3,2024,24,Autumn,97.94400000000002,0.8960000000000001,16.05582,0,0
2024-03-25,0.36,21.49,78.42,0.55,13.21,Curitiba,-25.4284,-49.2733,3,2024,25,Autumn,28.2312,0.198,16.852458,0,0
2024-03-26,1.01,20.09,81.85,1.01,13.59,Curitiba,-25.4284,-49.2733,3,2024,26,Autumn,82.6685,1.0201,16.443665,0,0
2024-03-27,0.03,19.4,78.76,0.88,20.9,Curitiba,-25.4284,-49.2733,3,2024,27,Autumn,2.3628,0.0264,15.279440000000001,0,0
2024-03-28,0.05,20.0,76.8,0.8,21.58,Curitiba,-25.4284,-49.2733,3,2024,28,Autumn,3.84,0.04000000000000001,15.36,0,0
2024-03-29,0.61,20.6,76.94,0.74,19.72,Curitiba,-25.4284,-49.2733,3,2024,29,Autumn,46.9334,0.45139999999999997,15.84964,0,0
2024-03-30,0.33,21.99,73.52,0.67,19.35,Curitiba,-25.4284,-49.2733,3,2024,30,Autumn,24.2616,0.22110000000000002,16.167047999999998,0,0
2024-03-31,0.07,22.82,71.85,0.57,19.56,Curitiba,-25.4284,-49.2733,3,2024,31,Autumn,5.0295,0.0399,16.396169999999998,0,0
2024-04-01,0.07,21.73,74.26,0.77,14.68,Curitiba,-25.4284,-49.2733,4,2024,1,Autumn,5.198200000000001,0.0539,16.136698000000003,0,0
2024-04-02,1.12,22.59,74.79,0.76,20.33,Curitiba,-25.4284,-49.2733,4,2024,2,Autumn,83.76480000000001,0.8512000000000001,16.895061,0,0
2024-04-03,0.46,23.62,73.25,0.6,19.54,Curitiba,-25.4284,-49.2733,4,2024,3,Autumn,33.695,0.276,17.301650000000002,0,0
2024-04-04,0.92,24.69,71.38,0.68,18.41,Curitiba,-25.4284,-49.2733,4,2024,4,Autumn,65.6696,0.6256,17.623722,0,0
2024-04-05,4.43,24.05,75.95,0.62,17.23,Curitiba,-25.4284,-49.2733,4,2024,5,Autumn,336.4585,2.7466,18.265975,0,0
2024-04-06,2.34,18.82,81.52,1.51,9.1,Curitiba,-25.4284,-49.2733,4,2024,6,Autumn,190.75679999999997,3.5334,15.342063999999999,0,0
2024-04-07,1.89,19.65,81.79,0.96,9.45,Curitiba,-25.4284,-49.2733,4,2024,7,Autumn,154.5831,1.8143999999999998,16.071735,0,0
2024-04-08,13.47,21.43,83.96,0.68,4.71,Curitiba,-25.4284,-49.2733,4,2024,8,Autumn,1130.9412,9.159600000000001,17.992627999999996,0,0
2024-04-09,2.47,22.41,81.83,0.5,12.59,Curitiba,-25.4284,-49.2733,4,2024,9,Autumn,202.1201,1.235,18.338103,0,0
2024-04-10,0.08,22.33,78.75,0.52,13.69,Curitiba,-25.4284,-49.2733,4,2024,10,Autumn,6.3,0.041600000000000005,17.584874999999997,0,0
2024-04-11,2.34,21.07,81.33,0.89,13.73,Curitiba,-25.4284,-49.2733,4,2024,11,Autumn,190.3122,2.0826,17.136231000000002,0,0
2024-04-12,3.82,20.48,84.69,1.24,11.68,Curitiba,-25.4284,-49.2733,4,2024,12,Autumn,323.51579999999996,4.7368,17.344512,0,0
2024-04-13,4.86,20.85,87.19,1.07,11.21,Curitiba,-25.4284,-49.2733,4,2024,13,Autumn,423.7434,5.200200000000001,18.179115000000003,0,0
2024-04-14,45.06,20.06,95.9,0.94,2.38,Curitiba,-25.4284,-49.2733,4,2024,14,Autumn,4321.254000000001,42.3564,19.23754,1,1
2024-04-15,25.94,20.38,95.89,0.85,4.79,Curitiba,-25.4284,-49.2733,4,2024,15,Autumn,2487.3866000000003,22.049,19.542382,0,1
2024-04-16,14.54,20.62,95.67,0.81,8.18,Curitiba,-25.4284,-49.2733,4,2024,16,Autumn,1391.0418,11.7774,19.727154000000002,0,0
2024-04-17,5.92,19.93,87.02,1.19,12.06,Curitiba,-25.4284,-49.2733,4,2024,17,Autumn,515.1583999999999,7.0447999999999995,17.343086,0,0
2024-04-18,0.22,14.73,73.5,0.74,20.31,Curitiba,-25.4284,-49.2733,4,2024,18,Autumn,16.17,0.1628,10.82655,0,0
2024-04-19,0.2,14.87,79.68,0.56,21.38,Curitiba,-25.4284,-49.2733,4,2024,19,Autumn,15.936000000000002,0.11200000000000002,11.848416,0,0
2024-04-20,0.16,16.06,80.46,0.72,19.9,Curitiba,-25.4284,-49.2733,4,2024,20,Autumn,12.8736,0.1152,12.921876,0,0
2024-04-21,0.01,18.71,75.82,0.67,19.57,Curitiba,-25.4284,-49.2733,4,2024,21,Autumn,0.7582,0.0067,14.185922,0,0
2024-04-22,0.03,19.81,73.23,0.79,18.61,Curitiba,-25.4284,-49.2733,4,2024,22,Autumn,2.1969,0.0237,14.506863000000001,0,0
2024-04-23,0.19,20.64,81.32,0.86,11.62,Curitiba,-25.4284,-49.2733,4,2024,23,Autumn,15.4508,0.1634,16.784447999999998,0,0
2024-04-24,2.05,21.43,84.33,0.89,11.73,Curitiba,-25.4284,-49.2733,4,2024,24,Autumn,172.8765,1.8244999999999998,18.071918999999998,0,0
2024-04-25,1.63,19.59,88.59,1.08,6.64,Curitiba,-25.4284,-49.2733,4,2024,25,Autumn,144.4017,1.7604,17.354781,0,0
2024-04-26,0.18,20.93,81.59,0.73,12.04,Curitiba,-25.4284,-49.2733,4,2024,26,Autumn,14.6862,0.1314,17.076787,0,0
2024-04-27,0.73,21.72,76.87,1.07,16.88,Curitiba,-25.4284,-49.2733,4,2024,27,Autumn,56.115100000000005,0.7811,16.696164,0,0
2024-04-28,8.1,21.92,83.39,0.95,10.96,Curitiba,-25.4284,-49.2733,4,2024,28,Autumn,675.459,7.694999999999999,18.279088,0,0
2024-04-29,1.93,22.36,80.36,0.81,15.29,Curitiba,-25.4284,-49.2733,4,2024,29,Autumn,155.0948,1.5633000000000001,17.968496,0,0
2024-04-30,0.03,22.65,69.8,0.78,16.87,Curitiba,-25.4284,-49.2733,4,2024,30,Autumn,2.094,0.0234,15.809699999999998,0,0
2024-05-01,0.3,22.48,70.21,0.99,17.17,Curitiba,-25.4284,-49.2733,5,2024,1,Autumn,21.063,0.297,15.783207999999998,0,0
2024-05-02,1.43,22.17,73.9,1.4,14.64,Curitiba,-25.4284,-49.2733,5,2024,2,Autumn,105.677,2.002,16.383630000000004,0,0
2024-05-03,1.98,20.87,79.67,0.8,12.95,Curitiba,-25.4284,-49.2733,5,2024,3,Autumn,157.7466,1.584,16.627129,0,0
2024-05-04,0.61,22.19,77.14,0.89,15.59,Curitiba,-25.4284,-49.2733,5,2024,4,Autumn,47.0554,0.5429,17.117366,0,0
2024-05-05,0.07,22.14,69.12,0.84,16.79,Curitiba,-25.4284,-49.2733,5,2024,5,Autumn,4.838400000000001,0.058800000000000005,15.303168000000001,0,0
2024-05-06,0.01,21.23,67.73,1.07,17.71,Curitiba,-25.4284,-49.2733,5,2024,6,Autumn,0.6773,0.010700000000000001,14.379079,0,0
2024-05-07,0.06,21.86,67.29,0.96,17.32,Curitiba,-25.4284,-49.2733,5,2024,7,Autumn,4.0374,0.0576,14.709594000000001,0,0
2024-05-08,0.02,22.42,65.94,1.35,15.16,Curitiba,-25.4284,-49.2733,5,2024,8,Autumn,1.3188,0.027000000000000003,14.783748000000001,0,0
2024-05-09,0.65,21.29,74.39,0.83,12.43,Curitiba,-25.4284,-49.2733,5,2024,9,Autumn,48.353500000000004,0.5395,15.837631,0,0
2024-05-10,0.35,21.0,77.97,0.89,12.93,Curitiba,-25.4284,-49.2733,5,2024,10,Autumn,27.289499999999997,0.3115,16.3737,0,0
2024-05-11,0.07,22.13,68.2,0.94,14.18,Curitiba,-25.4284,-49.2733,5,2024,11,Autumn,4.774000000000001,0.0658,15.09266,0,0
2024-05-12,0.02,21.67,63.5,1.39,16.0,Curitiba,-25.4284,-49.2733,5,2024,12,Autumn,1.27,0.0278,13.76045,0,0
2024-05-13,4.32,21.46,67.41,1.35,8.99,Curitiba,-25.4284,-49.2733,5,2024,13,Autumn,291.2112,5.832000000000001,14.466185999999999,0,0
2024-05-14,8.24,15.09,92.54,0.98,3.92,Curitiba,-25.4284,-49.2733,5,2024,14,Autumn,762.5296000000001,8.0752,13.964286000000001,0,0
2024-05-15,1.33,14.53,89.41,0.71,4.69,Curitiba,-25.4284,-49.2733,5,2024,15,Autumn,118.9153,0.9443,12.991273,0,0
2024-05-16,0.21,18.25,80.91,0.8,10.34,Curitiba,-25.4284,-49.2733,5,2024,16,Autumn,16.9911,0.168,14.766074999999999,0,0
2024-05-17,0.55,19.91,73.15,1.07,9.18,Curitiba,-25.4284,-49.2733,5,2024,17,Autumn,40.23250000000001,0.5885000000000001,14.564165000000001,0,0
2024-05-18,12.64,18.43,92.57,0.74,3.47,Curitiba,-25.4284,-49.2733,5,2024,18,Autumn,1170.0847999999999,9.3536,17.060651,0,0
2024-05-19,18.17,15.7,94.33,0.81,3.77,Curitiba,-25.4284,-49.2733,5,2024,19,Autumn,1713.9761,14.717700000000002,14.80981,0,0
2024-05-20,0.07,16.65,83.58,0.68,15.33,Curitiba,-25.4284,-49.2733,5,2024,20,Autumn,5.8506,0.04760000000000001,13.916069999999998,0,0
2024-05-21,0.12,16.16,83.79,0.65,10.22,Curitiba,-25.4284,-49.2733,5,2024,21,Autumn,10.0548,0.078,13.540464000000002,0,0
2024-05-22,0.18,18.19,82.15,0.88,13.39,Curitiba,-25.4284,-49.2733,5,2024,22,Autumn,14.787,0.15839999999999999,14.943085000000002,0,0
2024-05-23,1.39,19.1,75.63,0.99,14.92,Curitiba,-25.4284,-49.2733,5,2024,23,Autumn,105.12569999999998,1.3760999999999999,14.44533,0,0
2024-05-24,18.72,16.95,90.01,1.21,4.16,Curitiba,-25.4284,-49.2733,5,2024,24,Autumn,1684.9872,22.6512,15.256694999999999,0,0
2024-05-25,1.69,12.94,84.95,0.78,10.97,Curitiba,-25.4284,-49.2733,5,2024,25,Autumn,143.56550000000001,1.3182,10.99253,0,0
2024-05-26,5.73,10.27,94.1,1.09,3.43,Curitiba,-25.4284,-49.2733,5,2024,26,Autumn,539.193,6.245700000000001,9.664069999999999,0,0
2024-05-27,20.94,13.86,97.15,0.79,3.26,Curitiba,-25.4284,-49.2733,5,2024,27,Autumn,2034.3210000000001,16.5426,13.46499,0,1
2024-05-28,0.35,10.58,78.76,1.73,15.86,Curitiba,-25.4284,-49.2733,5,2024,28,Autumn,27.566,0.6054999999999999,8.332808,0,0
2024-05-29,0.05,10.02,81.93,0.67,16.14,Curitiba,-25.4284,-49.2733,5,2024,29,Autumn,4.096500000000001,0.0335,8.209386,0,0
2024-05-30,0.35,10.9,83.63,0.37,14.61,Curitiba,-25.4284,-49.2733,5,2024,30,Autumn,29.270499999999995,0.1295,9.11567,0,0
2024-05-31,0.03,11.75,82.62,0.77,14.63,Curitiba,-25.4284,-49.2733,5,2024,31,Autumn,2.4786,0.0231,9.70785,0,0
2024-06-01,0.07,13.83,84.33,0.85,14.48,Curitiba,-25.4284,-49.2733,6,2024,1,Winter,5.9031,0.059500000000000004,11.662839,0,0
2024-06-02,0.0,15.15,76.49,0.91,14.96,Curitiba,-25.4284,-49.2733,6,2024,2,Winter,0.0,0.0,11.588235,0,0
2024-06-03,0.26,16.52,75.96,0.95,13.01,Curitiba,-25.4284,-49.2733,6,2024,3,Winter,19.749599999999997,0.247,12.548592,0,0
2024-06-04,0.58,12.43,88.4,0.94,4.75,Curitiba,-25.4284,-49.2733,6,2024,4,Winter,51.272,0.5451999999999999,10.98812,0,0
2024-06-05,0.03,15.56,79.49,0.53,11.67,Curitiba,-25.4284,-49.2733,6,2024,5,Winter,2.3846999999999996,0.0159,12.368644,0,0
2024-06-06,0.01,16.85,71.93,0.74,13.24,Curitiba,-25.4284,-49.2733,6,2024,6,Winter,0.7193,0.0074,12.120205000000002,0,0
2024-06-07,0.03,17.66,70.33,0.73,14.61,Curitiba,-25.4284,-49.2733,6,2024,7,Winter,2.1098999999999997,0.0219,12.420278000000001,0,0
2024-06-08,0.01,17.59,70.41,0.89,13.5,Curitiba,-25.4284,-49.2733,6,2024,8,Winter,0.7041,0.0089,12.385119,0,0
2024-06-09,0.07,17.12,77.66,0.99,14.09,Curitiba,-25.4284,-49.2733,6,2024,9,Winter,5.4362,0.0693,13.295392,0,0
2024-06-10,0.01,18.27,75.65,1.03,14.0,Curitiba,-25.4284,-49.2733,6,2024,10,Winter,0.7565000000000001,0.0103,13.821255,0,0
2024-06-11,0.01,18.26,74.93,0.56,13.54,Curitiba,-25.4284,-49.2733,6,2024,11,Winter,0.7493000000000001,0.005600000000000001,13.682218000000002,0,0
2024-06-12,0.03,17.58,73.61,0.73,14.61,Curitiba,-25.4284,-49.2733,6,2024,12,Winter,2.2083,0.0219,12.940637999999998,0,0
2024-06-13,0.02,16.65,66.54,1.06,14.41,Curitiba,-25.4284,-49.2733,6,2024,13,Winter,1.3308000000000002,0.0212,11.07891,0,0
2024-06-14,0.02,17.33,62.49,1.13,14.68,Curitiba,-25.4284,-49.2733,6,2024,14,Winter,1.2498,0.0226,10.829517,0,0
2024-06-15,0.01,18.9,68.14,1.04,14.41,Curitiba,-25.4284,-49.2733,6,2024,15,Winter,0.6814,0.010400000000000001,12.878459999999999,0,0
2024-06-16,0.04,18.79,69.47,0.92,10.63,Curitiba,-25.4284,-49.2733,6,2024,16,Winter,2.7788,0.0368,13.053412999999999,0,0
2024-06-17,0.29,18.99,68.95,1.03,8.79,Curitiba,-25.4284,-49.2733,6,2024,17,Winter,19.9955,0.29869999999999997,13.093604999999998,0,0
2024-06-18,0.03,18.19,63.24,1.05,11.6,Curitiba,-25.4284,-49.2733,6,2024,18,Winter,1.8972,0.0315,11.503356000000002,0,0
2024-06-19,0.12,17.91,63.25,0.95,13.97,Curitiba,-25.4284,-49.2733,6,2024,19,Winter,7.59,0.11399999999999999,11.328074999999998,0,0
2024-06-20,0.13,18.29,71.48,0.61,10.23,Curitiba,-25.4284,-49.2733,6,2024,20,Winter,9.2924,0.0793,13.073692,0,0
2024-06-21,0.03,17.04,75.62,0.79,13.68,Curitiba,-25.4284,-49.2733,6,2024,21,Winter,2.2686,0.0237,12.885648000000002,0,0
2024-06-22,0.01,16.85,72.61,0.91,11.78,Curitiba,-25.4284,-49.2733,6,2024,22,Winter,0.7261,0.0091,12.234785,0,0
2024-06-23,0.01,19.09,68.73,1.19,13.4,Curitiba,-25.4284,-49.2733,6,2024,23,Winter,0.6873,0.011899999999999999,13.120557,0,0
2024-06-24,30.94,18.71,73.75,1.15,6.94,Curitiba,-25.4284,-49.2733,6,2024,24,Winter,2281.8250000000003,35.580999999999996,13.798625000000001,0,1
2024-06-25,53.55,11.7,95.36,1.25,2.87,Curitiba,-25.4284,-49.2733,6,2024,25,Winter,5106.527999999999,66.9375,11.157119999999999,1,2
2024-06-26,1.71,15.27,91.49,1.35,7.69,Curitiba,-25.4284,-49.2733,6,2024,26,Winter,156.44789999999998,2.3085,13.970522999999998,0,0
2024-06-27,0.15,13.81,81.48,0.87,14.98,Curitiba,-25.4284,-49.2733,6,2024,27,Winter,12.222,0.1305,11.252388000000002,0,0
2024-06-28,0.06,14.63,82.23,1.46,10.32,Curitiba,-25.4284,-49.2733,6,2024,28,Winter,4.9338,0.0876,12.030249000000001,0,0
2024-06-29,2.06,13.57,83.15,0.82,10.47,Curitiba,-25.4284,-49.2733,6,2024,29,Winter,171.28900000000002,1.6892,11.283455,0,0
2024-06-30,0.02,8.61,65.69,0.57,15.87,Curitiba,-25.4284,-49.2733,6,2024,30,Winter,1.3138,0.011399999999999999,5.655908999999999,0,0
2024-07-01,0.3,10.8,73.55,0.62,14.28,Curitiba,-25.4284,-49.2733,7,2024,1,Winter,22.064999999999998,0.186,7.9434,0,0
2024-07-02,0.01,13.42,67.31,0.95,15.39,Curitiba,-25.4284,-49.2733,7,2024,2,Winter,0.6731,0.0095,9.033002,0,0
2024-07-03,0.04,15.07,73.4,1.15,14.31,Curitiba,-25.4284,-49.2733,7,2024,3,Winter,2.9360000000000004,0.046,11.061380000000002,0,0
2024-07-04,0.0,16.5,70.42,1.0,11.59,Curitiba,-25.4284,-49.2733,7,2024,4,Winter,0.0,0.0,11.6193,0,0
2024-07-05,0.51,16.86,70.85,0.91,14.11,Curitiba,-25.4284,-49.2733,7,2024,5,Winter,36.1335,0.4641,11.945309999999997,0,0
2024-07-06,1.41,11.93,88.73,1.19,5.9,Curitiba,-25.4284,-49.2733,7,2024,6,Winter,125.1093,1.6778999999999997,10.585489,0,0
2024-07-07,9.92,14.58,84.6,0.86,5.94,Curitiba,-25.4284,-49.2733,7,2024,7,Winter,839.232,8.5312,12.33468,0,0
2024-07-08,14.85,9.88,94.83,1.07,2.55,Curitiba,-25.4284,-49.2733,7,2024,8,Winter,1408.2255,15.8895,9.369204000000002,0,0
2024-07-09,19.09,8.2,95.33,0.88,2.64,Curitiba,-25.4284,-49.2733,7,2024,9,Winter,1819.8497,16.7992,7.81706,0,0
2024-07-10,4.99,10.08,91.68,0.82,6.05,Curitiba,-25.4284,-49.2733,7,2024,10,Winter,457.48320000000007,4.0918,9.241344,0,0
2024-07-11,6.45,12.9,93.4,0.59,7.13,Curitiba,-25.4284,-49.2733,7,2024,11,Winter,602.4300000000001,3.8055,12.0486,0,0
2024-07-12,10.08,13.25,95.19,0.6,4.84,Curitiba,-25.4284,-49.2733,7,2024,12,Winter,959.5151999999999,6.048,12.612675,0,0
2024-07-13,11.26,10.82,96.11,0.81,3.4,Curitiba,-25.4284,-49.2733,7,2024,13,Winter,1082.1986,9.1206,10.399102,0,0
2024-07-14,13.18,12.25,96.17,0.63,3.29,Curitiba,-25.4284,-49.2733,7,2024,14,Winter,1267.5206,8.3034,11.780825,0,0
2024-07-15,11.43,11.89,96.14,1.1,3.95,Curitiba,-25.4284,-49.2733,7,2024,15,Winter,1098.8802,12.573,11.431046,0,0
2024-07-16,9.66,13.2,95.38,0.78,5.69,Curitiba,-25.4284,-49.2733,7,2024,16,Winter,921.3707999999999,7.534800000000001,12.59016,0,0
2024-07-17,0.55,14.78,88.91,0.7,14.51,Curitiba,-25.4284,-49.2733,7,2024,17,Winter,48.9005,0.385,13.140898,0,0
2024-07-18,0.12,15.33,83.5,0.43,14.66,Curitiba,-25.4284,-49.2733,7,2024,18,Winter,10.02,0.0516,12.80055,0,0
2024-07-19,0.03,14.51,79.93,0.6,12.43,Curitiba,-25.4284,-49.2733,7,2024,19,Winter,2.3979,0.018,11.597843000000001,0,0
2024-07-20,0.11,13.17,82.67,0.85,15.57,Curitiba,-25.4284,-49.2733,7,2024,20,Winter,9.0937,0.0935,10.887639,0,0
2024-07-21,0.03,13.68,70.66,0.55,16.13,Curitiba,-25.4284,-49.2733,7,2024,21,Winter,2.1197999999999997,0.0165,9.666288,0,0
2024-07-22,0.01,15.23,69.68,0.82,16.37,Curitiba,-25.4284,-49.2733,7,2024,22,Winter,0.6968000000000001,0.008199999999999999,10.612264000000001,0,0
2024-07-23,0.0,15.1,72.15,0.73,15.65,Curitiba,-25.4284,-49.2733,7,2024,23,Winter,0.0,0.0,10.89465,0,0
2024-07-24,0.02,14.75,75.9,0.85,15.55,Curitiba,-25.4284,-49.2733,7,2024,24,Winter,1.5180000000000002,0.017,11.19525,0,0
2024-07-25,0.01,15.76,72.57,0.93,15.72,Curitiba,-25.4284,-49.2733,7,2024,25,Winter,0.7256999999999999,0.009300000000000001,11.437031999999999,0,0
2024-07-26,0.01,17.74,63.7,0.67,12.23,Curitiba,-25.4284,-49.2733,7,2024,26,Winter,0.637,0.0067,11.300379999999999,0,0
2024-07-27,0.01,17.77,65.03,0.75,13.21,Curitiba,-25.4284,-49.2733,7,2024,27,Winter,0.6503,0.0075,11.555831,0,0
2024-07-28,0.96,17.3,72.53,0.77,12.07,Curitiba,-25.4284,-49.2733,7,2024,28,Winter,69.6288,0.7392,12.547690000000001,0,0
2024-07-29,4.9,14.44,90.72,0.78,2.5,Curitiba,-25.4284,-49.2733,7,2024,29,Winter,444.528,3.8220000000000005,13.099968,0,0
2024-07-30,5.53,10.03,94.5,1.25,4.27,Curitiba,-25.4284,-49.2733,7,2024,30,Winter,522.585,6.9125000000000005,9.478349999999999,0,0
2024-07-31,1.04,12.76,91.49,0.9,8.34,Curitiba,-25.4284,-49.2733,7,2024,31,Winter,95.14959999999999,0.936,11.674123999999999,0,0
2024-08-01,0.12,15.26,85.29,0.75,12.57,Curitiba,-25.4284,-49.2733,8,2024,1,Winter,10.2348,0.09,13.015254,0,0
2024-08-02,0.2,15.96,81.77,0.95,16.58,Curitiba,-25.4284,-49.2733,8,2024,2,Winter,16.354,0.19,13.050492,0,0
2024-08-03,0.35,16.93,74.44,1.12,16.85,Curitiba,-25.4284,-49.2733,8,2024,3,Winter,26.054,0.392,12.602692,0,0
2024-08-04,0.01,17.91,70.51,0.88,15.96,Curitiba,-25.4284,-49.2733,8,2024,4,Winter,0.7051000000000001,0.0088,12.628341,0,0
2024-08-05,0.01,19.09,73.7,0.8,9.57,Curitiba,-25.4284,-49.2733,8,2024,5,Winter,0.737,0.008,14.069329999999999,0,0
2024-08-06,0.03,18.79,74.14,0.88,16.26,Curitiba,-25.4284,-49.2733,8,2024,6,Winter,2.2241999999999997,0.0264,13.930906,0,0
2024-08-07,0.02,19.22,64.51,1.01,15.94,Curitiba,-25.4284,-49.2733,8,2024,7,Winter,1.2902000000000002,0.0202,12.398822,0,0
2024-08-08,1.86,16.5,80.32,0.79,3.3,Curitiba,-25.4284,-49.2733,8,2024,8,Winter,149.3952,1.4694,13.252799999999999,0,0
2024-08-09,5.92,12.03,92.28,0.67,5.38,Curitiba,-25.4284,-49.2733,8,2024,9,Winter,546.2976,3.9664,11.101284,0,0
2024-08-10,0.12,8.42,69.6,0.67,19.62,Curitiba,-25.4284,-49.2733,8,2024,10,Winter,8.351999999999999,0.0804,5.86032,0,0
2024-08-11,0.0,10.44,59.36,1.26,19.1,Curitiba,-25.4284,-49.2733,8,2024,11,Winter,0.0,0.0,6.197184,0,0
2024-08-12,0.13,7.91,62.96,1.31,20.03,Curitiba,-25.4284,-49.2733,8,2024,12,Winter,8.184800000000001,0.1703,4.980136000000001,0,0
2024-08-13,0.47,7.07,70.69,0.88,19.73,Curitiba,-25.4284,-49.2733,8,2024,13,Winter,33.2243,0.41359999999999997,4.997783,0,0
2024-08-14,0.54,10.84,71.21,0.51,18.8,Curitiba,-25.4284,-49.2733,8,2024,14,Winter,38.4534,0.27540000000000003,7.719163999999999,0,0
2024-08-15,0.02,16.45,58.7,0.72,18.66,Curitiba,-25.4284,-49.2733,8,2024,15,Winter,1.1740000000000002,0.0144,9.65615,0,0
2024-08-16,0.01,19.88,53.57,0.95,16.46,Curitiba,-25.4284,-49.2733,8,2024,16,Winter,0.5357000000000001,0.0095,10.649715999999998,0,0
2024-08-17,0.01,20.48,57.97,1.06,15.88,Curitiba,-25.4284,-49.2733,8,2024,17,Winter,0.5797,0.0106,11.872256,0,0
2024-08-18,0.0,20.63,56.3,0.85,15.65,Curitiba,-25.4284,-49.2733,8,2024,18,Winter,0.0,0.0,11.614689999999998,0,0
2024-08-19,0.0,21.69,47.79,0.96,17.88,Curitiba,-25.4284,-49.2733,8,2024,19,Winter,0.0,0.0,10.365651,0,0
2024-08-20,0.34,19.93,66.61,1.14,15.79,Curitiba,-25.4284,-49.2733,8,2024,20,Winter,22.6474,0.3876,13.275373,0,0
2024-08-21,0.6,18.17,78.92,1.04,15.77,Curitiba,-25.4284,-49.2733,8,2024,21,Winter,47.352,0.624,14.339764000000002,0,0
2024-08-22,0.12,19.96,59.81,1.25,18.71,Curitiba,-25.4284,-49.2733,8,2024,22,Winter,7.1772,0.15,11.938076000000002,0,0
2024-08-23,9.52,19.54,58.45,1.22,6.21,Curitiba,-25.4284,-49.2733,8,2024,23,Winter,556.444,11.6144,11.42113,0,0
2024-08-24,18.84,12.52,90.31,0.83,1.87,Curitiba,-25.4284,-49.2733,8,2024,24,Winter,1701.4404,15.6372,11.306811999999999,0,0
2024-08-25,0.41,8.88,69.86,1.16,19.23,Curitiba,-25.4284,-49.2733,8,2024,25,Winter,28.642599999999998,0.4755999999999999,6.203568000000001,0,0
2024-08-26,0.01,7.81,65.69,0.65,22.36,Curitiba,-25.4284,-49.2733,8,2024,26,Winter,0.6569,0.006500000000000001,5.130388999999999,0,0
2024-08-27,0.22,9.62,74.04,0.75,21.91,Curitiba,-25.4284,-49.2733,8,2024,27,Winter,16.288800000000002,0.165,7.122648,0,0
2024-08-28,0.75,11.11,81.09,0.92,18.27,Curitiba,-25.4284,-49.2733,8,2024,28,Winter,60.8175,0.6900000000000001,9.009099,0,0
2024-08-29,0.0,16.01,74.37,0.79,18.12,Curitiba,-25.4284,-49.2733,8,2024,29,Winter,0.0,0.0,11.906637000000002,0,0
2024-08-30,0.0,18.55,70.21,0.78,20.54,Curitiba,-25.4284,-49.2733,8,2024,30,Winter,0.0,0.0,13.023954999999999,0,0
2024-08-31,0.03,18.76,73.1,0.74,18.92,Curitiba,-25.4284,-49.2733,8,2024,31,Winter,2.1929999999999996,0.022199999999999998,13.713560000000001,0,0
2024-09-01,0.0,20.16,61.9,1.25,13.21,Curitiba,-25.4284,-49.2733,9,2024,1,Spring,0.0,0.0,12.47904,0,0
2024-09-02,0.02,19.37,67.3,0.66,17.59,Curitiba,-25.4284,-49.2733,9,2024,2,Spring,1.3459999999999999,0.013200000000000002,13.03601,0,0
2024-09-03,0.02,20.81,59.31,0.92,17.76,Curitiba,-25.4284,-49.2733,9,2024,3,Spring,1.1862000000000001,0.0184,12.342411,0,0
2024-09-04,0.06,20.73,59.0,1.17,18.4,Curitiba,-25.4284,-49.2733,9,2024,4,Spring,3.54,0.0702,12.230699999999999,0,0
2024-09-05,3.84,16.0,76.21,0.87,4.09,Curitiba,-25.4284,-49.2733,9,2024,5,Spring,292.64639999999997,3.3407999999999998,12.193599999999998,0,0
2024-09-06,0.11,13.89,81.25,1.15,7.98,Curitiba,-25.4284,-49.2733,9,2024,6,Spring,8.9375,0.1265,11.285625,0,0
2024-09-07,0.02,20.26,67.54,0.77,12.15,Curitiba,-25.4284,-49.2733,9,2024,7,Spring,1.3508000000000002,0.0154,13.683604000000003,0,0
2024-09-08,0.02,22.96,53.56,0.79,15.8,Curitiba,-25.4284,-49.2733,9,2024,8,Spring,1.0712000000000002,0.0158,12.297376000000002,0,0
2024-09-09,0.05,23.0,60.79,0.86,13.64,Curitiba,-25.4284,-49.2733,9,2024,9,Spring,3.0395000000000003,0.043000000000000003,13.9817,0,0
2024-09-10,0.04,22.6,59.68,0.84,13.58,Curitiba,-25.4284,-49.2733,9,2024,10,Spring,2.3872,0.0336,13.487680000000001,0,0
2024-09-11,0.0,22.3,47.74,1.11,19.68,Curitiba,-25.4284,-49.2733,9,2024,11,Spring,0.0,0.0,10.646020000000002,0,0
2024-09-12,0.03,22.78,47.0,1.15,19.52,Curitiba,-25.4284,-49.2733,9,2024,12,Spring,1.41,0.034499999999999996,10.7066,0,0
2024-09-13,0.17,22.1,52.67,1.18,17.55,Curitiba,-25.4284,-49.2733,9,2024,13,Spring,8.9539,0.2006,11.640070000000001,0,0
2024-09-14,4.56,20.08,74.43,0.99,4.56,Curitiba,-25.4284,-49.2733,9,2024,14,Spring,339.4008,4.514399999999999,14.945544,0,0
2024-09-15,47.92,13.13,91.95,1.44,2.13,Curitiba,-25.4284,-49.2733,9,2024,15,Spring,4406.244000000001,69.0048,12.073035,1,1
2024-09-16,5.25,13.67,90.67,1.0,4.88,Curitiba,-25.4284,-49.2733,9,2024,16,Spring,476.0175,5.25,12.394589000000002,0,0
2024-09-17,0.82,13.56,86.99,1.37,10.51,Curitiba,-25.4284,-49.2733,9,2024,17,Spring,71.33179999999999,1.1234,11.795843999999999,0,0
2024-09-18,1.09,15.06,84.1,1.08,15.27,Curitiba,-25.4284,-49.2733,9,2024,18,Spring,91.669,1.1772000000000002,12.66546,0,0
2024-09-19,4.17,16.24,90.67,0.9,5.44,Curitiba,-25.4284,-49.2733,9,2024,19,Spring,378.0939,3.753,14.724808,0,0
2024-09-20,15.77,19.31,86.92,1.09,9.76,Curitiba,-25.4284,-49.2733,9,2024,20,Spring,1370.7284,17.1893,16.784252,0,0
2024-09-21,0.38,18.98,84.55,0.66,8.06,Curitiba,-25.4284,-49.2733,9,2024,21,Spring,32.129,0.2508,16.04759,0,0
2024-09-22,0.1,20.86,78.22,0.68,19.72,Curitiba,-25.4284,-49.2733,9,2024,22,Spring,7.822,0.068,16.316692,0,0
2024-09-23,0.2,22.01,78.01,0.59,19.15,Curitiba,-25.4284,-49.2733,9,2024,23,Spring,15.602000000000002,0.118,17.170001000000003,0,0
2024-09-24,0.15,21.51,69.84,0.66,22.62,Curitiba,-25.4284,-49.2733,9,2024,24,Spring,10.476,0.099,15.022584000000002,0,0
2024-09-25,0.06,23.09,64.14,0.82,23.08,Curitiba,-25.4284,-49.2733,9,2024,25,Spring,3.8484,0.049199999999999994,14.809925999999999,0,0
2024-09-26,1.75,23.98,57.12,1.06,17.38,Curitiba,-25.4284,-49.2733,9,2024,26,Spring,99.96,1.855,13.697375999999998,0,0
2024-09-27,2.09,19.88,74.93,1.03,17.79,Curitiba,-25.4284,-49.2733,9,2024,27,Spring,156.6037,2.1527,14.896084,0,0
2024-09-28,0.03,17.07,73.12,1.07,22.97,Curitiba,-25.4284,-49.2733,9,2024,28,Spring,2.1936,0.032100000000000004,12.481584000000002,0,0
2024-09-29,0.01,17.95,69.09,1.0,25.77,Curitiba,-25.4284,-49.2733,9,2024,29,Spring,0.6909000000000001,0.01,12.401655,0,0
2024-09-30,0.05,21.02,68.74,0.99,23.78,Curitiba,-25.4284,-49.2733,9,2024,30,Spring,3.437,0.0495,14.449147999999997,0,0
2024-10-01,0.02,24.94,57.84,1.19,21.93,Curitiba,-25.4284,-49.2733,10,2024,1,Spring,1.1568,0.023799999999999998,14.425296000000001,0,0
2024-10-02,17.42,24.18,62.56,1.41,7.04,Curitiba,-25.4284,-49.2733,10,2024,2,Spring,1089.7952000000002,24.5622,15.127008000000002,0,0
2024-10-03,5.78,14.3,85.86,1.46,6.75,Curitiba,-25.4284,-49.2733,10,2024,3,Spring,496.2708,8.4388,12.277980000000001,0,0
2024-10-04,0.88,12.68,86.11,1.22,8.64,Curitiba,-25.4284,-49.2733,10,2024,4,Spring,75.7768,1.0735999999999999,10.918747999999999,0,0
2024-10-05,0.31,16.29,75.96,0.77,23.91,Curitiba,-25.4284,-49.2733,10,2024,5,Spring,23.5476,0.2387,12.373883999999999,0,0
2024-10-06,0.08,18.13,72.1,0.59,23.61,Curitiba,-25.4284,-49.2733,10,2024,6,Spring,5.768,0.0472,13.071729999999999,0,0
2024-10-07,0.14,18.26,74.35,1.2,18.77,Curitiba,-25.4284,-49.2733,10,2024,7,Spring,10.409,0.168,13.57631,0,0
2024-10-08,0.61,20.66,71.02,0.79,15.48,Curitiba,-25.4284,-49.2733,10,2024,8,Spring,43.322199999999995,0.4819,14.672731999999998,0,0
2024-10-09,7.97,16.39,90.97,1.28,2.75,Curitiba,-25.4284,-49.2733,10,2024,9,Spring,725.0309,10.2016,14.909983,0,0
2024-10-10,12.63,16.58,91.58,1.15,4.46,Curitiba,-25.4284,-49.2733,10,2024,10,Spring,1156.6554,14.5245,15.183963999999998,0,0
2024-10-11,15.67,19.47,89.23,1.13,4.54,Curitiba,-25.4284,-49.2733,10,2024,11,Spring,1398.2341000000001,17.707099999999997,17.373081,0,0
2024-10-12,0.62,19.34,79.72,1.02,15.17,Curitiba,-25.4284,-49.2733,10,2024,12,Spring,49.4264,0.6324,15.417848000000001,0,0
2024-10-13,0.21,17.17,80.93,1.39,20.24,Curitiba,-25.4284,-49.2733,10,2024,13,Spring,16.9953,0.2919,13.895681000000002,0,0
2024-10-14,0.04,16.64,80.55,1.34,12.75,Curitiba,-25.4284,-49.2733,10,2024,14,Spring,3.222,0.0536,13.40352,0,0
2024-10-15,2.6,19.3,77.61,1.14,15.76,Curitiba,-25.4284,-49.2733,10,2024,15,Spring,201.786,2.964,14.97873,0,0
2024-10-16,0.39,20.92,78.94,0.89,21.4,Curitiba,-25.4284,-49.2733,10,2024,16,Spring,30.7866,0.3471,16.514248000000002,0,0
2024-10-17,0.03,21.26,72.29,0.81,22.25,Curitiba,-25.4284,-49.2733,10,2024,17,Spring,2.1687000000000003,0.024300000000000002,15.368854000000002,0,0
2024-10-18,1.94,20.1,76.28,0.78,18.55,Curitiba,-25.4284,-49.2733,10,2024,18,Spring,147.9832,1.5132,15.332280000000003,0,0
2024-10-19,9.8,15.36,90.23,1.18,5.23,Curitiba,-25.4284,-49.2733,10,2024,19,Spring,884.2540000000001,11.564,13.859328,0,0
2024-10-20,1.29,16.01,83.55,1.39,15.8,Curitiba,-25.4284,-49.2733,10,2024,20,Spring,107.7795,1.7931,13.376355000000002,0,0
2024-10-21,0.95,19.47,83.81,1.43,16.03,Curitiba,-25.4284,-49.2733,10,2024,21,Spring,79.6195,1.3584999999999998,16.317807000000002,0,0
2024-10-22,0.1,23.23,75.67,0.56,22.16,Curitiba,-25.4284,-49.2733,10,2024,22,Spring,7.567,0.05600000000000001,17.578141000000002,0,0
2024-10-23,11.38,22.24,86.84,0.54,5.41,Curitiba,-25.4284,-49.2733,10,2024,23,Spring,988.2392000000001,6.145200000000001,19.313216,0,0
2024-10-24,6.14,23.79,79.06,1.67,19.7,Curitiba,-25.4284,-49.2733,10,2024,24,Spring,485.4284,10.253799999999998,18.808373999999997,0,0
2024-10-25,12.43,23.23,80.19,1.44,24.21,Curitiba,-25.4284,-49.2733,10,2024,25,Spring,996.7616999999999,17.8992,18.628137,0,0
2024-10-26,0.02,21.11,68.84,0.96,21.63,Curitiba,-25.4284,-49.2733,10,2024,26,Spring,1.3768,0.0192,14.532124,0,0
2024-10-27,0.16,17.1,78.89,1.53,14.22,Curitiba,-25.4284,-49.2733,10,2024,27,Spring,12.6224,0.24480000000000002,13.490190000000002,0,0
2024-10-28,0.01,19.49,72.96,0.8,22.53,Curitiba,-25.4284,-49.2733,10,2024,28,Spring,0.7295999999999999,0.008,14.219903999999998,0,0
2024-10-29,0.91,21.09,72.78,0.68,17.04,Curitiba,-25.4284,-49.2733,10,2024,29,Spring,66.2298,0.6188,15.349302,0,0
2024-10-30,0.7,20.0,76.19,1.26,26.23,Curitiba,-25.4284,-49.2733,10,2024,30,Spring,53.333,0.8819999999999999,15.238,0,0
2024-10-31,0.4,19.27,76.35,1.53,23.51,Curitiba,-25.4284,-49.2733,10,2024,31,Spring,30.54,0.6120000000000001,14.712644999999998,0,0
2024-11-01,0.77,20.02,75.54,1.37,21.92,Curitiba,-25.4284,-49.2733,11,2024,1,Spring,58.165800000000004,1.0549000000000002,15.123108000000002,0,0
2024-11-02,9.92,18.93,91.85,1.01,10.6,Curitiba,-25.4284,-49.2733,11,2024,2,Spring,911.1519999999999,10.0192,17.387204999999998,0,0
2024-11-03,14.72,18.97,92.67,1.48,6.3,Curitiba,-25.4284,-49.2733,11,2024,3,Spring,1364.1024,21.785600000000002,17.579499,0,0
2024-11-04,2.37,20.02,86.11,1.46,9.83,Curitiba,-25.4284,-49.2733,11,2024,4,Spring,204.0807,3.4602,17.239221999999998,0,0
2024-11-05,0.76,22.02,82.04,0.95,15.81,Curitiba,-25.4284,-49.2733,11,2024,5,Spring,62.35040000000001,0.722,18.065208,0,0
2024-11-06,8.07,21.9,83.5,1.15,11.81,Curitiba,-25.4284,-49.2733,11,2024,6,Spring,673.845,9.2805,18.286499999999997,0,0
2024-11-07,15.87,20.95,92.4,1.07,11.63,Curitiba,-25.4284,-49.2733,11,2024,7,Spring,1466.388,16.980900000000002,19.3578,0,0
2024-11-08,3.6,20.85,83.81,0.83,18.54,Curitiba,-25.4284,-49.2733,11,2024,8,Spring,301.716,2.988,17.474385,0,0
2024-11-09,0.93,18.63,80.57,0.94,16.8,Curitiba,-25.4284,-49.2733,11,2024,9,Spring,74.9301,0.8742,15.010190999999999,0,0
2024-11-10,0.12,19.28,75.04,0.78,20.42,Curitiba,-25.4284,-49.2733,11,2024,10,Spring,9.004800000000001,0.0936,14.467712000000002,0,0
2024-11-11,0.01,21.86,70.23,0.98,25.65,Curitiba,-25.4284,-49.2733,11,2024,11,Spring,0.7023,0.0098,15.352278,0,0
2024-11-12,4.62,20.82,79.86,0.93,13.64,Curitiba,-25.4284,-49.2733,11,2024,12,Spring,368.9532,4.296600000000001,16.626852,0,0
2024-11-13,0.15,18.26,69.54,0.77,20.21,Curitiba,-25.4284,-49.2733,11,2024,13,Spring,10.431000000000001,0.11549999999999999,12.698004000000001,0,0
2024-11-14,0.03,17.32,75.06,1.33,19.06,Curitiba,-25.4284,-49.2733,11,2024,14,Spring,2.2518,0.0399,13.000392000000002,0,0
2024-11-15,0.21,18.85,76.14,1.32,21.21,Curitiba,-25.4284,-49.2733,11,2024,15,Spring,15.9894,0.2772,14.35239,0,0
2024-11-16,0.21,20.82,78.69,1.24,19.34,Curitiba,-25.4284,-49.2733,11,2024,16,Spring,16.5249,0.26039999999999996,16.383257999999998,0,0
2024-11-17,0.07,22.37,69.01,0.88,24.43,Curitiba,-25.4284,-49.2733,11,2024,17,Spring,4.830700000000001,0.06160000000000001,15.437537000000003,0,0
2024-11-18,0.17,24.1,67.11,0.69,26.67,Curitiba,-25.4284,-49.2733,11,2024,18,Spring,11.408700000000001,0.1173,16.17351,0,0
2024-11-19,0.5,22.52,74.73,1.27,19.26,Curitiba,-25.4284,-49.2733,11,2024,19,Spring,37.365,0.635,16.829196000000003,0,0
2024-11-20,1.62,23.01,71.5,1.06,17.59,Curitiba,-25.4284,-49.2733,11,2024,20,Spring,115.83000000000001,1.7172000000000003,16.45215,0,0
2024-11-21,9.85,18.41,82.45,1.63,10.39,Curitiba,-25.4284,-49.2733,11,2024,21,Spring,812.1325,16.0555,15.179045,0,0
2024-11-22,2.31,19.07,81.74,1.47,10.82,Curitiba,-25.4284,-49.2733,11,2024,22,Spring,188.8194,3.3957,15.587817999999999,0,0
2024-11-23,2.62,18.28,80.95,1.41,18.21,Curitiba,-25.4284,-49.2733,11,2024,23,Spring,212.08900000000003,3.6942,14.79766,0,0
2024-11-24,0.27,18.08,75.98,1.45,24.83,Curitiba,-25.4284,-49.2733,11,2024,24,Spring,20.5146,0.3915,13.737184,0,0
2024-11-25,0.12,20.3,67.6,0.95,29.75,Curitiba,-25.4284,-49.2733,11,2024,25,Spring,8.111999999999998,0.11399999999999999,13.7228,0,0
2024-11-26,0.03,23.15,68.69,0.91,24.09,Curitiba,-25.4284,-49.2733,11,2024,26,Spring,2.0606999999999998,0.0273,15.901734999999999,0,0
2024-11-27,1.32,25.96,64.87,0.99,20.83,Curitiba,-25.4284,-49.2733,11,2024,27,Spring,85.62840000000001,1.3068,16.840252000000003,0,0
2024-11-28,13.44,23.45,81.67,1.09,7.97,Curitiba,-25.4284,-49.2733,11,2024,28,Spring,1097.6448,14.649600000000001,19.151615,0,0
2024-11-29,1.19,23.45,81.53,0.56,19.02,Curitiba,-25.4284,-49.2733,11,2024,29,Spring,97.02069999999999,0.6664,19.118785,0,0
2024-11-30,1.39,24.43,74.76,0.83,21.87,Curitiba,-25.4284,-49.2733,11,2024,30,Spring,103.9164,1.1537,18.263868000000002,0,0
2024-12-01,0.76,23.98,72.79,1.06,20.62,Curitiba,-25.4284,-49.2733,12,2024,1,Summer,55.32040000000001,0.8056000000000001,17.455042000000002,0,0
2024-12-02,7.58,24.5,76.84,1.06,10.15,Curitiba,-25.4284,-49.2733,12,2024,2,Summer,582.4472000000001,8.0348,18.8258,0,0
2024-12-03,6.17,20.17,86.17,1.29,13.09,Curitiba,-25.4284,-49.2733,12,2024,3,Summer,531.6689,7.9593,17.380489,0,0
2024-12-04,1.95,17.71,85.4,1.54,8.05,Curitiba,-25.4284,-49.2733,12,2024,4,Summer,166.53,3.003,15.124340000000002,0,0
2024-12-05,0.98,21.0,77.3,0.94,11.58,Curitiba,-25.4284,-49.2733,12,2024,5,Summer,75.75399999999999,0.9211999999999999,16.233,0,0
2024-12-06,11.96,23.56,79.31,1.35,17.12,Curitiba,-25.4284,-49.2733,12,2024,6,Summer,948.5476000000001,16.146,18.685436,0,0
2024-12-07,29.06,21.85,91.83,1.43,2.78,Curitiba,-25.4284,-49.2733,12,2024,7,Summer,2668.5798,41.5558,20.064855,0,1
2024-12-08,44.57,17.32,94.06,1.16,7.1,Curitiba,-25.4284,-49.2733,12,2024,8,Summer,4192.2542,51.7012,16.291192,1,1
2024-12-09,38.77,18.01,94.38,1.22,3.76,Curitiba,-25.4284,-49.2733,12,2024,9,Summer,3659.1126,47.299400000000006,16.997838,0,1
2024-12-10,15.61,19.79,87.29,1.09,13.06,Curitiba,-25.4284,-49.2733,12,2024,10,Summer,1362.5969,17.0149,17.274691,0,0
2024-12-11,2.87,18.74,85.86,1.21,21.57,Curitiba,-25.4284,-49.2733,12,2024,11,Summer,246.4182,3.4727,16.090163999999998,0,0
2024-12-12,1.01,18.82,80.62,1.02,25.7,Curitiba,-25.4284,-49.2733,12,2024,12,Summer,81.42620000000001,1.0302,15.172684,0,0
2024-12-13,7.51,19.47,82.13,1.03,21.08,Curitiba,-25.4284,-49.2733,12,2024,13,Summer,616.7963,7.7353,15.990710999999997,0,0
2024-12-14,9.83,20.41,90.62,1.13,10.09,Curitiba,-25.4284,-49.2733,12,2024,14,Summer,890.7946000000001,11.107899999999999,18.495542,0,0
2024-12-15,0.37,21.24,76.34,1.49,25.4,Curitiba,-25.4284,-49.2733,12,2024,15,Summer,28.245800000000003,0.5513,16.214616,0,0
2024-12-16,0.24,20.09,72.17,1.53,29.97,Curitiba,-25.4284,-49.2733,12,2024,16,Summer,17.3208,0.36719999999999997,14.498953,0,0
2024-12-17,2.99,20.01,75.95,0.7,26.11,Curitiba,-25.4284,-49.2733,12,2024,17,Summer,227.09050000000002,2.093,15.197595000000003,0,0
2024-12-18,1.02,20.05,75.92,0.98,24.01,Curitiba,-25.4284,-49.2733,12,2024,18,Summer,77.4384,0.9996,15.221960000000001,0,0
2024-12-19,2.93,22.0,73.91,0.83,23.54,Curitiba,-25.4284,-49.2733,12,2024,19,Summer,216.5563,2.4319,16.2602,0,0
2024-12-20,3.81,22.69,83.4,1.34,10.73,Curitiba,-25.4284,-49.2733,12,2024,20,Summer,317.754,5.1054,18.923460000000002,0,0
2024-12-21,2.62,22.15,80.68,1.2,22.18,Curitiba,-25.4284,-49.2733,12,2024,21,Summer,211.38160000000002,3.144,17.87062,0,0
2024-12-22,4.24,21.96,75.59,0.99,15.87,Curitiba,-25.4284,-49.2733,12,2024,22,Summer,320.50160000000005,4.1976,16.599564,0,0
2024-12-23,4.4,17.85,83.27,1.44,11.72,Curitiba,-25.4284,-49.2733,12,2024,23,Summer,366.38800000000003,6.336,14.863695000000002,0,0
2024-12-24,0.84,20.54,77.79,1.04,20.83,Curitiba,-25.4284,-49.2733,12,2024,24,Summer,65.34360000000001,0.8736,15.978066,0,0
2024-12-25,2.02,22.74,70.99,1.04,17.27,Curitiba,-25.4284,-49.2733,12,2024,25,Summer,143.3998,2.1008,16.143126,0,0
2024-12-26,5.26,22.48,77.19,0.71,14.13,Curitiba,-25.4284,-49.2733,12,2024,26,Summer,406.01939999999996,3.7345999999999995,17.352312,0,0
2024-12-27,1.38,23.18,72.67,0.76,21.99,Curitiba,-25.4284,-49.2733,12,2024,27,Summer,100.2846,1.0488,16.844906,0,0
2024-12-28,4.53,23.36,74.43,0.75,24.38,Curitiba,-25.4284,-49.2733,12,2024,28,Summer,337.16790000000003,3.3975,17.386848,0,0
2024-12-29,9.48,20.84,82.97,1.32,18.89,Curitiba,-25.4284,-49.2733,12,2024,29,Summer,786.5556,12.5136,17.290948,0,0
2024-12-30,0.73,21.44,75.91,0.95,22.72,Curitiba,-25.4284,-49.2733,12,2024,30,Summer,55.4143,0.6935,16.275104000000002,0,0
2024-12-31,1.54,22.53,72.85,0.8,23.2,Curitiba,-25.4284,-49.2733,12,2024,31,Summer,112.189,1.2320000000000002,16.413104999999998,0,0
2024-01-01,2.2,22.79,82.09,4.44,15.2,Florianopolis,-27.5949,-48.5482,1,2024,1,Summer,180.598,9.768000000000002,18.708311000000002,0,0
2024-01-02,7.45,23.05,84.66,4.71,13.46,Florianopolis,-27.5949,-48.5482,1,2024,2,Summer,630.717,35.0895,19.51413,0,0
2024-01-03,6.01,22.36,86.0,5.15,13.41,Florianopolis,-27.5949,-48.5482,1,2024,3,Summer,516.86,30.9515,19.229599999999998,0,0
2024-01-04,4.29,22.64,84.72,4.41,25.01,Florianopolis,-27.5949,-48.5482,1,2024,4,Summer,363.4488,18.9189,19.180608,0,0
2024-01-05,3.77,22.72,84.27,3.96,19.02,Florianopolis,-27.5949,-48.5482,1,2024,5,Summer,317.6979,14.9292,19.146144,0,0
2024-01-06,1.12,23.72,82.35,3.62,22.45,Florianopolis,-27.5949,-48.5482,1,2024,6,Summer,92.232,4.0544,19.533419999999996,0,0
2024-01-07,0.31,25.07,82.09,4.73,25.8,Florianopolis,-27.5949,-48.5482,1,2024,7,Summer,25.4479,1.4663000000000002,20.579963000000003,0,0
2024-01-08,0.41,27.95,78.91,3.05,27.65,Florianopolis,-27.5949,-48.5482,1,2024,8,Summer,32.3531,1.2505,22.055344999999996,0,0
2024-01-09,7.32,27.23,79.08,2.38,28.27,Florianopolis,-27.5949,-48.5482,1,2024,9,Summer,578.8656,17.4216,21.533483999999998,0,0
2024-01-10,0.65,27.08,80.66,2.6,28.71,Florianopolis,-27.5949,-48.5482,1,2024,10,Summer,52.429,1.6900000000000002,21.842727999999997,0,0
2024-01-11,8.3,27.16,81.94,3.35,19.57,Florianopolis,-27.5949,-48.5482,1,2024,11,Summer,680.1020000000001,27.805000000000003,22.254904,0,0
2024-01-12,3.15,23.31,78.58,7.07,13.05,Florianopolis,-27.5949,-48.5482,1,2024,12,Summer,247.527,22.270500000000002,18.316997999999998,0,0
2024-01-13,0.51,22.34,78.59,3.07,8.61,Florianopolis,-27.5949,-48.5482,1,2024,13,Summer,40.0809,1.5656999999999999,17.557006,0,0
2024-01-14,2.97,25.44,76.77,4.13,29.68,Florianopolis,-27.5949,-48.5482,1,2024,14,Summer,228.0069,12.2661,19.530288,0,0
2024-01-15,5.46,28.04,77.05,3.11,24.77,Florianopolis,-27.5949,-48.5482,1,2024,15,Summer,420.693,16.9806,21.604819999999997,0,0
2024-01-16,4.35,27.73,81.77,2.28,27.32,Florianopolis,-27.5949,-48.5482,1,2024,16,Summer,355.69949999999994,9.917999999999997,22.674821,0,0
2024-01-17,20.05,26.88,84.09,2.57,14.92,Florianopolis,-27.5949,-48.5482,1,2024,17,Summer,1686.0045000000002,51.5285,22.603392,0,1
2024-01-18,24.98,23.89,88.95,3.06,6.31,Florianopolis,-27.5949,-48.5482,1,2024,18,Summer,2221.971,76.4388,21.250155000000003,0,1
2024-01-19,0.59,27.93,80.68,2.88,26.06,Florianopolis,-27.5949,-48.5482,1,2024,19,Summer,47.6012,1.6991999999999998,22.533924000000003,0,0
2024-01-20,5.15,26.35,82.57,4.02,18.75,Florianopolis,-27.5949,-48.5482,1,2024,20,Summer,425.2355,20.703,21.757195,0,0
2024-01-21,6.12,23.78,80.29,5.87,17.77,Florianopolis,-27.5949,-48.5482,1,2024,21,Summer,491.37480000000005,35.9244,19.092962000000004,0,0
2024-01-22,5.0,22.38,79.49,4.24,8.41,Florianopolis,-27.5949,-48.5482,1,2024,22,Summer,397.45,21.200000000000003,17.789862,0,0
2024-01-23,3.13,21.95,75.06,4.95,16.92,Florianopolis,-27.5949,-48.5482,1,2024,23,Summer,234.9378,15.4935,16.47567,0,0
2024-01-24,14.17,21.41,75.4,5.06,6.82,Florianopolis,-27.5949,-48.5482,1,2024,24,Summer,1068.4180000000001,71.7002,16.14314,0,0
2024-01-25,3.19,21.2,72.74,4.49,17.7,Florianopolis,-27.5949,-48.5482,1,2024,25,Summer,232.04059999999998,14.3231,15.420879999999999,0,0
2024-01-26,4.81,21.71,76.61,4.29,13.89,Florianopolis,-27.5949,-48.5482,1,2024,26,Summer,368.49409999999995,20.6349,16.632031,0,0
2024-01-27,2.35,22.31,80.66,3.15,18.03,Florianopolis,-27.5949,-48.5482,1,2024,27,Summer,189.551,7.4025,17.995245999999998,0,0
2024-01-28,3.02,23.21,80.76,1.86,21.15,Florianopolis,-27.5949,-48.5482,1,2024,28,Summer,243.89520000000002,5.6172,18.744396000000002,0,0
2024-01-29,2.59,24.65,77.69,2.18,26.36,Florianopolis,-27.5949,-48.5482,1,2024,29,Summer,201.2171,5.6462,19.150584999999996,0,0
2024-01-30,0.54,25.49,75.84,2.46,27.54,Florianopolis,-27.5949,-48.5482,1,2024,30,Summer,40.9536,1.3284,19.331616,0,0
2024-01-31,0.18,25.08,77.4,2.18,25.34,Florianopolis,-27.5949,-48.5482,1,2024,31,Summer,13.932,0.3924,19.41192,0,0
2024-02-01,1.74,24.84,77.53,2.46,24.66,Florianopolis,-27.5949,-48.5482,2,2024,1,Summer,134.9022,4.2804,19.258452,0,0
2024-02-02,0.38,24.32,73.91,2.41,25.32,Florianopolis,-27.5949,-48.5482,2,2024,2,Summer,28.0858,0.9158000000000001,17.974912,0,0
2024-02-03,0.1,24.68,77.19,3.44,28.25,Florianopolis,-27.5949,-48.5482,2,2024,3,Summer,7.719,0.34400000000000003,19.050492000000002,0,0
2024-02-04,1.82,27.89,72.8,2.04,21.61,Florianopolis,-27.5949,-48.5482,2,2024,4,Summer,132.496,3.7128,20.30392,0,0
2024-02-05,0.76,28.52,69.91,1.86,24.7,Florianopolis,-27.5949,-48.5482,2,2024,5,Summer,53.1316,1.4136000000000002,19.938332,0,0
2024-02-06,3.03,26.58,79.87,2.66,24.18,Florianopolis,-27.5949,-48.5482,2,2024,6,Summer,242.0061,8.0598,21.229446,0,0
2024-02-07,6.02,25.54,85.87,3.07,24.18,Florianopolis,-27.5949,-48.5482,2,2024,7,Summer,516.9374,18.481399999999997,21.931198,0,0
2024-02-08,1.19,27.29,80.94,3.35,25.62,Florianopolis,-27.5949,-48.5482,2,2024,8,Summer,96.31859999999999,3.9865,22.088525999999998,0,0
2024-02-09,0.31,26.47,82.04,3.97,23.55,Florianopolis,-27.5949,-48.5482,2,2024,9,Summer,25.4324,1.2307000000000001,21.715988,0,0
2024-02-10,0.09,26.75,79.72,4.38,24.75,Florianopolis,-27.5949,-48.5482,2,2024,10,Summer,7.174799999999999,0.3942,21.3251,0,0
2024-02-11,0.02,27.24,76.19,4.33,26.1,Florianopolis,-27.5949,-48.5482,2,2024,11,Summer,1.5238,0.0866,20.754156,0,0
2024-02-12,0.19,29.06,74.62,3.34,27.53,Florianopolis,-27.5949,-48.5482,2,2024,12,Summer,14.177800000000001,0.6345999999999999,21.684572000000003,0,0
2024-02-13,8.4,28.84,72.73,4.81,14.19,Florianopolis,-27.5949,-48.5482,2,2024,13,Summer,610.932,40.403999999999996,20.975332,0,0
2024-02-14,18.29,22.17,79.82,5.96,6.35,Florianopolis,-27.5949,-48.5482,2,2024,14,Summer,1459.9077999999997,109.0084,17.696094,0,0
2024-02-15,1.65,22.61,72.52,3.03,13.45,Florianopolis,-27.5949,-48.5482,2,2024,15,Summer,119.65799999999999,4.999499999999999,16.396772,0,0
2024-02-16,1.42,23.38,72.83,2.46,16.2,Florianopolis,-27.5949,-48.5482,2,2024,16,Summer,103.4186,3.4932,17.027654,0,0
2024-02-17,10.64,25.26,77.09,1.73,16.76,Florianopolis,-27.5949,-48.5482,2,2024,17,Summer,820.2376,18.4072,19.472934000000002,0,0
2024-02-18,7.11,25.1,84.04,3.11,22.65,Florianopolis,-27.5949,-48.5482,2,2024,18,Summer,597.5244000000001,22.1121,21.094040000000003,0,0
2024-02-19,3.94,25.36,76.8,2.06,24.59,Florianopolis,-27.5949,-48.5482,2,2024,19,Summer,302.592,8.1164,19.47648,0,0
2024-02-20,1.88,24.38,77.14,3.14,21.26,Florianopolis,-27.5949,-48.5482,2,2024,20,Summer,145.0232,5.9032,18.806732,0,0
2024-02-21,0.69,24.31,77.26,2.89,16.23,Florianopolis,-27.5949,-48.5482,2,2024,21,Summer,53.3094,1.9941,18.781906,0,0
2024-02-22,2.24,25.22,79.32,2.37,18.68,Florianopolis,-27.5949,-48.5482,2,2024,22,Summer,177.67680000000001,5.308800000000001,20.004503999999997,0,0
2024-02-23,1.69,27.77,76.14,2.8,23.23,Florianopolis,-27.5949,-48.5482,2,2024,23,Summer,128.6766,4.731999999999999,21.144078,0,0
2024-02-24,3.9,27.92,76.6,2.48,21.65,Florianopolis,-27.5949,-48.5482,2,2024,24,Summer,298.73999999999995,9.672,21.386719999999997,0,0
2024-02-25,1.76,25.77,81.9,3.95,9.86,Florianopolis,-27.5949,-48.5482,2,2024,25,Summer,144.144,6.952,21.10563,0,0
2024-02-26,4.98,24.08,87.86,3.8,11.51,Florianopolis,-27.5949,-48.5482,2,2024,26,Summer,437.54280000000006,18.924,21.156688,0,0
2024-02-27,9.06,26.83,82.26,3.69,12.59,Florianopolis,-27.5949,-48.5482,2,2024,27,Summer,745.2756,33.431400000000004,22.070358,0,0
2024-02-28,6.48,26.77,81.67,2.4,21.12,Florianopolis,-27.5949,-48.5482,2,2024,28,Summer,529.2216000000001,15.552,21.863059,0,0
2024-02-29,7.86,24.95,86.89,2.71,15.05,Florianopolis,-27.5949,-48.5482,2,2024,29,Summer,682.9554,21.3006,21.679054999999998,0,0
2024-03-01,2.09,25.84,78.63,2.38,21.2,Florianopolis,-27.5949,-48.5482,3,2024,1,Autumn,164.33669999999998,4.9742,20.317992,0,0
2024-03-02,0.41,25.34,80.68,3.76,24.31,Florianopolis,-27.5949,-48.5482,3,2024,2,Autumn,33.0788,1.5415999999999999,20.444312,0,0
2024-03-03,3.64,26.88,76.31,3.3,23.07,Florianopolis,-27.5949,-48.5482,3,2024,3,Autumn,277.76840000000004,12.012,20.512128,0,0
2024-03-04,10.72,24.86,83.14,4.77,13.6,Florianopolis,-27.5949,-48.5482,3,2024,4,Autumn,891.2608,51.1344,20.668604000000002,0,0
2024-03-05,3.29,22.17,80.84,4.41,5.72,Florianopolis,-27.5949,-48.5482,3,2024,5,Autumn,265.96360000000004,14.5089,17.922228,0,0
2024-03-06,0.75,22.35,72.17,2.37,12.32,Florianopolis,-27.5949,-48.5482,3,2024,6,Autumn,54.1275,1.7775,16.129995,0,0
2024-03-07,1.32,23.86,79.67,3.92,11.8,Florianopolis,-27.5949,-48.5482,3,2024,7,Autumn,105.1644,5.1744,19.009262,0,0
2024-03-08,19.56,24.23,86.75,6.09,4.69,Florianopolis,-27.5949,-48.5482,3,2024,8,Autumn,1696.83,119.12039999999999,21.019525,0,0
2024-03-09,12.28,26.8,82.92,3.71,13.36,Florianopolis,-27.5949,-48.5482,3,2024,9,Autumn,1018.2575999999999,45.5588,22.22256,0,0
2024-03-10,0.3,26.62,78.84,4.34,22.82,Florianopolis,-27.5949,-48.5482,3,2024,10,Autumn,23.652,1.3019999999999998,20.987208,0,0
2024-03-11,0.05,23.75,74.58,2.89,25.53,Florianopolis,-27.5949,-48.5482,3,2024,11,Autumn,3.729,0.14450000000000002,17.71275,0,0
2024-03-12,0.05,23.84,72.65,2.68,25.2,Florianopolis,-27.5949,-48.5482,3,2024,12,Autumn,3.6325000000000003,0.134,17.319760000000002,0,0
2024-03-13,0.0,24.57,76.66,3.89,25.17,Florianopolis,-27.5949,-48.5482,3,2024,13,Autumn,0.0,0.0,18.835362,0,0
2024-03-14,0.02,25.69,79.49,3.68,24.13,Florianopolis,-27.5949,-48.5482,3,2024,14,Autumn,1.5897999999999999,0.0736,20.420981,0,0
2024-03-15,0.42,27.46,77.71,2.26,20.43,Florianopolis,-27.5949,-48.5482,3,2024,15,Autumn,32.6382,0.9491999999999998,21.339166,0,0
2024-03-16,5.04,26.54,86.94,2.15,15.47,Florianopolis,-27.5949,-48.5482,3,2024,16,Autumn,438.1776,10.836,23.073876,0,0
2024-03-17,0.65,26.67,83.54,3.18,14.31,Florianopolis,-27.5949,-48.5482,3,2024,17,Autumn,54.30100000000001,2.067,22.280118,0,0
2024-03-18,0.39,25.94,80.72,2.22,15.68,Florianopolis,-27.5949,-48.5482,3,2024,18,Autumn,31.480800000000002,0.8658000000000001,20.938768000000003,0,0
2024-03-19,5.67,27.41,80.31,2.96,12.99,Florianopolis,-27.5949,-48.5482,3,2024,19,Autumn,455.3577,16.7832,22.012971,0,0
2024-03-20,4.05,26.93,84.55,3.92,17.78,Florianopolis,-27.5949,-48.5482,3,2024,20,Autumn,342.42749999999995,15.876,22.769315,0,0
2024-03-21,2.08,27.79,76.5,6.46,15.44,Florianopolis,-27.5949,-48.5482,3,2024,21,Autumn,159.12,13.4368,21.25935,0,0
2024-03-22,0.84,21.93,69.32,6.71,15.89,Florianopolis,-27.5949,-48.5482,3,2024,22,Autumn,58.22879999999999,5.6364,15.201875999999999,0,0
2024-03-23,0.84,22.09,68.65,3.42,15.02,Florianopolis,-27.5949,-48.5482,3,2024,23,Autumn,57.666000000000004,2.8728,15.164785000000002,0,0
2024-03-24,1.21,23.21,73.08,2.97,14.04,Florianopolis,-27.5949,-48.5482,3,2024,24,Autumn,88.4268,3.5937,16.961868,0,0
2024-03-25,0.23,24.08,75.79,2.97,21.39,Florianopolis,-27.5949,-48.5482,3,2024,25,Autumn,17.431700000000003,0.6831,18.250232,0,0
2024-03-26,0.1,22.59,74.69,3.41,16.85,Florianopolis,-27.5949,-48.5482,3,2024,26,Autumn,7.469,0.341,16.872471,0,0
2024-03-27,0.04,23.03,72.34,2.86,20.6,Florianopolis,-27.5949,-48.5482,3,2024,27,Autumn,2.8936,0.1144,16.659902000000002,0,0
2024-03-28,0.2,23.64,76.37,4.11,21.79,Florianopolis,-27.5949,-48.5482,3,2024,28,Autumn,15.274000000000001,0.8220000000000001,18.053868,0,0
2024-03-29,5.2,23.89,80.76,3.05,19.46,Florianopolis,-27.5949,-48.5482,3,2024,29,Autumn,419.95200000000006,15.86,19.293564000000003,0,0
2024-03-30,0.26,25.35,72.47,2.14,21.07,Florianopolis,-27.5949,-48.5482,3,2024,30,Autumn,18.842200000000002,0.5564,18.371145000000002,0,0
2024-03-31,0.01,26.21,70.59,2.01,20.88,Florianopolis,-27.5949,-48.5482,3,2024,31,Autumn,0.7059000000000001,0.0201,18.501639000000004,0,0
2024-04-01,0.08,24.43,80.13,3.55,11.26,Florianopolis,-27.5949,-48.5482,4,2024,1,Autumn,6.4104,0.284,19.575758999999998,0,0
2024-04-02,1.02,24.79,75.88,3.93,17.39,Florianopolis,-27.5949,-48.5482,4,2024,2,Autumn,77.3976,4.0086,18.810651999999997,0,0
2024-04-03,0.23,24.93,75.29,2.84,15.85,Florianopolis,-27.5949,-48.5482,4,2024,3,Autumn,17.3167,0.6532,18.769797,0,0
2024-04-04,0.79,26.83,75.93,3.41,16.77,Florianopolis,-27.5949,-48.5482,4,2024,4,Autumn,59.98470000000001,2.6939,20.372019,0,0
2024-04-05,10.77,25.48,78.51,3.3,9.98,Florianopolis,-27.5949,-48.5482,4,2024,5,Autumn,845.5527000000001,35.541,20.004348,0,0
2024-04-06,0.69,21.89,69.64,3.78,13.09,Florianopolis,-27.5949,-48.5482,4,2024,6,Autumn,48.05159999999999,2.6081999999999996,15.244196,0,0
2024-04-07,0.55,22.78,77.52,4.38,6.15,Florianopolis,-27.5949,-48.5482,4,2024,7,Autumn,42.636,2.4090000000000003,17.659056,0,0
2024-04-08,1.82,25.12,79.99,3.82,9.31,Florianopolis,-27.5949,-48.5482,4,2024,8,Autumn,145.5818,6.9524,20.093488,0,0
2024-04-09,0.23,25.75,77.45,2.66,19.01,Florianopolis,-27.5949,-48.5482,4,2024,9,Autumn,17.8135,0.6118,19.943375000000003,0,0
2024-04-10,2.26,25.99,73.62,1.72,18.37,Florianopolis,-27.5949,-48.5482,4,2024,10,Autumn,166.3812,3.8871999999999995,19.133838,0,0
2024-04-11,5.53,23.06,87.69,4.72,7.36,Florianopolis,-27.5949,-48.5482,4,2024,11,Autumn,484.9257,26.1016,20.221314,0,0
2024-04-12,14.01,23.21,85.21,5.32,5.51,Florianopolis,-27.5949,-48.5482,4,2024,12,Autumn,1193.7921,74.53320000000001,19.777241,0,0
2024-04-13,18.37,23.45,87.07,5.49,6.69,Florianopolis,-27.5949,-48.5482,4,2024,13,Autumn,1599.4759,100.85130000000001,20.417914999999997,0,0
2024-04-14,18.53,23.14,91.46,5.22,6.4,Florianopolis,-27.5949,-48.5482,4,2024,14,Autumn,1694.7538,96.7266,21.163844,0,0
2024-04-15,18.43,23.58,90.66,6.25,5.3,Florianopolis,-27.5949,-48.5482,4,2024,15,Autumn,1670.8637999999999,115.1875,21.377627999999998,0,0
2024-04-16,24.52,23.78,92.28,6.59,5.31,Florianopolis,-27.5949,-48.5482,4,2024,16,Autumn,2262.7056,161.58679999999998,21.944184000000003,0,1
2024-04-17,1.03,24.04,76.74,2.72,12.73,Florianopolis,-27.5949,-48.5482,4,2024,17,Autumn,79.0422,2.8016,18.448296,0,0
2024-04-18,0.0,19.97,68.18,2.16,20.0,Florianopolis,-27.5949,-48.5482,4,2024,18,Autumn,0.0,0.0,13.615546,0,0
2024-04-19,0.1,20.17,71.14,1.79,19.3,Florianopolis,-27.5949,-48.5482,4,2024,19,Autumn,7.114000000000001,0.17900000000000002,14.348938000000002,0,0
2024-04-20,0.05,19.97,80.89,3.51,18.75,Florianopolis,-27.5949,-48.5482,4,2024,20,Autumn,4.0445,0.1755,16.153733,0,0
2024-04-21,0.07,21.23,82.36,3.19,19.17,Florianopolis,-27.5949,-48.5482,4,2024,21,Autumn,5.7652,0.22330000000000003,17.485028,0,0
2024-04-22,0.06,22.28,82.5,2.27,16.92,Florianopolis,-27.5949,-48.5482,4,2024,22,Autumn,4.95,0.1362,18.381,0,0
2024-04-23,0.21,24.92,83.49,2.46,13.72,Florianopolis,-27.5949,-48.5482,4,2024,23,Autumn,17.532899999999998,0.5166,20.805708,0,0
2024-04-24,2.1,24.04,81.36,2.95,15.18,Florianopolis,-27.5949,-48.5482,4,2024,24,Autumn,170.856,6.195,19.558944,0,0
2024-04-25,3.77,19.65,82.65,2.53,3.48,Florianopolis,-27.5949,-48.5482,4,2024,25,Autumn,311.5905,9.5381,16.240724999999998,0,0
2024-04-26,4.69,21.99,89.74,5.0,7.56,Florianopolis,-27.5949,-48.5482,4,2024,26,Autumn,420.8806,23.450000000000003,19.733825999999997,0,0
2024-04-27,0.26,25.25,81.43,4.29,16.16,Florianopolis,-27.5949,-48.5482,4,2024,27,Autumn,21.1718,1.1154,20.561075,0,0
2024-04-28,14.01,21.14,85.14,4.41,3.56,Florianopolis,-27.5949,-48.5482,4,2024,28,Autumn,1192.8114,61.7841,17.998596000000003,0,0
2024-04-29,3.61,22.72,89.47,3.91,8.16,Florianopolis,-27.5949,-48.5482,4,2024,29,Autumn,322.9867,14.1151,20.327583999999998,0,0
2024-04-30,2.65,24.69,86.08,3.24,11.85,Florianopolis,-27.5949,-48.5482,4,2024,30,Autumn,228.112,8.586,21.253152,0,0
2024-05-01,7.86,25.59,83.22,2.74,11.81,Florianopolis,-27.5949,-48.5482,5,2024,1,Autumn,654.1092,21.536400000000004,21.295997999999997,0,0
2024-05-02,2.27,25.71,83.77,3.36,4.76,Florianopolis,-27.5949,-48.5482,5,2024,2,Autumn,190.15789999999998,7.6272,21.537267,0,0
2024-05-03,19.63,21.56,89.33,3.63,6.26,Florianopolis,-27.5949,-48.5482,5,2024,3,Autumn,1753.5478999999998,71.25689999999999,19.259548,0,0
2024-05-04,4.25,23.98,88.69,2.99,8.82,Florianopolis,-27.5949,-48.5482,5,2024,4,Autumn,376.9325,12.707500000000001,21.267862,0,0
2024-05-05,0.13,24.68,87.21,2.33,15.55,Florianopolis,-27.5949,-48.5482,5,2024,5,Autumn,11.337299999999999,0.3029,21.523428,0,0
2024-05-06,0.11,24.19,85.25,3.12,15.38,Florianopolis,-27.5949,-48.5482,5,2024,6,Autumn,9.3775,0.3432,20.621975000000003,0,0
2024-05-07,0.01,24.67,80.04,3.32,15.99,Florianopolis,-27.5949,-48.5482,5,2024,7,Autumn,0.8004000000000001,0.0332,19.745868000000005,0,0
2024-05-08,0.13,25.54,80.19,3.77,14.38,Florianopolis,-27.5949,-48.5482,5,2024,8,Autumn,10.4247,0.49010000000000004,20.480525999999998,0,0
2024-05-09,3.39,21.13,82.12,4.45,5.17,Florianopolis,-27.5949,-48.5482,5,2024,9,Autumn,278.38680000000005,15.085500000000001,17.351956,0,0
2024-05-10,2.01,20.29,87.92,2.95,4.82,Florianopolis,-27.5949,-48.5482,5,2024,10,Autumn,176.71919999999997,5.9295,17.838967999999998,0,0
2024-05-11,1.36,23.09,89.5,1.53,10.76,Florianopolis,-27.5949,-48.5482,5,2024,11,Autumn,121.72000000000001,2.0808,20.66555,0,0
2024-05-12,0.64,24.63,81.14,2.53,8.97,Florianopolis,-27.5949,-48.5482,5,2024,12,Autumn,51.9296,1.6192,19.984782,0,0
2024-05-13,10.5,21.7,81.39,4.14,3.74,Florianopolis,-27.5949,-48.5482,5,2024,13,Autumn,854.595,43.47,17.66163,0,0
2024-05-14,1.93,16.56,76.85,4.83,6.2,Florianopolis,-27.5949,-48.5482,5,2024,14,Autumn,148.32049999999998,9.3219,12.726359999999998,0,0
2024-05-15,0.03,15.94,69.02,1.66,14.14,Florianopolis,-27.5949,-48.5482,5,2024,15,Autumn,2.0705999999999998,0.0498,11.001787999999998,0,0
2024-05-16,1.99,18.14,88.11,3.15,4.06,Florianopolis,-27.5949,-48.5482,5,2024,16,Autumn,175.3389,6.2684999999999995,15.983154,0,0
2024-05-17,9.91,18.92,87.61,2.93,3.14,Florianopolis,-27.5949,-48.5482,5,2024,17,Autumn,868.2151,29.0363,16.575812000000003,0,0
2024-05-18,56.56,15.0,86.94,4.52,1.58,Florianopolis,-27.5949,-48.5482,5,2024,18,Autumn,4917.3264,255.6512,13.040999999999999,1,2
2024-05-19,8.56,17.6,90.94,2.28,3.21,Florianopolis,-27.5949,-48.5482,5,2024,19,Autumn,778.4464,19.5168,16.00544,0,0
2024-05-20,0.04,17.21,77.37,2.47,15.37,Florianopolis,-27.5949,-48.5482,5,2024,20,Autumn,3.0948,0.09880000000000001,13.315377000000002,0,0
2024-05-21,0.12,16.65,83.87,2.97,14.06,Florianopolis,-27.5949,-48.5482,5,2024,21,Autumn,10.064400000000001,0.3564,13.964355,0,0
2024-05-22,0.19,19.33,91.71,3.95,11.08,Florianopolis,-27.5949,-48.5482,5,2024,22,Autumn,17.424899999999997,0.7505000000000001,17.727542999999997,0,0
2024-05-23,1.27,21.59,88.9,3.45,10.9,Florianopolis,-27.5949,-48.5482,5,2024,23,Autumn,112.903,4.3815,19.19351,0,0
2024-05-24,15.26,20.47,88.75,2.2,4.74,Florianopolis,-27.5949,-48.5482,5,2024,24,Autumn,1354.325,33.572,18.167125,0,0
2024-05-25,0.01,14.03,75.99,4.07,13.7,Florianopolis,-27.5949,-48.5482,5,2024,25,Autumn,0.7599,0.04070000000000001,10.661396999999997,0,0
2024-05-26,0.44,13.31,82.88,4.1,5.63,Florianopolis,-27.5949,-48.5482,5,2024,26,Autumn,36.4672,1.8039999999999998,11.031328,0,0
2024-05-27,18.02,16.94,94.96,3.73,3.01,Florianopolis,-27.5949,-48.5482,5,2024,27,Autumn,1711.1791999999998,67.2146,16.086223999999998,0,0
2024-05-28,0.04,14.21,73.52,4.44,15.04,Florianopolis,-27.5949,-48.5482,5,2024,28,Autumn,2.9408,0.1776,10.447192,0,0
2024-05-29,0.04,14.77,76.78,4.19,14.73,Florianopolis,-27.5949,-48.5482,5,2024,29,Autumn,3.0712,0.16760000000000003,11.340406,0,0
2024-05-30,0.0,15.0,74.69,2.17,14.67,Florianopolis,-27.5949,-48.5482,5,2024,30,Autumn,0.0,0.0,11.2035,0,0
2024-05-31,0.04,14.75,84.65,2.24,14.5,Florianopolis,-27.5949,-48.5482,5,2024,31,Autumn,3.386,0.08960000000000001,12.485875,0,0
2024-06-01,0.0,15.88,91.6,4.09,8.7,Florianopolis,-27.5949,-48.5482,6,2024,1,Winter,0.0,0.0,14.54608,0,0
2024-06-02,0.07,18.19,86.48,3.32,14.13,Florianopolis,-27.5949,-48.5482,6,2024,2,Winter,6.053600000000001,0.23240000000000002,15.730712,0,0
2024-06-03,3.5,16.87,82.65,5.16,9.0,Florianopolis,-27.5949,-48.5482,6,2024,3,Winter,289.27500000000003,18.060000000000002,13.943055000000001,0,0
2024-06-04,0.42,14.63,80.4,2.44,4.44,Florianopolis,-27.5949,-48.5482,6,2024,4,Winter,33.768,1.0248,11.762520000000002,0,0
2024-06-05,0.38,16.83,88.71,3.47,11.23,Florianopolis,-27.5949,-48.5482,6,2024,5,Winter,33.7098,1.3186,14.929892999999996,0,0
2024-06-06,0.04,20.0,86.83,2.35,11.62,Florianopolis,-27.5949,-48.5482,6,2024,6,Winter,3.4732,0.094,17.366,0,0
2024-06-07,0.02,21.79,75.58,2.18,13.0,Florianopolis,-27.5949,-48.5482,6,2024,7,Winter,1.5116,0.04360000000000001,16.468882,0,0
2024-06-08,0.06,20.81,79.07,2.12,9.58,Florianopolis,-27.5949,-48.5482,6,2024,8,Winter,4.744199999999999,0.1272,16.454466999999998,0,0
2024-06-09,0.05,19.65,86.4,3.07,12.02,Florianopolis,-27.5949,-48.5482,6,2024,9,Winter,4.32,0.1535,16.977600000000002,0,0
2024-06-10,0.06,22.26,80.35,2.51,12.65,Florianopolis,-27.5949,-48.5482,6,2024,10,Winter,4.821,0.15059999999999998,17.885910000000003,0,0
2024-06-11,0.02,21.48,82.84,1.5,11.27,Florianopolis,-27.5949,-48.5482,6,2024,11,Winter,1.6568,0.03,17.794032,0,0
2024-06-12,0.03,20.53,88.55,2.68,12.33,Florianopolis,-27.5949,-48.5482,6,2024,12,Winter,2.6565,0.0804,18.179315,0,0
2024-06-13,0.06,19.35,85.37,3.18,11.87,Florianopolis,-27.5949,-48.5482,6,2024,13,Winter,5.1222,0.1908,16.519095,0,0
2024-06-14,0.01,19.82,77.11,3.16,12.23,Florianopolis,-27.5949,-48.5482,6,2024,14,Winter,0.7711,0.0316,15.283202000000001,0,0
2024-06-15,0.1,22.0,76.92,3.4,11.81,Florianopolis,-27.5949,-48.5482,6,2024,15,Winter,7.692,0.34,16.9224,0,0
2024-06-16,7.43,20.79,87.53,1.51,5.09,Florianopolis,-27.5949,-48.5482,6,2024,16,Winter,650.3479,11.2193,18.197487,0,0
2024-06-17,10.89,21.8,85.07,2.15,7.19,Florianopolis,-27.5949,-48.5482,6,2024,17,Winter,926.4123,23.4135,18.54526,0,0
2024-06-18,0.76,21.06,86.1,2.53,6.9,Florianopolis,-27.5949,-48.5482,6,2024,18,Winter,65.43599999999999,1.9227999999999998,18.132659999999998,0,0
2024-06-19,2.59,21.06,74.95,2.15,10.19,Florianopolis,-27.5949,-48.5482,6,2024,19,Winter,194.1205,5.568499999999999,15.78447,0,0
2024-06-20,2.13,20.71,82.45,2.63,4.51,Florianopolis,-27.5949,-48.5482,6,2024,20,Winter,175.61849999999998,5.6019,17.075395,0,0
2024-06-21,0.13,19.56,88.71,1.32,7.96,Florianopolis,-27.5949,-48.5482,6,2024,21,Winter,11.5323,0.1716,17.351675999999998,0,0
2024-06-22,0.01,19.72,86.75,3.23,12.52,Florianopolis,-27.5949,-48.5482,6,2024,22,Winter,0.8675,0.0323,17.1071,0,0
2024-06-23,7.75,21.78,80.39,2.94,10.78,Florianopolis,-27.5949,-48.5482,6,2024,23,Winter,623.0225,22.785,17.508942,0,0
2024-06-24,31.3,17.54,86.37,6.03,1.14,Florianopolis,-27.5949,-48.5482,6,2024,24,Winter,2703.3810000000003,188.739,15.149298,0,1
2024-06-25,15.64,14.15,82.16,3.95,4.45,Florianopolis,-27.5949,-48.5482,6,2024,25,Winter,1284.9824,61.778000000000006,11.62564,0,0
2024-06-26,9.01,16.64,85.32,3.21,8.48,Florianopolis,-27.5949,-48.5482,6,2024,26,Winter,768.7331999999999,28.9221,14.197248,0,0
2024-06-27,0.09,14.15,75.99,1.86,14.14,Florianopolis,-27.5949,-48.5482,6,2024,27,Winter,6.839099999999999,0.1674,10.752585,0,0
2024-06-28,0.09,17.04,80.39,2.98,8.95,Florianopolis,-27.5949,-48.5482,6,2024,28,Winter,7.2351,0.2682,13.698456,0,0
2024-06-29,0.0,13.86,72.61,1.99,12.15,Florianopolis,-27.5949,-48.5482,6,2024,29,Winter,0.0,0.0,10.063745999999998,0,0
2024-06-30,0.0,10.59,58.03,1.41,14.6,Florianopolis,-27.5949,-48.5482,6,2024,30,Winter,0.0,0.0,6.145377000000001,0,0
2024-07-01,0.04,12.32,67.19,1.97,14.61,Florianopolis,-27.5949,-48.5482,7,2024,1,Winter,2.6875999999999998,0.0788,8.277808,0,0
2024-07-02,0.06,13.92,79.66,2.84,14.05,Florianopolis,-27.5949,-48.5482,7,2024,2,Winter,4.779599999999999,0.1704,11.088671999999999,0,0
2024-07-03,0.07,17.75,84.02,3.05,12.21,Florianopolis,-27.5949,-48.5482,7,2024,3,Winter,5.8814,0.2135,14.913549999999999,0,0
2024-07-04,0.1,16.68,85.14,1.48,7.53,Florianopolis,-27.5949,-48.5482,7,2024,4,Winter,8.514000000000001,0.148,14.201352,0,0
2024-07-05,2.21,17.08,87.8,4.38,5.37,Florianopolis,-27.5949,-48.5482,7,2024,5,Winter,194.03799999999998,9.6798,14.996239999999998,0,0
2024-07-06,9.58,11.6,82.27,4.51,2.36,Florianopolis,-27.5949,-48.5482,7,2024,6,Winter,788.1465999999999,43.205799999999996,9.54332,0,0
2024-07-07,36.78,13.08,90.99,4.01,1.07,Florianopolis,-27.5949,-48.5482,7,2024,7,Winter,3346.6122,147.4878,11.901492,0,1
2024-07-08,3.07,12.4,87.07,5.28,6.83,Florianopolis,-27.5949,-48.5482,7,2024,8,Winter,267.3049,16.2096,10.796679999999999,0,0
2024-07-09,9.71,10.61,86.04,6.5,4.18,Florianopolis,-27.5949,-48.5482,7,2024,9,Winter,835.4484000000001,63.11500000000001,9.128844,0,0
2024-07-10,3.25,13.46,82.7,2.93,6.97,Florianopolis,-27.5949,-48.5482,7,2024,10,Winter,268.77500000000003,9.5225,11.131420000000002,0,0
2024-07-11,15.67,12.09,91.02,1.63,1.61,Florianopolis,-27.5949,-48.5482,7,2024,11,Winter,1426.2834,25.542099999999998,11.004318,0,0
2024-07-12,15.49,13.45,83.28,3.56,5.93,Florianopolis,-27.5949,-48.5482,7,2024,12,Winter,1290.0072,55.144400000000005,11.20116,0,0
2024-07-13,11.55,14.39,89.85,4.97,3.82,Florianopolis,-27.5949,-48.5482,7,2024,13,Winter,1037.7675,57.4035,12.929415,0,0
2024-07-14,14.45,15.57,93.22,4.27,3.17,Florianopolis,-27.5949,-48.5482,7,2024,14,Winter,1347.029,61.70149999999999,14.514354,0,0
2024-07-15,4.82,15.36,90.35,4.65,5.9,Florianopolis,-27.5949,-48.5482,7,2024,15,Winter,435.487,22.413000000000004,13.877759999999999,0,0
2024-07-16,3.48,16.0,92.67,2.44,7.0,Florianopolis,-27.5949,-48.5482,7,2024,16,Winter,322.4916,8.4912,14.8272,0,0
2024-07-17,0.46,17.85,88.95,2.06,12.26,Florianopolis,-27.5949,-48.5482,7,2024,17,Winter,40.917,0.9476000000000001,15.877575000000002,0,0
2024-07-18,0.03,15.62,81.52,1.7,12.4,Florianopolis,-27.5949,-48.5482,7,2024,18,Winter,2.4455999999999998,0.051,12.733423999999998,0,0
2024-07-19,0.08,16.17,85.8,1.83,14.65,Florianopolis,-27.5949,-48.5482,7,2024,19,Winter,6.864,0.1464,13.87386,0,0
2024-07-20,0.08,16.17,83.93,1.61,11.65,Florianopolis,-27.5949,-48.5482,7,2024,20,Winter,6.7144,0.1288,13.571481000000002,0,0
2024-07-21,0.05,14.81,87.08,3.34,14.71,Florianopolis,-27.5949,-48.5482,7,2024,21,Winter,4.354,0.167,12.896548000000001,0,0
2024-07-22,0.03,18.52,76.08,1.83,14.5,Florianopolis,-27.5949,-48.5482,7,2024,22,Winter,2.2824,0.0549,14.090016,0,0
2024-07-23,0.0,18.98,76.75,2.03,13.79,Florianopolis,-27.5949,-48.5482,7,2024,23,Winter,0.0,0.0,14.56715,0,0
2024-07-24,0.11,17.8,81.65,2.7,11.07,Florianopolis,-27.5949,-48.5482,7,2024,24,Winter,8.9815,0.29700000000000004,14.533700000000001,0,0
2024-07-25,0.15,18.19,84.69,2.95,12.64,Florianopolis,-27.5949,-48.5482,7,2024,25,Winter,12.7035,0.4425,15.405111000000002,0,0
2024-07-26,0.03,19.29,79.35,1.18,10.81,Florianopolis,-27.5949,-48.5482,7,2024,26,Winter,2.3804999999999996,0.035399999999999994,15.306614999999999,0,0
2024-07-27,0.05,20.88,80.04,1.99,11.65,Florianopolis,-27.5949,-48.5482,7,2024,27,Winter,4.002000000000001,0.0995,16.712352000000003,0,0
2024-07-28,0.01,20.22,79.19,1.56,10.07,Florianopolis,-27.5949,-48.5482,7,2024,28,Winter,0.7919,0.015600000000000001,16.012217999999997,0,0
2024-07-29,7.23,16.07,86.96,5.19,4.03,Florianopolis,-27.5949,-48.5482,7,2024,29,Winter,628.7207999999999,37.523700000000005,13.974471999999999,0,0
2024-07-30,0.44,14.25,78.93,2.83,9.14,Florianopolis,-27.5949,-48.5482,7,2024,30,Winter,34.729200000000006,1.2452,11.247525000000001,0,0
2024-07-31,2.24,15.19,89.92,3.68,9.39,Florianopolis,-27.5949,-48.5482,7,2024,31,Winter,201.4208,8.243200000000002,13.658847999999999,0,0
2024-08-01,1.02,16.67,92.49,4.31,9.4,Florianopolis,-27.5949,-48.5482,8,2024,1,Winter,94.3398,4.396199999999999,15.418083000000001,0,0
2024-08-02,0.4,17.06,93.04,4.29,10.41,Florianopolis,-27.5949,-48.5482,8,2024,2,Winter,37.216,1.7160000000000002,15.872624,0,0
2024-08-03,0.02,18.06,92.42,3.57,11.29,Florianopolis,-27.5949,-48.5482,8,2024,3,Winter,1.8484,0.0714,16.691052,0,0
2024-08-04,0.31,19.52,84.16,3.22,11.76,Florianopolis,-27.5949,-48.5482,8,2024,4,Winter,26.089599999999997,0.9982000000000001,16.428031999999998,0,0
2024-08-05,0.55,20.78,85.45,2.09,8.38,Florianopolis,-27.5949,-48.5482,8,2024,5,Winter,46.9975,1.1495,17.756510000000002,0,0
2024-08-06,0.01,20.07,89.75,2.46,7.8,Florianopolis,-27.5949,-48.5482,8,2024,6,Winter,0.8975,0.0246,18.012825,0,0
2024-08-07,0.57,21.68,79.24,2.05,12.88,Florianopolis,-27.5949,-48.5482,8,2024,7,Winter,45.166799999999995,1.1684999999999999,17.179232,0,0
2024-08-08,5.01,17.84,90.71,2.37,3.74,Florianopolis,-27.5949,-48.5482,8,2024,8,Winter,454.45709999999997,11.8737,16.182664,0,0
2024-08-09,0.04,14.86,76.24,2.33,10.76,Florianopolis,-27.5949,-48.5482,8,2024,9,Winter,3.0496,0.0932,11.329263999999998,0,0
2024-08-10,0.02,12.63,73.54,2.27,17.26,Florianopolis,-27.5949,-48.5482,8,2024,10,Winter,1.4708,0.0454,9.288102000000002,0,0
2024-08-11,0.02,13.75,72.1,2.44,18.02,Florianopolis,-27.5949,-48.5482,8,2024,11,Winter,1.442,0.0488,9.91375,0,0
2024-08-12,0.01,12.16,66.01,2.61,18.48,Florianopolis,-27.5949,-48.5482,8,2024,12,Winter,0.6601,0.026099999999999998,8.026816,0,0
2024-08-13,0.0,10.06,73.34,2.21,18.22,Florianopolis,-27.5949,-48.5482,8,2024,13,Winter,0.0,0.0,7.378004000000001,0,0
2024-08-14,0.01,11.48,79.52,3.47,17.93,Florianopolis,-27.5949,-48.5482,8,2024,14,Winter,0.7952,0.0347,9.128896,0,0
2024-08-15,0.0,14.05,87.32,3.25,16.37,Florianopolis,-27.5949,-48.5482,8,2024,15,Winter,0.0,0.0,12.268460000000001,0,0
2024-08-16,0.02,21.3,72.02,2.1,12.06,Florianopolis,-27.5949,-48.5482,8,2024,16,Winter,1.4404,0.042,15.340259999999999,0,0
2024-08-17,0.06,21.83,79.89,1.75,11.0,Florianopolis,-27.5949,-48.5482,8,2024,17,Winter,4.7934,0.105,17.439987,0,0
2024-08-18,0.04,20.27,85.81,1.97,8.67,Florianopolis,-27.5949,-48.5482,8,2024,18,Winter,3.4324000000000003,0.0788,17.393687,0,0
2024-08-19,0.01,23.65,76.21,3.18,13.07,Florianopolis,-27.5949,-48.5482,8,2024,19,Winter,0.7621,0.0318,18.023664999999998,0,0
2024-08-20,0.86,19.34,88.81,2.99,7.46,Florianopolis,-27.5949,-48.5482,8,2024,20,Winter,76.3766,2.5714,17.175854,0,0
2024-08-21,0.73,18.69,91.58,4.07,6.37,Florianopolis,-27.5949,-48.5482,8,2024,21,Winter,66.8534,2.9711000000000003,17.116302,0,0
2024-08-22,0.06,19.93,88.41,4.33,14.01,Florianopolis,-27.5949,-48.5482,8,2024,22,Winter,5.3046,0.2598,17.620113,0,0
2024-08-23,12.65,15.35,87.78,6.19,4.34,Florianopolis,-27.5949,-48.5482,8,2024,23,Winter,1110.4170000000001,78.30350000000001,13.47423,0,0
2024-08-24,5.14,11.6,83.52,5.25,2.87,Florianopolis,-27.5949,-48.5482,8,2024,24,Winter,429.29279999999994,26.985,9.68832,0,0
2024-08-25,0.05,11.83,64.96,1.71,18.63,Florianopolis,-27.5949,-48.5482,8,2024,25,Winter,3.2479999999999998,0.0855,7.684767999999999,0,0
2024-08-26,0.0,11.88,69.83,2.29,20.29,Florianopolis,-27.5949,-48.5482,8,2024,26,Winter,0.0,0.0,8.295804,0,0
2024-08-27,0.05,13.49,74.01,1.91,19.82,Florianopolis,-27.5949,-48.5482,8,2024,27,Winter,3.7005000000000003,0.0955,9.983949,0,0
2024-08-28,0.0,13.58,81.59,2.38,11.15,Florianopolis,-27.5949,-48.5482,8,2024,28,Winter,0.0,0.0,11.079922000000002,0,0
2024-08-29,0.0,16.35,85.97,3.71,15.31,Florianopolis,-27.5949,-48.5482,8,2024,29,Winter,0.0,0.0,14.056095000000001,0,0
2024-08-30,0.01,20.01,80.53,1.97,15.08,Florianopolis,-27.5949,-48.5482,8,2024,30,Winter,0.8053,0.0197,16.114053000000002,0,0
2024-08-31,0.0,18.45,88.79,2.93,8.66,Florianopolis,-27.5949,-48.5482,8,2024,31,Winter,0.0,0.0,16.381755,0,0
2024-09-01,0.0,19.61,84.91,2.44,10.51,Florianopolis,-27.5949,-48.5482,9,2024,1,Spring,0.0,0.0,16.650851,0,0
2024-09-02,0.0,16.27,78.87,1.96,19.19,Florianopolis,-27.5949,-48.5482,9,2024,2,Spring,0.0,0.0,12.832149000000001,0,0
2024-09-03,0.11,18.13,84.77,3.07,13.76,Florianopolis,-27.5949,-48.5482,9,2024,3,Spring,9.3247,0.3377,15.368801,0,0
2024-09-04,1.04,19.0,81.13,2.29,12.46,Florianopolis,-27.5949,-48.5482,9,2024,4,Spring,84.37519999999999,2.3816,15.414699999999998,0,0
2024-09-05,10.93,14.43,79.27,6.2,2.63,Florianopolis,-27.5949,-48.5482,9,2024,5,Spring,866.4210999999999,67.766,11.438661,0,0
2024-09-06,0.18,14.0,82.09,2.8,10.64,Florianopolis,-27.5949,-48.5482,9,2024,6,Spring,14.7762,0.504,11.492600000000001,0,0
2024-09-07,0.02,17.92,89.93,3.47,8.09,Florianopolis,-27.5949,-48.5482,9,2024,7,Spring,1.7986000000000002,0.0694,16.115456000000002,0,0
2024-09-08,0.01,22.56,81.93,2.72,14.02,Florianopolis,-27.5949,-48.5482,9,2024,8,Spring,0.8193000000000001,0.027200000000000002,18.483408,0,0
2024-09-09,0.01,21.85,85.49,2.25,6.73,Florianopolis,-27.5949,-48.5482,9,2024,9,Spring,0.8549,0.0225,18.679565,0,0
2024-09-10,0.01,21.76,88.17,3.48,11.3,Florianopolis,-27.5949,-48.5482,9,2024,10,Spring,0.8817,0.0348,19.185792000000003,0,0
2024-09-11,0.0,24.57,74.24,3.03,15.55,Florianopolis,-27.5949,-48.5482,9,2024,11,Spring,0.0,0.0,18.240768,0,0
2024-09-12,1.82,22.97,72.85,2.62,13.36,Florianopolis,-27.5949,-48.5482,9,2024,12,Spring,132.587,4.768400000000001,16.733645,0,0
2024-09-13,2.47,19.84,87.19,2.66,5.19,Florianopolis,-27.5949,-48.5482,9,2024,13,Spring,215.35930000000002,6.570200000000001,17.298496,0,0
2024-09-14,17.12,20.12,84.76,3.88,5.93,Florianopolis,-27.5949,-48.5482,9,2024,14,Spring,1451.0912,66.4256,17.053712,0,0
2024-09-15,12.75,15.49,84.72,4.26,2.75,Florianopolis,-27.5949,-48.5482,9,2024,15,Spring,1080.18,54.315,13.123128,0,0
2024-09-16,1.97,16.46,84.8,2.98,12.36,Florianopolis,-27.5949,-48.5482,9,2024,16,Spring,167.05599999999998,5.8706,13.95808,0,0
2024-09-17,0.22,17.25,82.47,2.12,22.12,Florianopolis,-27.5949,-48.5482,9,2024,17,Spring,18.1434,0.46640000000000004,14.226075,0,0
2024-09-18,0.59,17.24,82.5,3.76,13.76,Florianopolis,-27.5949,-48.5482,9,2024,18,Spring,48.675,2.2184,14.222999999999997,0,0
2024-09-19,8.89,18.36,91.02,5.2,6.63,Florianopolis,-27.5949,-48.5482,9,2024,19,Spring,809.1678,46.228,16.711272,0,0
2024-09-20,16.6,20.39,90.76,3.87,1.87,Florianopolis,-27.5949,-48.5482,9,2024,20,Spring,1506.6160000000002,64.242,18.505964000000002,0,0
2024-09-21,0.04,20.89,77.17,1.76,13.11,Florianopolis,-27.5949,-48.5482,9,2024,21,Spring,3.0868,0.0704,16.120813000000002,0,0
2024-09-22,0.15,20.87,85.3,3.55,21.62,Florianopolis,-27.5949,-48.5482,9,2024,22,Spring,12.795,0.5325,17.80211,0,0
2024-09-23,1.06,21.37,89.72,3.12,10.41,Florianopolis,-27.5949,-48.5482,9,2024,23,Spring,95.1032,3.3072000000000004,19.173164,0,0
2024-09-24,0.16,21.01,89.02,3.34,13.24,Florianopolis,-27.5949,-48.5482,9,2024,24,Spring,14.2432,0.5344,18.703102,0,0
2024-09-25,0.08,21.74,88.46,3.86,15.23,Florianopolis,-27.5949,-48.5482,9,2024,25,Spring,7.0767999999999995,0.3088,19.231203999999998,0,0
2024-09-26,1.66,21.95,87.48,2.18,9.09,Florianopolis,-27.5949,-48.5482,9,2024,26,Spring,145.2168,3.6188000000000002,19.20186,0,0
2024-09-27,0.69,20.03,77.29,5.71,19.18,Florianopolis,-27.5949,-48.5482,9,2024,27,Spring,53.3301,3.9398999999999997,15.481187000000002,0,0
2024-09-28,0.0,18.6,77.79,2.34,24.52,Florianopolis,-27.5949,-48.5482,9,2024,28,Spring,0.0,0.0,14.468940000000002,0,0
2024-09-29,0.01,18.72,83.36,4.4,24.73,Florianopolis,-27.5949,-48.5482,9,2024,29,Spring,0.8336,0.044000000000000004,15.604992,0,0
2024-09-30,0.03,20.72,86.81,6.15,18.93,Florianopolis,-27.5949,-48.5482,9,2024,30,Spring,2.6043,0.1845,17.987032,0,0
2024-10-01,9.33,24.65,79.76,3.84,15.83,Florianopolis,-27.5949,-48.5482,10,2024,1,Spring,744.1608000000001,35.8272,19.66084,0,0
2024-10-02,26.16,21.22,82.88,4.51,1.32,Florianopolis,-27.5949,-48.5482,10,2024,2,Spring,2168.1407999999997,117.9816,17.587135999999997,0,1
2024-10-03,0.3,17.13,72.36,5.43,9.86,Florianopolis,-27.5949,-48.5482,10,2024,3,Spring,21.708,1.6289999999999998,12.395268,0,0
2024-10-04,0.22,16.59,76.64,2.53,12.87,Florianopolis,-27.5949,-48.5482,10,2024,4,Spring,16.8608,0.5566,12.714576,0,0
2024-10-05,0.16,18.26,77.24,2.73,24.3,Florianopolis,-27.5949,-48.5482,10,2024,5,Spring,12.3584,0.4368,14.104024,0,0
2024-10-06,0.11,19.67,82.01,2.98,22.97,Florianopolis,-27.5949,-48.5482,10,2024,6,Spring,9.0211,0.3278,16.131367,0,0
2024-10-07,1.31,19.17,84.1,3.18,17.16,Florianopolis,-27.5949,-48.5482,10,2024,7,Spring,110.17099999999999,4.1658,16.12197,0,0
2024-10-08,3.72,20.46,84.1,3.11,6.35,Florianopolis,-27.5949,-48.5482,10,2024,8,Spring,312.852,11.5692,17.20686,0,0
2024-10-09,20.23,18.61,91.53,4.04,2.37,Florianopolis,-27.5949,-48.5482,10,2024,9,Spring,1851.6519,81.7292,17.033732999999998,0,1
2024-10-10,12.59,18.25,90.04,4.91,6.76,Florianopolis,-27.5949,-48.5482,10,2024,10,Spring,1133.6036000000001,61.816900000000004,16.4323,0,0
2024-10-11,14.42,20.61,93.53,5.58,4.71,Florianopolis,-27.5949,-48.5482,10,2024,11,Spring,1348.7026,80.4636,19.276533,0,0
2024-10-12,0.14,21.44,76.37,4.52,22.06,Florianopolis,-27.5949,-48.5482,10,2024,12,Spring,10.691800000000002,0.6328,16.373728000000003,0,0
2024-10-13,0.14,19.13,79.14,2.21,23.42,Florianopolis,-27.5949,-48.5482,10,2024,13,Spring,11.079600000000001,0.3094,15.139482,0,0
2024-10-14,0.09,19.36,82.17,3.74,15.58,Florianopolis,-27.5949,-48.5482,10,2024,14,Spring,7.3953,0.3366,15.908112,0,0
2024-10-15,1.42,19.91,86.49,5.17,4.97,Florianopolis,-27.5949,-48.5482,10,2024,15,Spring,122.81579999999998,7.341399999999999,17.220159,0,0
2024-10-16,0.02,21.17,83.75,3.42,22.86,Florianopolis,-27.5949,-48.5482,10,2024,16,Spring,1.675,0.0684,17.729875000000003,0,0
2024-10-17,0.0,21.2,79.62,2.68,22.02,Florianopolis,-27.5949,-48.5482,10,2024,17,Spring,0.0,0.0,16.87944,0,0
2024-10-18,0.37,20.77,84.15,2.37,15.93,Florianopolis,-27.5949,-48.5482,10,2024,18,Spring,31.1355,0.8769,17.477955,0,0
2024-10-19,0.57,19.74,82.12,1.99,12.37,Florianopolis,-27.5949,-48.5482,10,2024,19,Spring,46.8084,1.1342999999999999,16.210487999999998,0,0
2024-10-20,1.36,20.24,82.51,2.29,20.24,Florianopolis,-27.5949,-48.5482,10,2024,20,Spring,112.21360000000001,3.1144000000000003,16.700024,0,0
2024-10-21,2.45,21.81,86.95,4.12,15.74,Florianopolis,-27.5949,-48.5482,10,2024,21,Spring,213.02750000000003,10.094000000000001,18.963795,0,0
2024-10-22,0.05,25.14,79.39,2.56,24.18,Florianopolis,-27.5949,-48.5482,10,2024,22,Spring,3.9695,0.128,19.958646,0,0
2024-10-23,0.37,24.62,77.07,1.95,20.45,Florianopolis,-27.5949,-48.5482,10,2024,23,Spring,28.5159,0.7215,18.974634,0,0
2024-10-24,9.54,25.93,81.0,4.9,18.62,Florianopolis,-27.5949,-48.5482,10,2024,24,Spring,772.7399999999999,46.746,21.0033,0,0
2024-10-25,0.02,24.28,66.88,2.84,28.53,Florianopolis,-27.5949,-48.5482,10,2024,25,Spring,1.3376,0.056799999999999996,16.238464,0,0
2024-10-26,0.0,21.89,70.51,4.1,27.72,Florianopolis,-27.5949,-48.5482,10,2024,26,Spring,0.0,0.0,15.434639000000002,0,0
2024-10-27,0.0,18.27,72.46,2.68,16.37,Florianopolis,-27.5949,-48.5482,10,2024,27,Spring,0.0,0.0,13.238441999999997,0,0
2024-10-28,0.0,20.44,77.81,4.42,21.83,Florianopolis,-27.5949,-48.5482,10,2024,28,Spring,0.0,0.0,15.904364000000001,0,0
2024-10-29,0.09,21.8,84.19,4.27,19.65,Florianopolis,-27.5949,-48.5482,10,2024,29,Spring,7.5771,0.3843,18.35342,0,0
2024-10-30,2.0,21.87,84.19,3.96,16.08,Florianopolis,-27.5949,-48.5482,10,2024,30,Spring,168.38,7.92,18.412353,0,0
2024-10-31,1.27,21.59,78.91,3.83,24.22,Florianopolis,-27.5949,-48.5482,10,2024,31,Spring,100.2157,4.8641000000000005,17.036668999999996,0,0
2024-11-01,1.47,22.11,80.4,4.54,20.89,Florianopolis,-27.5949,-48.5482,11,2024,1,Spring,118.188,6.6738,17.77644,0,0
2024-11-02,3.08,22.1,90.21,4.18,10.96,Florianopolis,-27.5949,-48.5482,11,2024,2,Spring,277.8468,12.8744,19.93641,0,0
2024-11-03,7.63,22.25,87.26,3.43,8.05,Florianopolis,-27.5949,-48.5482,11,2024,3,Spring,665.7938,26.1709,19.41535,0,0
2024-11-04,7.07,22.63,86.1,4.17,8.44,Florianopolis,-27.5949,-48.5482,11,2024,4,Spring,608.727,29.4819,19.48443,0,0
2024-11-05,5.18,23.5,88.63,3.95,14.65,Florianopolis,-27.5949,-48.5482,11,2024,5,Spring,459.10339999999997,20.461,20.82805,0,0
2024-11-06,4.23,23.81,86.45,3.41,12.93,Florianopolis,-27.5949,-48.5482,11,2024,6,Spring,365.68350000000004,14.424300000000002,20.583745,0,0
2024-11-07,20.76,22.69,92.06,3.34,9.59,Florianopolis,-27.5949,-48.5482,11,2024,7,Spring,1911.1656000000003,69.33840000000001,20.888414,0,1
2024-11-08,0.95,22.39,77.37,7.22,22.63,Florianopolis,-27.5949,-48.5482,11,2024,8,Spring,73.50150000000001,6.858999999999999,17.323143,0,0
2024-11-09,0.04,19.99,74.36,4.58,18.61,Florianopolis,-27.5949,-48.5482,11,2024,9,Spring,2.9744,0.1832,14.864564,0,0
2024-11-10,0.04,20.25,74.11,3.09,27.22,Florianopolis,-27.5949,-48.5482,11,2024,10,Spring,2.9644,0.1236,15.007275,0,0
2024-11-11,0.03,23.4,76.37,4.82,28.32,Florianopolis,-27.5949,-48.5482,11,2024,11,Spring,2.2911,0.1446,17.87058,0,0
2024-11-12,1.48,21.44,67.95,4.59,9.68,Florianopolis,-27.5949,-48.5482,11,2024,12,Spring,100.566,6.7932,14.568480000000001,0,0
2024-11-13,0.1,19.11,66.1,2.68,26.5,Florianopolis,-27.5949,-48.5482,11,2024,13,Spring,6.609999999999999,0.268,12.631709999999998,0,0
2024-11-14,0.0,20.24,63.08,2.36,28.35,Florianopolis,-27.5949,-48.5482,11,2024,14,Spring,0.0,0.0,12.767392,0,0
2024-11-15,1.34,20.95,76.45,3.32,20.38,Florianopolis,-27.5949,-48.5482,11,2024,15,Spring,102.44300000000001,4.4488,16.016275,0,0
2024-11-16,3.37,23.08,83.69,4.38,18.4,Florianopolis,-27.5949,-48.5482,11,2024,16,Spring,282.0353,14.7606,19.315651999999996,0,0
2024-11-17,0.49,23.67,81.67,4.08,25.6,Florianopolis,-27.5949,-48.5482,11,2024,17,Spring,40.0183,1.9992,19.331289,0,0
2024-11-18,10.1,25.04,77.0,3.22,23.78,Florianopolis,-27.5949,-48.5482,11,2024,18,Spring,777.6999999999999,32.522,19.2808,0,0
2024-11-19,13.42,22.8,81.07,5.47,15.47,Florianopolis,-27.5949,-48.5482,11,2024,19,Spring,1087.9594,73.4074,18.48396,0,0
2024-11-20,14.29,20.53,86.8,6.11,5.6,Florianopolis,-27.5949,-48.5482,11,2024,20,Spring,1240.3719999999998,87.3119,17.820040000000002,0,0
2024-11-21,10.88,19.74,82.72,5.13,7.75,Florianopolis,-27.5949,-48.5482,11,2024,21,Spring,899.9936,55.814400000000006,16.328927999999998,0,0
2024-11-22,17.28,20.57,82.59,4.8,7.51,Florianopolis,-27.5949,-48.5482,11,2024,22,Spring,1427.1552000000001,82.944,16.988763000000002,0,0
2024-11-23,12.56,20.32,80.45,4.46,12.33,Florianopolis,-27.5949,-48.5482,11,2024,23,Spring,1010.4520000000001,56.0176,16.34744,0,0
2024-11-24,1.52,21.23,75.68,3.84,24.23,Florianopolis,-27.5949,-48.5482,11,2024,24,Spring,115.0336,5.8368,16.066864000000002,0,0
2024-11-25,0.07,21.66,79.54,5.08,25.06,Florianopolis,-27.5949,-48.5482,11,2024,25,Spring,5.567800000000001,0.3556,17.228364000000003,0,0
2024-11-26,0.42,24.52,78.6,4.35,22.29,Florianopolis,-27.5949,-48.5482,11,2024,26,Spring,33.01199999999999,1.8269999999999997,19.272719999999996,0,0
2024-11-27,10.81,25.01,82.99,3.26,22.51,Florianopolis,-27.5949,-48.5482,11,2024,27,Spring,897.1219,35.2406,20.755799,0,0
2024-11-28,1.72,25.41,81.27,3.7,9.62,Florianopolis,-27.5949,-48.5482,11,2024,28,Spring,139.7844,6.364,20.650707,0,0
2024-11-29,0.49,22.76,85.46,3.0,15.16,Florianopolis,-27.5949,-48.5482,11,2024,29,Spring,41.8754,1.47,19.450696,0,0
2024-11-30,0.97,23.77,82.72,2.99,13.92,Florianopolis,-27.5949,-48.5482,11,2024,30,Spring,80.2384,2.9003,19.662543999999997,0,0
2024-12-01,0.9,22.97,82.89,4.95,18.98,Florianopolis,-27.5949,-48.5482,12,2024,1,Summer,74.601,4.455,19.039832999999998,0,0
2024-12-02,3.93,24.16,76.54,4.22,15.71,Florianopolis,-27.5949,-48.5482,12,2024,2,Summer,300.8022,16.5846,18.492064000000003,0,0
2024-12-03,1.17,21.26,77.3,3.92,12.68,Florianopolis,-27.5949,-48.5482,12,2024,3,Summer,90.44099999999999,4.586399999999999,16.433980000000002,0,0
2024-12-04,0.24,20.12,73.99,3.45,8.61,Florianopolis,-27.5949,-48.5482,12,2024,4,Summer,17.757599999999996,0.828,14.886788000000001,0,0
2024-12-05,0.2,22.17,80.15,4.42,22.42,Florianopolis,-27.5949,-48.5482,12,2024,5,Summer,16.03,0.884,17.769255000000005,0,0
2024-12-06,7.19,25.31,83.16,5.16,20.47,Florianopolis,-27.5949,-48.5482,12,2024,6,Summer,597.9204,37.1004,21.047795999999998,0,0
2024-12-07,11.99,20.66,83.0,4.9,5.3,Florianopolis,-27.5949,-48.5482,12,2024,7,Summer,995.1700000000001,58.751000000000005,17.1478,0,0
2024-12-08,10.76,19.73,79.32,4.9,8.41,Florianopolis,-27.5949,-48.5482,12,2024,8,Summer,853.4831999999999,52.724000000000004,15.649835999999999,0,0
2024-12-09,12.15,19.59,86.37,4.03,11.13,Florianopolis,-27.5949,-48.5482,12,2024,9,Summer,1049.3955,48.9645,16.919883,0,0
2024-12-10,2.71,21.2,84.49,4.22,18.23,Florianopolis,-27.5949,-48.5482,12,2024,10,Summer,228.9679,11.4362,17.91188,0,0
2024-12-11,0.84,21.09,79.04,3.47,20.29,Florianopolis,-27.5949,-48.5482,12,2024,11,Summer,66.3936,2.9148,16.669536,0,0
2024-12-12,0.34,21.45,80.33,3.61,28.95,Florianopolis,-27.5949,-48.5482,12,2024,12,Summer,27.3122,1.2274,17.230785,0,0
2024-12-13,2.31,22.26,80.94,5.39,25.41,Florianopolis,-27.5949,-48.5482,12,2024,13,Summer,186.9714,12.450899999999999,18.017244,0,0
2024-12-14,17.56,23.5,85.38,5.25,16.86,Florianopolis,-27.5949,-48.5482,12,2024,14,Summer,1499.2727999999997,92.19,20.0643,0,0
2024-12-15,0.26,25.46,68.64,4.05,30.2,Florianopolis,-27.5949,-48.5482,12,2024,15,Summer,17.8464,1.053,17.475744000000002,0,0
2024-12-16,3.2,23.35,70.66,4.73,26.36,Florianopolis,-27.5949,-48.5482,12,2024,16,Summer,226.112,15.136000000000003,16.49911,0,0
2024-12-17,0.05,21.85,72.66,4.37,29.83,Florianopolis,-27.5949,-48.5482,12,2024,17,Summer,3.633,0.21850000000000003,15.876209999999999,0,0
2024-12-18,0.2,22.05,78.85,3.29,25.48,Florianopolis,-27.5949,-48.5482,12,2024,18,Summer,15.77,0.658,17.386425,0,0
2024-12-19,3.1,23.02,80.29,5.41,25.15,Florianopolis,-27.5949,-48.5482,12,2024,19,Summer,248.89900000000003,16.771,18.482758,0,0
2024-12-20,4.35,25.82,76.38,4.69,24.76,Florianopolis,-27.5949,-48.5482,12,2024,20,Summer,332.25299999999993,20.4015,19.721315999999998,0,0
2024-12-21,0.86,24.52,77.57,3.32,27.59,Florianopolis,-27.5949,-48.5482,12,2024,21,Summer,66.71019999999999,2.8552,19.020163999999998,0,0
2024-12-22,3.62,22.63,78.22,5.1,10.02,Florianopolis,-27.5949,-48.5482,12,2024,22,Summer,283.1564,18.462,17.701186,0,0
2024-12-23,1.3,19.99,73.53,4.16,11.32,Florianopolis,-27.5949,-48.5482,12,2024,23,Summer,95.589,5.408,14.698647,0,0
2024-12-24,1.32,22.12,78.49,4.14,15.73,Florianopolis,-27.5949,-48.5482,12,2024,24,Summer,103.60679999999999,5.464799999999999,17.361988,0,0
2024-12-25,7.88,23.8,77.93,5.39,14.94,Florianopolis,-27.5949,-48.5482,12,2024,25,Summer,614.0884000000001,42.4732,18.547340000000002,0,0
2024-12-26,0.26,22.57,74.7,2.82,12.36,Florianopolis,-27.5949,-48.5482,12,2024,26,Summer,19.422,0.7332,16.85979,0,0
2024-12-27,0.15,24.57,68.67,2.36,29.4,Florianopolis,-27.5949,-48.5482,12,2024,27,Summer,10.3005,0.354,16.872219,0,0
2024-12-28,0.28,24.74,71.85,2.66,24.29,Florianopolis,-27.5949,-48.5482,12,2024,28,Summer,20.118,0.7448000000000001,17.775689999999997,0,0
2024-12-29,0.22,23.0,74.2,3.35,24.74,Florianopolis,-27.5949,-48.5482,12,2024,29,Summer,16.324,0.737,17.066,0,0
2024-12-30,1.58,22.05,80.66,2.96,18.06,Florianopolis,-27.5949,-48.5482,12,2024,30,Summer,127.4428,4.6768,17.78553,0,0
2024-12-31,0.9,23.47,82.01,3.98,22.91,Florianopolis,-27.5949,-48.5482,12,2024,31,Summer,73.80900000000001,3.582,19.247747,0,0
2024-01-01,0.1,22.78,81.76,2.29,26.7,Porto_Alegre,-30.0346,-51.2177,1,2024,1,Summer,8.176,0.229,18.624928000000004,0,0
2024-01-02,7.89,23.74,87.59,2.51,16.05,Porto_Alegre,-30.0346,-51.2177,1,2024,2,Summer,691.0851,19.8039,20.793865999999998,0,0
2024-01-03,8.54,22.75,85.5,3.89,19.51,Porto_Alegre,-30.0346,-51.2177,1,2024,3,Summer,730.17,33.2206,19.451249999999998,0,0
2024-01-04,0.59,22.47,84.84,3.94,19.43,Porto_Alegre,-30.0346,-51.2177,1,2024,4,Summer,50.0556,2.3245999999999998,19.063548,0,0
2024-01-05,0.69,23.24,84.84,3.53,25.93,Porto_Alegre,-30.0346,-51.2177,1,2024,5,Summer,58.5396,2.4356999999999998,19.716815999999998,0,0
2024-01-06,0.02,24.8,82.81,2.19,30.03,Porto_Alegre,-30.0346,-51.2177,1,2024,6,Summer,1.6562000000000001,0.0438,20.536880000000004,0,0
2024-01-07,1.98,26.96,83.01,1.39,24.41,Porto_Alegre,-30.0346,-51.2177,1,2024,7,Summer,164.3598,2.7521999999999998,22.379496000000003,0,0
2024-01-08,0.22,26.61,86.96,2.21,16.85,Porto_Alegre,-30.0346,-51.2177,1,2024,8,Summer,19.1312,0.4862,23.140055999999998,0,0
2024-01-09,0.86,25.78,86.5,1.72,18.47,Porto_Alegre,-30.0346,-51.2177,1,2024,9,Summer,74.39,1.4791999999999998,22.2997,0,0
2024-01-10,1.99,27.07,82.43,1.22,17.79,Porto_Alegre,-30.0346,-51.2177,1,2024,10,Summer,164.03570000000002,2.4278,22.313801,0,0
2024-01-11,13.57,24.68,88.94,2.94,9.9,Porto_Alegre,-30.0346,-51.2177,1,2024,11,Summer,1206.9158,39.8958,21.950391999999997,0,0
2024-01-12,0.66,22.73,82.23,2.91,26.59,Porto_Alegre,-30.0346,-51.2177,1,2024,12,Summer,54.271800000000006,1.9206,18.690879000000002,0,0
2024-01-13,0.0,22.14,81.3,2.9,31.06,Porto_Alegre,-30.0346,-51.2177,1,2024,13,Summer,0.0,0.0,17.99982,0,0
2024-01-14,10.3,26.64,82.62,1.88,23.52,Porto_Alegre,-30.0346,-51.2177,1,2024,14,Summer,850.9860000000001,19.364,22.009968,0,0
2024-01-15,5.85,26.22,85.03,2.07,28.73,Porto_Alegre,-30.0346,-51.2177,1,2024,15,Summer,497.4255,12.109499999999999,22.294866,0,0
2024-01-16,2.11,26.42,84.41,2.57,18.04,Porto_Alegre,-30.0346,-51.2177,1,2024,16,Summer,178.1051,5.422699999999999,22.301122,0,0
2024-01-17,17.99,22.85,89.75,5.1,10.34,Porto_Alegre,-30.0346,-51.2177,1,2024,17,Summer,1614.6025,91.74899999999998,20.507875000000002,0,0
2024-01-18,1.85,25.51,88.48,3.98,15.12,Porto_Alegre,-30.0346,-51.2177,1,2024,18,Summer,163.68800000000002,7.363,22.571248,0,0
2024-01-19,3.95,26.96,85.29,1.91,22.32,Porto_Alegre,-30.0346,-51.2177,1,2024,19,Summer,336.8955,7.5445,22.994184000000004,0,0
2024-01-20,8.91,25.01,87.31,3.41,19.26,Porto_Alegre,-30.0346,-51.2177,1,2024,20,Summer,777.9321,30.383100000000002,21.836231,0,0
2024-01-21,2.49,22.83,82.68,3.58,26.23,Porto_Alegre,-30.0346,-51.2177,1,2024,21,Summer,205.87320000000003,8.914200000000001,18.875844,0,0
2024-01-22,0.11,21.41,78.16,3.93,26.1,Porto_Alegre,-30.0346,-51.2177,1,2024,22,Summer,8.5976,0.4323,16.734056,0,0
2024-01-23,0.21,21.31,76.37,3.72,25.7,Porto_Alegre,-30.0346,-51.2177,1,2024,23,Summer,16.0377,0.7812,16.274447,0,0
2024-01-24,4.58,21.15,80.81,3.82,21.47,Porto_Alegre,-30.0346,-51.2177,1,2024,24,Summer,370.1098,17.4956,17.091314999999998,0,0
2024-01-25,0.15,21.04,77.83,3.25,29.83,Porto_Alegre,-30.0346,-51.2177,1,2024,25,Summer,11.6745,0.4875,16.375432,0,0
2024-01-26,0.48,21.07,83.44,3.02,22.72,Porto_Alegre,-30.0346,-51.2177,1,2024,26,Summer,40.051199999999994,1.4496,17.580808,0,0
2024-01-27,0.5,21.12,85.52,2.5,19.89,Porto_Alegre,-30.0346,-51.2177,1,2024,27,Summer,42.76,1.25,18.061824,0,0
2024-01-28,3.99,22.02,86.68,2.24,22.13,Porto_Alegre,-30.0346,-51.2177,1,2024,28,Summer,345.8532000000001,8.937600000000002,19.086936,0,0
2024-01-29,2.91,22.88,83.89,1.38,21.38,Porto_Alegre,-30.0346,-51.2177,1,2024,29,Summer,244.1199,4.0158,19.194032,0,0
2024-01-30,0.15,23.25,78.46,1.78,28.83,Porto_Alegre,-30.0346,-51.2177,1,2024,30,Summer,11.768999999999998,0.267,18.24195,0,0
2024-01-31,0.01,23.56,80.99,1.53,29.61,Porto_Alegre,-30.0346,-51.2177,1,2024,31,Summer,0.8099,0.015300000000000001,19.081243999999998,0,0
2024-02-01,0.03,23.33,82.48,2.46,30.08,Porto_Alegre,-30.0346,-51.2177,2,2024,1,Summer,2.4744,0.07379999999999999,19.242584,0,0
2024-02-02,0.01,23.11,81.71,3.16,30.47,Porto_Alegre,-30.0346,-51.2177,2,2024,2,Summer,0.8170999999999999,0.0316,18.883180999999997,0,0
2024-02-03,0.07,25.34,79.65,1.77,29.19,Porto_Alegre,-30.0346,-51.2177,2,2024,3,Summer,5.575500000000001,0.12390000000000001,20.183310000000002,0,0
2024-02-04,1.9,27.32,79.68,1.93,18.28,Porto_Alegre,-30.0346,-51.2177,2,2024,4,Summer,151.392,3.667,21.768576000000003,0,0
2024-02-05,0.39,26.21,85.38,2.55,20.1,Porto_Alegre,-30.0346,-51.2177,2,2024,5,Summer,33.2982,0.9944999999999999,22.378098,0,0
2024-02-06,0.02,25.33,84.07,2.75,21.55,Porto_Alegre,-30.0346,-51.2177,2,2024,6,Summer,1.6814,0.055,21.294930999999995,0,0
2024-02-07,0.01,25.81,83.23,2.15,24.51,Porto_Alegre,-30.0346,-51.2177,2,2024,7,Summer,0.8323,0.0215,21.481663,0,0
2024-02-08,0.08,26.55,82.24,1.97,26.29,Porto_Alegre,-30.0346,-51.2177,2,2024,8,Summer,6.5792,0.1576,21.834719999999997,0,0
2024-02-09,0.16,27.34,83.76,2.3,26.98,Porto_Alegre,-30.0346,-51.2177,2,2024,9,Summer,13.401600000000002,0.368,22.899984,0,0
2024-02-10,0.01,28.33,80.89,1.5,23.98,Porto_Alegre,-30.0346,-51.2177,2,2024,10,Summer,0.8089000000000001,0.015,22.916136999999996,0,0
2024-02-11,0.09,28.78,77.96,1.5,15.23,Porto_Alegre,-30.0346,-51.2177,2,2024,11,Summer,7.016399999999999,0.135,22.436888,0,0
2024-02-12,1.72,29.27,78.74,1.36,14.81,Porto_Alegre,-30.0346,-51.2177,2,2024,12,Summer,135.4328,2.3392,23.047197999999998,0,0
2024-02-13,27.89,24.3,85.15,3.53,5.05,Porto_Alegre,-30.0346,-51.2177,2,2024,13,Summer,2374.8335,98.4517,20.69145,0,1
2024-02-14,0.3,22.07,74.79,3.22,20.48,Porto_Alegre,-30.0346,-51.2177,2,2024,14,Summer,22.437,0.966,16.506153,0,0
2024-02-15,0.2,22.4,77.26,3.24,19.17,Porto_Alegre,-30.0346,-51.2177,2,2024,15,Summer,15.452000000000002,0.6480000000000001,17.30624,0,0
2024-02-16,14.99,22.32,84.84,3.67,7.08,Porto_Alegre,-30.0346,-51.2177,2,2024,16,Summer,1271.7516,55.0133,18.936288,0,0
2024-02-17,6.97,24.41,86.3,2.63,18.04,Porto_Alegre,-30.0346,-51.2177,2,2024,17,Summer,601.511,18.3311,21.06583,0,0
2024-02-18,1.06,25.39,86.67,3.2,24.57,Porto_Alegre,-30.0346,-51.2177,2,2024,18,Summer,91.87020000000001,3.3920000000000003,22.005513,0,0
2024-02-19,1.1,23.87,87.85,2.63,19.12,Porto_Alegre,-30.0346,-51.2177,2,2024,19,Summer,96.635,2.8930000000000002,20.969795,0,0
2024-02-20,0.01,22.88,80.71,2.29,22.78,Porto_Alegre,-30.0346,-51.2177,2,2024,20,Summer,0.8070999999999999,0.0229,18.466447999999996,0,0
2024-02-21,0.01,23.14,81.8,2.14,26.57,Porto_Alegre,-30.0346,-51.2177,2,2024,21,Summer,0.818,0.021400000000000002,18.92852,0,0
2024-02-22,0.12,24.75,82.84,1.82,24.93,Porto_Alegre,-30.0346,-51.2177,2,2024,22,Summer,9.9408,0.2184,20.5029,0,0
2024-02-23,0.06,26.55,80.5,1.36,24.92,Porto_Alegre,-30.0346,-51.2177,2,2024,23,Summer,4.83,0.0816,21.372750000000003,0,0
2024-02-24,0.0,26.4,81.02,2.33,23.46,Porto_Alegre,-30.0346,-51.2177,2,2024,24,Summer,0.0,0.0,21.389279999999996,0,0
2024-02-25,0.12,25.18,82.43,3.64,17.69,Porto_Alegre,-30.0346,-51.2177,2,2024,25,Summer,9.8916,0.4368,20.755874000000002,0,0
2024-02-26,5.8,23.75,90.14,3.87,7.25,Porto_Alegre,-30.0346,-51.2177,2,2024,26,Summer,522.812,22.446,21.40825,0,0
2024-02-27,3.5,25.96,86.57,2.71,15.15,Porto_Alegre,-30.0346,-51.2177,2,2024,27,Summer,302.995,9.485,22.473571999999997,0,0
2024-02-28,0.92,25.29,84.17,1.72,17.09,Porto_Alegre,-30.0346,-51.2177,2,2024,28,Summer,77.4364,1.5824,21.286593,0,0
2024-02-29,0.07,25.8,83.44,1.73,19.55,Porto_Alegre,-30.0346,-51.2177,2,2024,29,Summer,5.840800000000001,0.12110000000000001,21.527520000000003,0,0
2024-03-01,0.09,25.63,83.01,2.38,21.18,Porto_Alegre,-30.0346,-51.2177,3,2024,1,Autumn,7.4709,0.21419999999999997,21.275463000000002,0,0
2024-03-02,0.04,26.36,81.5,1.69,24.14,Porto_Alegre,-30.0346,-51.2177,3,2024,2,Autumn,3.2600000000000002,0.0676,21.4834,0,0
2024-03-03,3.13,25.47,82.06,2.82,13.17,Porto_Alegre,-30.0346,-51.2177,3,2024,3,Autumn,256.8478,8.8266,20.900682,0,0
2024-03-04,1.48,21.93,76.17,2.96,8.21,Porto_Alegre,-30.0346,-51.2177,3,2024,4,Autumn,112.7316,4.3808,16.704081000000002,0,0
2024-03-05,0.03,21.29,68.8,2.07,26.13,Porto_Alegre,-30.0346,-51.2177,3,2024,5,Autumn,2.064,0.062099999999999995,14.647519999999998,0,0
2024-03-06,0.01,20.3,73.45,1.81,24.15,Porto_Alegre,-30.0346,-51.2177,3,2024,6,Autumn,0.7345,0.0181,14.910350000000001,0,0
2024-03-07,0.07,23.02,81.41,2.26,21.5,Porto_Alegre,-30.0346,-51.2177,3,2024,7,Autumn,5.6987000000000005,0.1582,18.740582,0,0
2024-03-08,21.67,25.23,86.44,2.12,5.11,Porto_Alegre,-30.0346,-51.2177,3,2024,8,Autumn,1873.1548,45.940400000000004,21.808812,0,1
2024-03-09,2.19,26.81,82.66,1.15,12.64,Porto_Alegre,-30.0346,-51.2177,3,2024,9,Autumn,181.0254,2.5185,22.161146,0,0
2024-03-10,0.17,25.11,80.95,2.28,19.56,Porto_Alegre,-30.0346,-51.2177,3,2024,10,Autumn,13.761500000000002,0.3876,20.326545,0,0
2024-03-11,0.02,22.36,79.94,2.35,24.62,Porto_Alegre,-30.0346,-51.2177,3,2024,11,Autumn,1.5988,0.047,17.874584,0,0
2024-03-12,0.02,24.05,81.04,1.77,22.74,Porto_Alegre,-30.0346,-51.2177,3,2024,12,Autumn,1.6208000000000002,0.0354,19.49012,0,0
2024-03-13,0.0,26.65,76.79,1.68,20.19,Porto_Alegre,-30.0346,-51.2177,3,2024,13,Autumn,0.0,0.0,20.464534999999998,0,0
2024-03-14,0.01,26.85,75.27,1.36,22.98,Porto_Alegre,-30.0346,-51.2177,3,2024,14,Autumn,0.7526999999999999,0.013600000000000001,20.209995,0,0
2024-03-15,2.26,25.99,80.92,1.63,8.13,Porto_Alegre,-30.0346,-51.2177,3,2024,15,Autumn,182.8792,3.6837999999999993,21.031108,0,0
2024-03-16,3.62,26.38,86.8,0.89,6.48,Porto_Alegre,-30.0346,-51.2177,3,2024,16,Autumn,314.216,3.2218,22.89784,0,0
2024-03-17,0.23,25.66,81.98,1.74,12.41,Porto_Alegre,-30.0346,-51.2177,3,2024,17,Autumn,18.855400000000003,0.4002,21.036068000000004,0,0
2024-03-18,0.02,26.16,82.45,1.76,20.35,Porto_Alegre,-30.0346,-51.2177,3,2024,18,Autumn,1.649,0.0352,21.568920000000002,0,0
2024-03-19,0.17,27.05,83.87,1.74,13.82,Porto_Alegre,-30.0346,-51.2177,3,2024,19,Autumn,14.257900000000001,0.2958,22.686835000000002,0,0
2024-03-20,7.37,28.46,81.38,1.94,20.73,Porto_Alegre,-30.0346,-51.2177,3,2024,20,Autumn,599.7706,14.2978,23.160747999999998,0,0
2024-03-21,5.1,24.56,79.95,4.43,6.77,Porto_Alegre,-30.0346,-51.2177,3,2024,21,Autumn,407.745,22.592999999999996,19.63572,0,0
2024-03-22,0.03,20.04,68.35,2.67,20.68,Porto_Alegre,-30.0346,-51.2177,3,2024,22,Autumn,2.0504999999999995,0.08009999999999999,13.697339999999999,0,0
2024-03-23,0.02,21.2,70.03,3.28,18.43,Porto_Alegre,-30.0346,-51.2177,3,2024,23,Autumn,1.4006,0.06559999999999999,14.84636,0,0
2024-03-24,0.01,22.5,76.12,1.52,21.65,Porto_Alegre,-30.0346,-51.2177,3,2024,24,Autumn,0.7612000000000001,0.0152,17.127000000000002,0,0
2024-03-25,0.03,22.42,76.63,2.09,20.11,Porto_Alegre,-30.0346,-51.2177,3,2024,25,Autumn,2.2988999999999997,0.06269999999999999,17.180446,0,0
2024-03-26,0.02,21.6,75.0,1.9,20.71,Porto_Alegre,-30.0346,-51.2177,3,2024,26,Autumn,1.5,0.038,16.200000000000003,0,0
2024-03-27,0.07,22.47,79.81,2.07,17.9,Porto_Alegre,-30.0346,-51.2177,3,2024,27,Autumn,5.5867,0.1449,17.933307,0,0
2024-03-28,0.07,24.16,79.96,1.53,16.92,Porto_Alegre,-30.0346,-51.2177,3,2024,28,Autumn,5.5972,0.10710000000000001,19.318336,0,0
2024-03-29,9.41,24.67,83.44,1.49,18.66,Porto_Alegre,-30.0346,-51.2177,3,2024,29,Autumn,785.1704,14.0209,20.584648,0,0
2024-03-30,0.56,24.49,78.2,1.63,20.83,Porto_Alegre,-30.0346,-51.2177,3,2024,30,Autumn,43.79200000000001,0.9128000000000001,19.15118,0,0
2024-03-31,0.07,24.86,74.92,1.63,18.94,Porto_Alegre,-30.0346,-51.2177,3,2024,31,Autumn,5.244400000000001,0.11410000000000001,18.625111999999998,0,0
2024-04-01,0.84,25.76,79.74,1.68,13.96,Porto_Alegre,-30.0346,-51.2177,4,2024,1,Autumn,66.9816,1.4111999999999998,20.541024,0,0
2024-04-02,0.72,22.02,80.19,2.77,7.39,Porto_Alegre,-30.0346,-51.2177,4,2024,2,Autumn,57.736799999999995,1.9944,17.657837999999998,0,0
2024-04-03,0.06,23.2,80.55,1.53,19.01,Porto_Alegre,-30.0346,-51.2177,4,2024,3,Autumn,4.832999999999999,0.09179999999999999,18.6876,0,0
2024-04-04,0.29,25.05,83.75,1.67,5.71,Porto_Alegre,-30.0346,-51.2177,4,2024,4,Autumn,24.287499999999998,0.48429999999999995,20.979375,0,0
2024-04-05,1.4,22.52,78.59,2.86,12.85,Porto_Alegre,-30.0346,-51.2177,4,2024,5,Autumn,110.026,4.004,17.698468000000002,0,0
2024-04-06,0.55,20.44,73.7,3.33,18.16,Porto_Alegre,-30.0346,-51.2177,4,2024,6,Autumn,40.535000000000004,1.8315000000000001,15.06428,0,0
2024-04-07,6.44,20.31,89.13,2.32,6.23,Porto_Alegre,-30.0346,-51.2177,4,2024,7,Autumn,573.9972,14.9408,18.102303,0,0
2024-04-08,0.13,23.65,82.39,0.96,12.38,Porto_Alegre,-30.0346,-51.2177,4,2024,8,Autumn,10.710700000000001,0.1248,19.485235,0,0
2024-04-09,0.09,24.99,79.87,1.32,14.19,Porto_Alegre,-30.0346,-51.2177,4,2024,9,Autumn,7.1883,0.1188,19.959513,0,0
2024-04-10,0.54,23.23,82.56,2.64,8.32,Porto_Alegre,-30.0346,-51.2177,4,2024,10,Autumn,44.58240000000001,1.4256000000000002,19.178688,0,0
2024-04-11,2.52,20.71,83.4,3.84,4.45,Porto_Alegre,-30.0346,-51.2177,4,2024,11,Autumn,210.168,9.6768,17.272140000000004,0,0
2024-04-12,3.33,20.33,87.55,4.41,4.07,Porto_Alegre,-30.0346,-51.2177,4,2024,12,Autumn,291.5415,14.685300000000002,17.798914999999997,0,0
2024-04-13,10.47,22.16,90.2,3.66,2.48,Porto_Alegre,-30.0346,-51.2177,4,2024,13,Autumn,944.3940000000001,38.32020000000001,19.98832,0,0
2024-04-14,2.67,23.19,90.34,3.05,7.21,Porto_Alegre,-30.0346,-51.2177,4,2024,14,Autumn,241.2078,8.1435,20.949846,0,0
2024-04-15,5.65,24.13,91.02,2.82,10.76,Porto_Alegre,-30.0346,-51.2177,4,2024,15,Autumn,514.263,15.933,21.963126,0,0
2024-04-16,28.89,23.36,92.68,2.32,2.1,Porto_Alegre,-30.0346,-51.2177,4,2024,16,Autumn,2677.5252,67.0248,21.650048,0,1
2024-04-17,0.85,18.67,79.33,4.03,17.24,Porto_Alegre,-30.0346,-51.2177,4,2024,17,Autumn,67.4305,3.4255,14.810911,0,0
2024-04-18,0.0,18.2,77.57,3.03,18.44,Porto_Alegre,-30.0346,-51.2177,4,2024,18,Autumn,0.0,0.0,14.117739999999998,0,0
2024-04-19,0.02,19.14,79.96,1.63,17.83,Porto_Alegre,-30.0346,-51.2177,4,2024,19,Autumn,1.5992,0.0326,15.304344,0,0
2024-04-20,0.03,18.91,78.66,1.58,18.46,Porto_Alegre,-30.0346,-51.2177,4,2024,20,Autumn,2.3598,0.0474,14.874606,0,0
2024-04-21,0.04,19.76,79.37,1.69,17.61,Porto_Alegre,-30.0346,-51.2177,4,2024,21,Autumn,3.1748000000000003,0.0676,15.683512000000002,0,0
2024-04-22,0.02,20.2,83.61,1.27,5.86,Porto_Alegre,-30.0346,-51.2177,4,2024,22,Autumn,1.6722000000000001,0.025400000000000002,16.889219999999998,0,0
2024-04-23,0.72,23.27,83.28,1.28,13.83,Porto_Alegre,-30.0346,-51.2177,4,2024,23,Autumn,59.9616,0.9216,19.379255999999998,0,0
2024-04-24,5.9,20.22,79.81,2.29,14.29,Porto_Alegre,-30.0346,-51.2177,4,2024,24,Autumn,470.879,13.511000000000001,16.137582,0,0
2024-04-25,0.09,18.89,81.56,2.33,17.23,Porto_Alegre,-30.0346,-51.2177,4,2024,25,Autumn,7.3404,0.2097,15.406684,0,0
2024-04-26,5.06,22.21,93.51,1.62,5.03,Porto_Alegre,-30.0346,-51.2177,4,2024,26,Autumn,473.1606,8.1972,20.768571,0,0
2024-04-27,26.31,23.7,86.31,3.31,1.46,Porto_Alegre,-30.0346,-51.2177,4,2024,27,Autumn,2270.8161,87.0861,20.45547,0,1
2024-04-28,3.37,19.05,81.33,2.28,14.01,Porto_Alegre,-30.0346,-51.2177,4,2024,28,Autumn,274.0821,7.683599999999999,15.493365,0,0
2024-04-29,70.89,21.86,92.61,2.47,1.82,Porto_Alegre,-30.0346,-51.2177,4,2024,29,Autumn,6565.1229,175.09830000000002,20.244546,1,2
2024-04-30,85.45,24.1,92.2,2.21,0.86,Porto_Alegre,-30.0346,-51.2177,4,2024,30,Autumn,7878.490000000001,188.8445,22.220200000000002,1,2
2024-05-01,74.81,22.68,94.43,2.37,1.16,Porto_Alegre,-30.0346,-51.2177,5,2024,1,Autumn,7064.308300000001,177.2997,21.416724000000002,1,2
2024-05-02,27.83,21.02,94.72,2.52,2.43,Porto_Alegre,-30.0346,-51.2177,5,2024,2,Autumn,2636.0575999999996,70.13159999999999,19.910144,0,1
2024-05-03,4.92,18.27,90.17,3.69,4.5,Porto_Alegre,-30.0346,-51.2177,5,2024,3,Autumn,443.6364,18.154799999999998,16.474059,0,0
2024-05-04,14.49,21.68,91.44,1.6,6.94,Porto_Alegre,-30.0346,-51.2177,5,2024,4,Autumn,1324.9656,23.184,19.824192,0,0
2024-05-05,16.54,22.26,93.24,1.42,10.48,Porto_Alegre,-30.0346,-51.2177,5,2024,5,Autumn,1542.1896,23.4868,20.755224,0,0
2024-05-06,0.02,24.32,86.59,2.51,13.65,Porto_Alegre,-30.0346,-51.2177,5,2024,6,Autumn,1.7318,0.050199999999999995,21.058688,0,0
2024-05-07,0.02,24.35,82.5,2.85,12.9,Porto_Alegre,-30.0346,-51.2177,5,2024,7,Autumn,1.6500000000000001,0.057,20.08875,0,0
2024-05-08,4.88,23.84,85.09,3.44,5.2,Porto_Alegre,-30.0346,-51.2177,5,2024,8,Autumn,415.2392,16.7872,20.285456,0,0
2024-05-09,0.23,15.58,81.22,2.15,15.39,Porto_Alegre,-30.0346,-51.2177,5,2024,9,Autumn,18.680600000000002,0.4945,12.654076,0,0
2024-05-10,26.42,16.24,90.52,2.14,2.31,Porto_Alegre,-30.0346,-51.2177,5,2024,10,Autumn,2391.5384,56.53880000000001,14.700447999999998,0,1
2024-05-11,37.09,19.81,92.21,1.55,3.18,Porto_Alegre,-30.0346,-51.2177,5,2024,11,Autumn,3420.0689,57.48950000000001,18.266800999999997,0,1
2024-05-12,54.12,19.75,95.33,2.35,3.61,Porto_Alegre,-30.0346,-51.2177,5,2024,12,Autumn,5159.259599999999,127.182,18.827675,1,2
2024-05-13,5.01,16.91,90.05,3.81,6.4,Porto_Alegre,-30.0346,-51.2177,5,2024,13,Autumn,451.15049999999997,19.0881,15.227454999999999,0,0
2024-05-14,0.03,11.51,82.51,2.56,14.78,Porto_Alegre,-30.0346,-51.2177,5,2024,14,Autumn,2.4753000000000003,0.0768,9.496901000000001,0,0
2024-05-15,0.0,10.45,76.21,1.85,15.48,Porto_Alegre,-30.0346,-51.2177,5,2024,15,Autumn,0.0,0.0,7.963944999999998,0,0
2024-05-16,11.35,11.15,83.94,0.86,2.77,Porto_Alegre,-30.0346,-51.2177,5,2024,16,Autumn,952.7189999999999,9.761,9.359309999999999,0,0
2024-05-17,1.6,13.08,78.42,1.5,13.38,Porto_Alegre,-30.0346,-51.2177,5,2024,17,Autumn,125.47200000000001,2.4000000000000004,10.257336,0,0
2024-05-18,0.22,12.94,85.14,1.82,10.19,Porto_Alegre,-30.0346,-51.2177,5,2024,18,Autumn,18.7308,0.40040000000000003,11.017116,0,0
2024-05-19,1.61,14.27,91.49,1.76,4.85,Porto_Alegre,-30.0346,-51.2177,5,2024,19,Autumn,147.2989,2.8336,13.055622999999999,0,0
2024-05-20,0.32,13.99,88.55,2.06,9.84,Porto_Alegre,-30.0346,-51.2177,5,2024,20,Autumn,28.336,0.6592,12.388145,0,0
2024-05-21,0.09,15.72,89.3,1.33,12.97,Porto_Alegre,-30.0346,-51.2177,5,2024,21,Autumn,8.036999999999999,0.1197,14.03796,0,0
2024-05-22,3.57,21.09,89.84,1.88,7.87,Porto_Alegre,-30.0346,-51.2177,5,2024,22,Autumn,320.7288,6.711599999999999,18.947256000000003,0,0
2024-05-23,70.55,21.05,93.32,1.94,0.71,Porto_Alegre,-30.0346,-51.2177,5,2024,23,Autumn,6583.726,136.867,19.64386,1,2
2024-05-24,34.14,14.6,90.42,3.43,4.03,Porto_Alegre,-30.0346,-51.2177,5,2024,24,Autumn,3086.9388,117.1002,13.201319999999999,0,1
2024-05-25,0.81,9.87,89.48,2.4,7.21,Porto_Alegre,-30.0346,-51.2177,5,2024,25,Autumn,72.4788,1.944,8.831676,0,0
2024-05-26,0.23,11.98,85.18,2.5,10.59,Porto_Alegre,-30.0346,-51.2177,5,2024,26,Autumn,19.591400000000004,0.5750000000000001,10.204564000000001,0,0
2024-05-27,21.03,14.07,94.95,2.73,2.27,Porto_Alegre,-30.0346,-51.2177,5,2024,27,Autumn,1996.7985,57.4119,13.359465,0,1
2024-05-28,1.23,11.29,91.13,3.91,6.59,Porto_Alegre,-30.0346,-51.2177,5,2024,28,Autumn,112.08989999999999,4.8093,10.288577,0,0
2024-05-29,0.57,13.88,87.86,1.97,11.68,Porto_Alegre,-30.0346,-51.2177,5,2024,29,Autumn,50.0802,1.1228999999999998,12.194968000000001,0,0
2024-05-30,0.06,12.41,84.55,1.1,11.59,Porto_Alegre,-30.0346,-51.2177,5,2024,30,Autumn,5.0729999999999995,0.066,10.492655,0,0
2024-05-31,0.16,12.4,90.26,1.45,9.79,Porto_Alegre,-30.0346,-51.2177,5,2024,31,Autumn,14.441600000000001,0.23199999999999998,11.192240000000002,0,0
2024-06-01,0.07,14.13,89.03,1.76,9.35,Porto_Alegre,-30.0346,-51.2177,6,2024,1,Winter,6.232100000000001,0.12320000000000002,12.579939,0,0
2024-06-02,0.03,17.51,87.11,2.26,12.73,Porto_Alegre,-30.0346,-51.2177,6,2024,2,Winter,2.6132999999999997,0.06779999999999999,15.252961,0,0
2024-06-03,12.25,12.3,89.2,2.55,7.57,Porto_Alegre,-30.0346,-51.2177,6,2024,3,Winter,1092.7,31.237499999999997,10.9716,0,0
2024-06-04,0.08,12.35,86.72,2.06,9.25,Porto_Alegre,-30.0346,-51.2177,6,2024,4,Winter,6.9376,0.1648,10.709919999999999,0,0
2024-06-05,0.45,15.67,93.27,1.11,7.39,Porto_Alegre,-30.0346,-51.2177,6,2024,5,Winter,41.9715,0.49950000000000006,14.615409,0,0
2024-06-06,0.2,19.63,92.15,1.55,10.85,Porto_Alegre,-30.0346,-51.2177,6,2024,6,Winter,18.430000000000003,0.31000000000000005,18.089045000000002,0,0
2024-06-07,0.06,19.88,91.02,1.4,11.43,Porto_Alegre,-30.0346,-51.2177,6,2024,7,Winter,5.4612,0.08399999999999999,18.094776,0,0
2024-06-08,0.06,19.47,89.21,1.23,9.13,Porto_Alegre,-30.0346,-51.2177,6,2024,8,Winter,5.3526,0.07379999999999999,17.369186999999997,0,0
2024-06-09,0.02,20.43,88.36,2.44,10.22,Porto_Alegre,-30.0346,-51.2177,6,2024,9,Winter,1.7672,0.0488,18.051948,0,0
2024-06-10,0.02,20.58,91.04,2.31,6.69,Porto_Alegre,-30.0346,-51.2177,6,2024,10,Winter,1.8208000000000002,0.046200000000000005,18.736032,0,0
2024-06-11,0.02,18.64,92.89,2.0,4.36,Porto_Alegre,-30.0346,-51.2177,6,2024,11,Winter,1.8578000000000001,0.04,17.314696,0,0
2024-06-12,0.01,20.41,89.84,1.84,10.99,Porto_Alegre,-30.0346,-51.2177,6,2024,12,Winter,0.8984000000000001,0.0184,18.336344,0,0
2024-06-13,0.02,19.76,84.97,2.28,9.48,Porto_Alegre,-30.0346,-51.2177,6,2024,13,Winter,1.6994,0.045599999999999995,16.790072000000002,0,0
2024-06-14,0.01,20.75,80.8,2.74,10.81,Porto_Alegre,-30.0346,-51.2177,6,2024,14,Winter,0.8079999999999999,0.027400000000000004,16.766,0,0
2024-06-15,16.05,19.08,90.46,2.16,1.89,Porto_Alegre,-30.0346,-51.2177,6,2024,15,Winter,1451.883,34.668000000000006,17.259767999999998,0,0
2024-06-16,45.46,16.56,94.66,4.35,1.78,Porto_Alegre,-30.0346,-51.2177,6,2024,16,Winter,4303.2436,197.75099999999998,15.675695999999999,1,1
2024-06-17,2.94,18.22,93.74,2.93,4.83,Porto_Alegre,-30.0346,-51.2177,6,2024,17,Winter,275.5956,8.6142,17.079427999999997,0,0
2024-06-18,23.04,19.64,93.74,1.67,10.29,Porto_Alegre,-30.0346,-51.2177,6,2024,18,Winter,2159.7695999999996,38.4768,18.410535999999997,0,1
2024-06-19,31.79,20.5,90.5,1.76,4.12,Porto_Alegre,-30.0346,-51.2177,6,2024,19,Winter,2876.995,55.9504,18.552500000000002,0,1
2024-06-20,8.33,18.31,92.91,2.28,3.95,Porto_Alegre,-30.0346,-51.2177,6,2024,20,Winter,773.9403,18.9924,17.011820999999998,0,0
2024-06-21,21.11,18.83,92.81,2.27,2.99,Porto_Alegre,-30.0346,-51.2177,6,2024,21,Winter,1959.2191,47.9197,17.476122999999998,0,1
2024-06-22,3.06,20.47,87.31,2.18,11.54,Porto_Alegre,-30.0346,-51.2177,6,2024,22,Winter,267.1686,6.670800000000001,17.872356999999997,0,0
2024-06-23,7.69,20.8,88.78,2.94,8.39,Porto_Alegre,-30.0346,-51.2177,6,2024,23,Winter,682.7182,22.6086,18.466240000000003,0,0
2024-06-24,5.26,14.4,84.75,2.62,7.3,Porto_Alegre,-30.0346,-51.2177,6,2024,24,Winter,445.78499999999997,13.7812,12.204,0,0
2024-06-25,2.29,11.5,82.78,2.39,9.78,Porto_Alegre,-30.0346,-51.2177,6,2024,25,Winter,189.5662,5.4731000000000005,9.5197,0,0
2024-06-26,10.72,11.91,92.64,2.73,4.91,Porto_Alegre,-30.0346,-51.2177,6,2024,26,Winter,993.1008,29.265600000000003,11.033424,0,0
2024-06-27,0.07,10.43,88.05,2.87,12.43,Porto_Alegre,-30.0346,-51.2177,6,2024,27,Winter,6.1635,0.20090000000000002,9.183615,0,0
2024-06-28,0.02,12.34,89.49,2.85,10.51,Porto_Alegre,-30.0346,-51.2177,6,2024,28,Winter,1.7897999999999998,0.057,11.043066,0,0
2024-06-29,0.0,7.36,81.92,3.8,13.34,Porto_Alegre,-30.0346,-51.2177,6,2024,29,Winter,0.0,0.0,6.029312000000001,0,0
2024-06-30,0.0,5.27,80.19,2.33,13.35,Porto_Alegre,-30.0346,-51.2177,6,2024,30,Winter,0.0,0.0,4.226012999999999,0,0
2024-07-01,0.0,7.31,77.98,1.87,13.33,Porto_Alegre,-30.0346,-51.2177,7,2024,1,Winter,0.0,0.0,5.700338,0,0
2024-07-02,0.02,10.81,85.04,1.52,13.22,Porto_Alegre,-30.0346,-51.2177,7,2024,2,Winter,1.7008,0.0304,9.192824000000002,0,0
2024-07-03,0.28,15.4,87.78,2.01,8.68,Porto_Alegre,-30.0346,-51.2177,7,2024,3,Winter,24.578400000000002,0.5628,13.518120000000001,0,0
2024-07-04,0.9,12.27,90.22,2.11,2.22,Porto_Alegre,-30.0346,-51.2177,7,2024,4,Winter,81.19800000000001,1.899,11.069994,0,0
2024-07-05,10.67,10.5,92.03,2.29,1.94,Porto_Alegre,-30.0346,-51.2177,7,2024,5,Winter,981.9601,24.4343,9.66315,0,0
2024-07-06,0.05,7.86,80.36,1.83,13.37,Porto_Alegre,-30.0346,-51.2177,7,2024,6,Winter,4.018,0.09150000000000001,6.316296,0,0
2024-07-07,0.9,10.04,89.27,2.42,5.18,Porto_Alegre,-30.0346,-51.2177,7,2024,7,Winter,80.343,2.178,8.962708,0,0
2024-07-08,0.17,8.64,86.25,2.43,9.25,Porto_Alegre,-30.0346,-51.2177,7,2024,8,Winter,14.662500000000001,0.4131000000000001,7.452000000000001,0,0
2024-07-09,7.35,6.16,87.68,1.69,9.22,Porto_Alegre,-30.0346,-51.2177,7,2024,9,Winter,644.448,12.421499999999998,5.4010880000000006,0,0
2024-07-10,12.02,7.66,94.69,1.67,4.13,Porto_Alegre,-30.0346,-51.2177,7,2024,10,Winter,1138.1738,20.0734,7.253254,0,0
2024-07-11,1.3,9.47,91.6,1.17,4.44,Porto_Alegre,-30.0346,-51.2177,7,2024,11,Winter,119.08,1.521,8.67452,0,0
2024-07-12,0.44,9.44,89.33,2.05,8.76,Porto_Alegre,-30.0346,-51.2177,7,2024,12,Winter,39.3052,0.9019999999999999,8.432751999999999,0,0
2024-07-13,6.12,11.75,94.99,2.4,5.36,Porto_Alegre,-30.0346,-51.2177,7,2024,13,Winter,581.3388,14.687999999999999,11.161325,0,0
2024-07-14,6.42,13.34,95.21,3.06,4.89,Porto_Alegre,-30.0346,-51.2177,7,2024,14,Winter,611.2482,19.6452,12.701013999999999,0,0
2024-07-15,0.71,13.19,91.6,2.62,12.15,Porto_Alegre,-30.0346,-51.2177,7,2024,15,Winter,65.03599999999999,1.8602,12.08204,0,0
2024-07-16,1.55,14.28,95.32,2.47,7.14,Porto_Alegre,-30.0346,-51.2177,7,2024,16,Winter,147.74599999999998,3.8285000000000005,13.611695999999998,0,0
2024-07-17,0.32,15.13,92.86,2.0,7.33,Porto_Alegre,-30.0346,-51.2177,7,2024,17,Winter,29.7152,0.64,14.049718,0,0
2024-07-18,0.03,13.25,89.95,1.22,10.78,Porto_Alegre,-30.0346,-51.2177,7,2024,18,Winter,2.6985,0.0366,11.918375000000001,0,0
2024-07-19,0.06,14.89,89.0,1.42,13.37,Porto_Alegre,-30.0346,-51.2177,7,2024,19,Winter,5.34,0.0852,13.2521,0,0
2024-07-20,0.03,14.69,93.78,1.86,4.45,Porto_Alegre,-30.0346,-51.2177,7,2024,20,Winter,2.8134,0.0558,13.776281999999998,0,0
2024-07-21,0.0,15.87,90.06,1.31,10.36,Porto_Alegre,-30.0346,-51.2177,7,2024,21,Winter,0.0,0.0,14.292522,0,0
2024-07-22,0.03,17.24,89.98,1.2,10.47,Porto_Alegre,-30.0346,-51.2177,7,2024,22,Winter,2.6994,0.036,15.512552,0,0
2024-07-23,0.01,17.79,91.5,1.12,11.56,Porto_Alegre,-30.0346,-51.2177,7,2024,23,Winter,0.915,0.011200000000000002,16.27785,0,0
2024-07-24,0.05,18.49,88.97,1.64,13.39,Porto_Alegre,-30.0346,-51.2177,7,2024,24,Winter,4.4485,0.082,16.450552999999996,0,0
2024-07-25,0.03,17.78,87.66,2.0,10.68,Porto_Alegre,-30.0346,-51.2177,7,2024,25,Winter,2.6298,0.06,15.585948,0,0
2024-07-26,0.07,16.58,90.71,1.8,12.82,Porto_Alegre,-30.0346,-51.2177,7,2024,26,Winter,6.3497,0.12600000000000003,15.039717999999997,0,0
2024-07-27,2.3,18.37,91.84,0.88,5.38,Porto_Alegre,-30.0346,-51.2177,7,2024,27,Winter,211.232,2.024,16.871008,0,0
2024-07-28,14.89,16.27,94.0,2.35,2.95,Porto_Alegre,-30.0346,-51.2177,7,2024,28,Winter,1399.66,34.9915,15.2938,0,0
2024-07-29,4.51,11.65,86.65,3.82,5.15,Porto_Alegre,-30.0346,-51.2177,7,2024,29,Winter,390.7915,17.228199999999998,10.094725,0,0
2024-07-30,0.01,11.45,82.51,2.39,14.67,Porto_Alegre,-30.0346,-51.2177,7,2024,30,Winter,0.8251000000000001,0.0239,9.447395,0,0
2024-07-31,0.03,14.93,85.69,1.48,14.77,Porto_Alegre,-30.0346,-51.2177,7,2024,31,Winter,2.5707,0.044399999999999995,12.793517,0,0
2024-08-01,0.01,18.02,88.81,1.66,12.27,Porto_Alegre,-30.0346,-51.2177,8,2024,1,Winter,0.8881,0.0166,16.003562,0,0
2024-08-02,0.01,19.36,88.26,1.96,14.34,Porto_Alegre,-30.0346,-51.2177,8,2024,2,Winter,0.8826,0.0196,17.087136,0,0
2024-08-03,0.08,20.29,85.27,2.78,10.76,Porto_Alegre,-30.0346,-51.2177,8,2024,3,Winter,6.8216,0.2224,17.301282999999998,0,0
2024-08-04,7.39,16.26,93.04,2.82,1.76,Porto_Alegre,-30.0346,-51.2177,8,2024,4,Winter,687.5656,20.839799999999997,15.128304000000004,0,0
2024-08-05,1.93,17.85,93.13,2.48,4.8,Porto_Alegre,-30.0346,-51.2177,8,2024,5,Winter,179.74089999999998,4.7863999999999995,16.623705,0,0
2024-08-06,10.52,20.77,91.21,1.8,1.74,Porto_Alegre,-30.0346,-51.2177,8,2024,6,Winter,959.5292,18.936,18.944316999999998,0,0
2024-08-07,9.08,18.81,93.09,1.44,1.89,Porto_Alegre,-30.0346,-51.2177,8,2024,7,Winter,845.2572,13.075199999999999,17.510229,0,0
2024-08-08,2.09,13.77,92.04,2.11,4.48,Porto_Alegre,-30.0346,-51.2177,8,2024,8,Winter,192.3636,4.4098999999999995,12.673908,0,0
2024-08-09,0.35,9.31,86.11,3.99,7.79,Porto_Alegre,-30.0346,-51.2177,8,2024,9,Winter,30.138499999999997,1.3965,8.016841,0,0
2024-08-10,0.17,10.38,85.27,2.43,7.52,Porto_Alegre,-30.0346,-51.2177,8,2024,10,Winter,14.4959,0.4131000000000001,8.851026000000001,0,0
2024-08-11,0.08,10.54,83.53,3.47,15.61,Porto_Alegre,-30.0346,-51.2177,8,2024,11,Winter,6.6824,0.2776,8.804062,0,0
2024-08-12,0.02,7.94,82.18,3.4,16.59,Porto_Alegre,-30.0346,-51.2177,8,2024,12,Winter,1.6436000000000002,0.068,6.525092000000001,0,0
2024-08-13,0.0,8.47,79.7,0.89,17.3,Porto_Alegre,-30.0346,-51.2177,8,2024,13,Winter,0.0,0.0,6.750590000000001,0,0
2024-08-14,0.01,11.26,82.34,1.3,17.06,Porto_Alegre,-30.0346,-51.2177,8,2024,14,Winter,0.8234,0.013000000000000001,9.271484,0,0
2024-08-15,0.02,14.92,81.63,1.0,13.65,Porto_Alegre,-30.0346,-51.2177,8,2024,15,Winter,1.6326,0.02,12.179196,0,0
2024-08-16,0.03,16.31,90.11,1.34,9.85,Porto_Alegre,-30.0346,-51.2177,8,2024,16,Winter,2.7033,0.0402,14.696940999999999,0,0
2024-08-17,0.42,15.96,93.14,3.19,4.83,Porto_Alegre,-30.0346,-51.2177,8,2024,17,Winter,39.1188,1.3397999999999999,14.865144,0,0
2024-08-18,0.18,19.79,90.44,1.17,6.88,Porto_Alegre,-30.0346,-51.2177,8,2024,18,Winter,16.2792,0.21059999999999998,17.898076,0,0
2024-08-19,2.13,20.7,89.75,2.11,4.56,Porto_Alegre,-30.0346,-51.2177,8,2024,19,Winter,191.1675,4.494299999999999,18.578249999999997,0,0
2024-08-20,6.01,16.75,92.11,4.07,3.01,Porto_Alegre,-30.0346,-51.2177,8,2024,20,Winter,553.5811,24.4607,15.428425,0,0
2024-08-21,0.11,19.92,88.49,2.04,12.5,Porto_Alegre,-30.0346,-51.2177,8,2024,21,Winter,9.7339,0.22440000000000002,17.627208,0,0
2024-08-22,7.83,19.05,90.97,2.06,3.72,Porto_Alegre,-30.0346,-51.2177,8,2024,22,Winter,712.2951,16.1298,17.329785,0,0
2024-08-23,3.81,12.6,87.27,2.15,4.99,Porto_Alegre,-30.0346,-51.2177,8,2024,23,Winter,332.4987,8.1915,10.996019999999998,0,0
2024-08-24,1.84,10.36,83.3,2.2,14.21,Porto_Alegre,-30.0346,-51.2177,8,2024,24,Winter,153.272,4.048000000000001,8.62988,0,0
2024-08-25,0.03,9.35,81.92,3.54,14.9,Porto_Alegre,-30.0346,-51.2177,8,2024,25,Winter,2.4576,0.1062,7.65952,0,0
2024-08-26,0.01,10.53,83.38,2.1,16.42,Porto_Alegre,-30.0346,-51.2177,8,2024,26,Winter,0.8338,0.021,8.779914,0,0
2024-08-27,0.02,12.14,86.02,1.29,15.56,Porto_Alegre,-30.0346,-51.2177,8,2024,27,Winter,1.7204,0.0258,10.442828,0,0
2024-08-28,0.01,13.27,88.62,2.22,13.99,Porto_Alegre,-30.0346,-51.2177,8,2024,28,Winter,0.8862000000000001,0.0222,11.759874000000002,0,0
2024-08-29,0.0,16.78,87.16,1.09,4.82,Porto_Alegre,-30.0346,-51.2177,8,2024,29,Winter,0.0,0.0,14.625448,0,0
2024-08-30,0.05,16.84,91.13,2.62,6.81,Porto_Alegre,-30.0346,-51.2177,8,2024,30,Winter,4.5565,0.131,15.346292,0,0
2024-08-31,0.36,19.74,88.71,2.88,5.85,Porto_Alegre,-30.0346,-51.2177,8,2024,31,Winter,31.935599999999997,1.0368,17.511353999999997,0,0
2024-09-01,0.49,16.22,82.62,4.23,12.77,Porto_Alegre,-30.0346,-51.2177,9,2024,1,Spring,40.4838,2.0727,13.400964,0,0
2024-09-02,0.04,14.48,84.73,2.23,11.63,Porto_Alegre,-30.0346,-51.2177,9,2024,2,Spring,3.3892,0.0892,12.268904000000001,0,0
2024-09-03,0.01,15.21,87.84,1.67,16.12,Porto_Alegre,-30.0346,-51.2177,9,2024,3,Spring,0.8784000000000001,0.0167,13.360464000000002,0,0
2024-09-04,28.78,14.46,91.77,3.63,4.5,Porto_Alegre,-30.0346,-51.2177,9,2024,4,Spring,2641.1406,104.4714,13.269942,0,1
2024-09-05,0.21,12.93,79.02,2.1,20.51,Porto_Alegre,-30.0346,-51.2177,9,2024,5,Spring,16.594199999999997,0.441,10.217286,0,0
2024-09-06,0.14,13.12,86.51,1.78,20.74,Porto_Alegre,-30.0346,-51.2177,9,2024,6,Spring,12.111400000000001,0.24920000000000003,11.350112000000001,0,0
2024-09-07,0.16,16.86,91.51,1.5,9.28,Porto_Alegre,-30.0346,-51.2177,9,2024,7,Spring,14.6416,0.24,15.428586,0,0
2024-09-08,0.36,17.97,92.81,2.25,5.25,Porto_Alegre,-30.0346,-51.2177,9,2024,8,Spring,33.4116,0.8099999999999999,16.677957,0,0
2024-09-09,0.12,19.53,93.41,2.05,5.59,Porto_Alegre,-30.0346,-51.2177,9,2024,9,Spring,11.2092,0.24599999999999997,18.242973,0,0
2024-09-10,0.1,22.82,87.69,1.56,10.43,Porto_Alegre,-30.0346,-51.2177,9,2024,10,Spring,8.769,0.15600000000000003,20.010858,0,0
2024-09-11,0.01,21.93,86.64,2.46,5.28,Porto_Alegre,-30.0346,-51.2177,9,2024,11,Spring,0.8664000000000001,0.0246,19.000152,0,0
2024-09-12,4.44,17.32,94.49,2.58,1.39,Porto_Alegre,-30.0346,-51.2177,9,2024,12,Spring,419.5356,11.455200000000001,16.365668,0,0
2024-09-13,17.14,19.86,93.59,1.88,3.99,Porto_Alegre,-30.0346,-51.2177,9,2024,13,Spring,1604.1326000000001,32.2232,18.586974,0,0
2024-09-14,0.73,17.69,88.61,3.01,12.27,Porto_Alegre,-30.0346,-51.2177,9,2024,14,Spring,64.6853,2.1973,15.675109,0,0
2024-09-15,0.02,14.61,84.43,2.6,17.23,Porto_Alegre,-30.0346,-51.2177,9,2024,15,Spring,1.6886,0.052000000000000005,12.335223000000001,0,0
2024-09-16,0.04,16.98,85.2,2.07,16.58,Porto_Alegre,-30.0346,-51.2177,9,2024,16,Spring,3.4080000000000004,0.0828,14.46696,0,0
2024-09-17,0.0,16.92,84.8,2.57,21.61,Porto_Alegre,-30.0346,-51.2177,9,2024,17,Spring,0.0,0.0,14.348160000000002,0,0
2024-09-18,0.0,17.22,83.92,1.75,20.78,Porto_Alegre,-30.0346,-51.2177,9,2024,18,Spring,0.0,0.0,14.451024,0,0
2024-09-19,1.79,20.04,87.26,2.15,17.83,Porto_Alegre,-30.0346,-51.2177,9,2024,19,Spring,156.1954,3.8485,17.486904,0,0
2024-09-20,31.68,20.02,92.26,1.33,5.31,Porto_Alegre,-30.0346,-51.2177,9,2024,20,Spring,2922.7968,42.1344,18.470452,0,1
2024-09-21,0.02,17.62,86.88,1.56,15.62,Porto_Alegre,-30.0346,-51.2177,9,2024,21,Spring,1.7376,0.031200000000000002,15.308256,0,0
2024-09-22,0.31,21.54,87.76,1.53,20.29,Porto_Alegre,-30.0346,-51.2177,9,2024,22,Spring,27.2056,0.4743,18.903504,0,0
2024-09-23,1.64,24.69,87.59,1.68,0.99,Porto_Alegre,-30.0346,-51.2177,9,2024,23,Spring,143.64759999999998,2.7552,21.625971,0,0
2024-09-24,1.25,20.83,91.32,2.83,1.75,Porto_Alegre,-30.0346,-51.2177,9,2024,24,Spring,114.14999999999999,3.5375,19.021955999999996,0,0
2024-09-25,25.85,20.07,93.71,2.69,1.91,Porto_Alegre,-30.0346,-51.2177,9,2024,25,Spring,2422.4035,69.5365,18.807596999999998,0,1
2024-09-26,34.11,17.86,93.07,2.65,1.97,Porto_Alegre,-30.0346,-51.2177,9,2024,26,Spring,3174.6177,90.3915,16.622301999999998,0,1
2024-09-27,1.17,18.29,88.3,2.78,19.97,Porto_Alegre,-30.0346,-51.2177,9,2024,27,Spring,103.31099999999999,3.2525999999999997,16.15007,0,0
2024-09-28,0.0,18.26,82.55,1.15,23.99,Porto_Alegre,-30.0346,-51.2177,9,2024,28,Spring,0.0,0.0,15.073630000000001,0,0
2024-09-29,0.0,20.39,82.94,1.33,24.09,Porto_Alegre,-30.0346,-51.2177,9,2024,29,Spring,0.0,0.0,16.911466,0,0
2024-09-30,0.79,22.81,82.75,2.19,19.58,Porto_Alegre,-30.0346,-51.2177,9,2024,30,Spring,65.3725,1.7301,18.875275,0,0
2024-10-01,15.47,22.81,87.16,2.76,1.35,Porto_Alegre,-30.0346,-51.2177,10,2024,1,Spring,1348.3652,42.697199999999995,19.881195999999996,0,0
2024-10-02,18.87,17.73,87.9,3.28,16.64,Porto_Alegre,-30.0346,-51.2177,10,2024,2,Spring,1658.6730000000002,61.8936,15.584670000000001,0,0
2024-10-03,0.01,14.68,76.25,2.45,24.85,Porto_Alegre,-30.0346,-51.2177,10,2024,3,Spring,0.7625000000000001,0.0245,11.193499999999998,0,0
2024-10-04,0.01,15.98,79.01,2.43,23.7,Porto_Alegre,-30.0346,-51.2177,10,2024,4,Spring,0.7901,0.024300000000000002,12.625798000000001,0,0
2024-10-05,0.01,17.56,83.38,1.84,25.49,Porto_Alegre,-30.0346,-51.2177,10,2024,5,Spring,0.8338,0.0184,14.641528,0,0
2024-10-06,0.05,18.72,87.02,2.71,21.58,Porto_Alegre,-30.0346,-51.2177,10,2024,6,Spring,4.351,0.1355,16.290143999999998,0,0
2024-10-07,2.64,18.56,90.45,3.14,6.57,Porto_Alegre,-30.0346,-51.2177,10,2024,7,Spring,238.788,8.2896,16.78752,0,0
2024-10-08,4.2,19.06,94.79,2.34,4.53,Porto_Alegre,-30.0346,-51.2177,10,2024,8,Spring,398.11800000000005,9.828,18.066974000000002,0,0
2024-10-09,2.58,18.22,90.12,4.67,9.92,Porto_Alegre,-30.0346,-51.2177,10,2024,9,Spring,232.5096,12.0486,16.419864,0,0
2024-10-10,1.91,18.8,89.4,3.62,3.43,Porto_Alegre,-30.0346,-51.2177,10,2024,10,Spring,170.754,6.9142,16.8072,0,0
2024-10-11,2.72,20.41,91.39,1.47,10.47,Porto_Alegre,-30.0346,-51.2177,10,2024,11,Spring,248.5808,3.9984,18.652699000000002,0,0
2024-10-12,0.36,18.76,83.68,2.37,24.8,Porto_Alegre,-30.0346,-51.2177,10,2024,12,Spring,30.1248,0.8532,15.698368000000004,0,0
2024-10-13,0.03,18.9,84.22,3.23,23.69,Porto_Alegre,-30.0346,-51.2177,10,2024,13,Spring,2.5265999999999997,0.0969,15.917579999999997,0,0
2024-10-14,0.01,20.53,83.02,2.56,21.45,Porto_Alegre,-30.0346,-51.2177,10,2024,14,Spring,0.8301999999999999,0.0256,17.044006,0,0
2024-10-15,1.17,20.6,89.83,1.74,4.58,Porto_Alegre,-30.0346,-51.2177,10,2024,15,Spring,105.10109999999999,2.0358,18.50498,0,0
2024-10-16,0.24,20.29,85.34,2.26,20.92,Porto_Alegre,-30.0346,-51.2177,10,2024,16,Spring,20.4816,0.5423999999999999,17.315486,0,0
2024-10-17,0.0,18.87,80.38,1.58,27.19,Porto_Alegre,-30.0346,-51.2177,10,2024,17,Spring,0.0,0.0,15.167706,0,0
2024-10-18,0.0,18.55,83.88,1.27,12.4,Porto_Alegre,-30.0346,-51.2177,10,2024,18,Spring,0.0,0.0,15.55974,0,0
2024-10-19,0.0,19.66,85.07,2.2,21.94,Porto_Alegre,-30.0346,-51.2177,10,2024,19,Spring,0.0,0.0,16.724762,0,0
2024-10-20,0.0,20.11,83.41,3.15,27.41,Porto_Alegre,-30.0346,-51.2177,10,2024,20,Spring,0.0,0.0,16.773750999999997,0,0
2024-10-21,0.0,22.66,84.62,1.52,27.54,Porto_Alegre,-30.0346,-51.2177,10,2024,21,Spring,0.0,0.0,19.174892,0,0
2024-10-22,0.0,24.92,84.92,1.82,23.73,Porto_Alegre,-30.0346,-51.2177,10,2024,22,Spring,0.0,0.0,21.162064000000004,0,0
2024-10-23,0.55,23.54,88.93,2.32,17.09,Porto_Alegre,-30.0346,-51.2177,10,2024,23,Spring,48.91150000000001,1.276,20.934122000000002,0,0
2024-10-24,2.91,24.75,84.49,3.8,7.56,Porto_Alegre,-30.0346,-51.2177,10,2024,24,Spring,245.8659,11.058,20.911275,0,0
2024-10-25,0.03,20.98,78.98,3.8,21.78,Porto_Alegre,-30.0346,-51.2177,10,2024,25,Spring,2.3694,0.11399999999999999,16.570004,0,0
2024-10-26,0.0,17.39,73.34,3.23,27.61,Porto_Alegre,-30.0346,-51.2177,10,2024,26,Spring,0.0,0.0,12.753826000000002,0,0
2024-10-27,0.0,16.83,71.83,1.95,29.27,Porto_Alegre,-30.0346,-51.2177,10,2024,27,Spring,0.0,0.0,12.088988999999998,0,0
2024-10-28,0.0,19.98,81.76,1.72,27.85,Porto_Alegre,-30.0346,-51.2177,10,2024,28,Spring,0.0,0.0,16.335648000000003,0,0
2024-10-29,0.0,21.69,86.45,1.94,23.86,Porto_Alegre,-30.0346,-51.2177,10,2024,29,Spring,0.0,0.0,18.751005000000003,0,0
2024-10-30,0.0,22.06,86.82,3.75,22.31,Porto_Alegre,-30.0346,-51.2177,10,2024,30,Spring,0.0,0.0,19.152492,0,0
2024-10-31,0.0,23.0,81.28,3.46,28.76,Porto_Alegre,-30.0346,-51.2177,10,2024,31,Spring,0.0,0.0,18.694399999999998,0,0
2024-11-01,0.69,23.46,80.2,1.97,24.0,Porto_Alegre,-30.0346,-51.2177,11,2024,1,Spring,55.338,1.3593,18.81492,0,0
2024-11-02,0.24,23.48,86.75,1.62,10.28,Porto_Alegre,-30.0346,-51.2177,11,2024,2,Spring,20.82,0.38880000000000003,20.3689,0,0
2024-11-03,0.52,23.95,87.48,2.28,20.43,Porto_Alegre,-30.0346,-51.2177,11,2024,3,Spring,45.4896,1.1856,20.95146,0,0
2024-11-04,0.05,24.08,83.68,2.22,19.12,Porto_Alegre,-30.0346,-51.2177,11,2024,4,Spring,4.184,0.11100000000000002,20.150144,0,0
2024-11-05,0.32,24.24,86.55,2.9,13.47,Porto_Alegre,-30.0346,-51.2177,11,2024,5,Spring,27.695999999999998,0.9279999999999999,20.979719999999997,0,0
2024-11-06,0.58,23.31,89.87,3.69,9.42,Porto_Alegre,-30.0346,-51.2177,11,2024,6,Spring,52.1246,2.1401999999999997,20.948697,0,0
2024-11-07,7.01,23.6,92.22,2.84,10.26,Porto_Alegre,-30.0346,-51.2177,11,2024,7,Spring,646.4621999999999,19.908399999999997,21.763920000000002,0,0
2024-11-08,5.43,20.33,85.42,3.97,19.83,Porto_Alegre,-30.0346,-51.2177,11,2024,8,Spring,463.8306,21.5571,17.365886,0,0
2024-11-09,0.07,19.17,74.53,2.16,25.53,Porto_Alegre,-30.0346,-51.2177,11,2024,9,Spring,5.2171,0.15120000000000003,14.287401000000001,0,0
2024-11-10,0.01,20.29,81.28,2.1,30.45,Porto_Alegre,-30.0346,-51.2177,11,2024,10,Spring,0.8128000000000001,0.021,16.491712,0,0
2024-11-11,2.38,22.73,82.06,2.66,22.57,Porto_Alegre,-30.0346,-51.2177,11,2024,11,Spring,195.3028,6.3308,18.652238,0,0
2024-11-12,0.01,17.82,72.16,2.97,25.6,Porto_Alegre,-30.0346,-51.2177,11,2024,12,Spring,0.7216,0.029700000000000004,12.858912,0,0
2024-11-13,0.0,19.29,63.32,1.5,29.78,Porto_Alegre,-30.0346,-51.2177,11,2024,13,Spring,0.0,0.0,12.214428,0,0
2024-11-14,0.0,20.0,70.41,1.91,30.03,Porto_Alegre,-30.0346,-51.2177,11,2024,14,Spring,0.0,0.0,14.081999999999999,0,0
2024-11-15,0.0,21.32,80.39,2.66,27.68,Porto_Alegre,-30.0346,-51.2177,11,2024,15,Spring,0.0,0.0,17.139148000000002,0,0
2024-11-16,0.0,24.26,82.04,2.29,29.75,Porto_Alegre,-30.0346,-51.2177,11,2024,16,Spring,0.0,0.0,19.902904000000003,0,0
2024-11-17,0.7,26.76,78.52,1.28,26.49,Porto_Alegre,-30.0346,-51.2177,11,2024,17,Spring,54.96399999999999,0.8959999999999999,21.011952,0,0
2024-11-18,2.79,24.08,85.61,3.11,14.97,Porto_Alegre,-30.0346,-51.2177,11,2024,18,Spring,238.8519,8.6769,20.614887999999997,0,0
2024-11-19,14.8,20.22,84.73,4.2,8.05,Porto_Alegre,-30.0346,-51.2177,11,2024,19,Spring,1254.0040000000001,62.160000000000004,17.132406,0,0
2024-11-20,27.86,18.32,86.53,5.01,11.15,Porto_Alegre,-30.0346,-51.2177,11,2024,20,Spring,2410.7258,139.5786,15.852295999999999,0,1
2024-11-21,0.23,20.11,81.29,5.0,15.37,Porto_Alegre,-30.0346,-51.2177,11,2024,21,Spring,18.696700000000003,1.1500000000000001,16.347419000000002,0,0
2024-11-22,0.5,20.23,84.97,4.34,8.24,Porto_Alegre,-30.0346,-51.2177,11,2024,22,Spring,42.485,2.17,17.189431,0,0
2024-11-23,0.06,20.97,80.59,4.76,25.55,Porto_Alegre,-30.0346,-51.2177,11,2024,23,Spring,4.8354,0.28559999999999997,16.899723,0,0
2024-11-24,0.0,22.24,79.42,2.79,31.21,Porto_Alegre,-30.0346,-51.2177,11,2024,24,Spring,0.0,0.0,17.663007999999998,0,0
2024-11-25,0.0,24.79,73.24,1.6,17.32,Porto_Alegre,-30.0346,-51.2177,11,2024,25,Spring,0.0,0.0,18.156195999999998,0,0
2024-11-26,0.13,26.55,80.11,1.12,11.8,Porto_Alegre,-30.0346,-51.2177,11,2024,26,Spring,10.4143,0.1456,21.269205000000003,0,0
2024-11-27,1.36,25.89,86.68,1.38,17.81,Porto_Alegre,-30.0346,-51.2177,11,2024,27,Spring,117.88480000000001,1.8768,22.441452,0,0
2024-11-28,1.53,22.78,88.68,2.59,12.28,Porto_Alegre,-30.0346,-51.2177,11,2024,28,Spring,135.68040000000002,3.9627,20.201304,0,0
2024-11-29,0.79,22.77,86.19,2.69,17.93,Porto_Alegre,-30.0346,-51.2177,11,2024,29,Spring,68.0901,2.1251,19.625463,0,0
2024-11-30,0.06,22.19,82.94,2.57,25.6,Porto_Alegre,-30.0346,-51.2177,11,2024,30,Spring,4.9764,0.15419999999999998,18.404386000000002,0,0
2024-12-01,1.99,25.52,79.87,2.92,26.56,Porto_Alegre,-30.0346,-51.2177,12,2024,1,Summer,158.9413,5.8107999999999995,20.382824000000003,0,0
2024-12-02,7.84,21.22,76.12,3.44,23.69,Porto_Alegre,-30.0346,-51.2177,12,2024,2,Summer,596.7808,26.9696,16.152664,0,0
2024-12-03,1.44,20.1,73.02,2.47,29.23,Porto_Alegre,-30.0346,-51.2177,12,2024,3,Summer,105.1488,3.5568,14.67702,0,0
2024-12-04,0.11,19.07,74.62,2.27,31.85,Porto_Alegre,-30.0346,-51.2177,12,2024,4,Summer,8.2082,0.2497,14.230034000000002,0,0
2024-12-05,0.01,22.49,81.26,1.91,31.56,Porto_Alegre,-30.0346,-51.2177,12,2024,5,Summer,0.8126000000000001,0.0191,18.275374,0,0
2024-12-06,3.59,25.57,82.43,3.13,12.83,Porto_Alegre,-30.0346,-51.2177,12,2024,6,Summer,295.9237,11.236699999999999,21.077351,0,0
2024-12-07,12.47,19.87,81.28,2.42,16.37,Porto_Alegre,-30.0346,-51.2177,12,2024,7,Summer,1013.5616000000001,30.177400000000002,16.150336,0,0
2024-12-08,0.13,18.25,74.56,2.94,24.6,Porto_Alegre,-30.0346,-51.2177,12,2024,8,Summer,9.6928,0.3822,13.6072,0,0
2024-12-09,0.83,19.04,79.87,4.0,9.76,Porto_Alegre,-30.0346,-51.2177,12,2024,9,Summer,66.2921,3.32,15.207248000000002,0,0
2024-12-10,1.05,20.57,84.67,3.24,16.36,Porto_Alegre,-30.0346,-51.2177,12,2024,10,Summer,88.90350000000001,3.4020000000000006,17.416619,0,0
2024-12-11,0.0,20.97,81.99,3.37,30.56,Porto_Alegre,-30.0346,-51.2177,12,2024,11,Summer,0.0,0.0,17.193302999999997,0,0
2024-12-12,0.0,23.01,79.44,2.88,31.59,Porto_Alegre,-30.0346,-51.2177,12,2024,12,Summer,0.0,0.0,18.279144000000002,0,0
2024-12-13,16.76,23.59,86.21,1.96,18.16,Porto_Alegre,-30.0346,-51.2177,12,2024,13,Summer,1444.8796,32.8496,20.336939,0,0
2024-12-14,7.89,24.56,83.48,3.96,18.0,Porto_Alegre,-30.0346,-51.2177,12,2024,14,Summer,658.6572,31.2444,20.502688,0,0
2024-12-15,13.76,21.82,80.3,5.09,18.73,Porto_Alegre,-30.0346,-51.2177,12,2024,15,Summer,1104.9279999999999,70.0384,17.521459999999998,0,0
2024-12-16,9.01,20.75,84.13,4.12,22.2,Porto_Alegre,-30.0346,-51.2177,12,2024,16,Summer,758.0112999999999,37.1212,17.456975,0,0
2024-12-17,0.61,20.37,81.46,1.97,26.63,Porto_Alegre,-30.0346,-51.2177,12,2024,17,Summer,49.690599999999996,1.2017,16.593402,0,0
2024-12-18,0.01,21.81,83.32,2.71,30.67,Porto_Alegre,-30.0346,-51.2177,12,2024,18,Summer,0.8331999999999999,0.0271,18.172092,0,0
2024-12-19,6.88,23.19,83.63,1.73,14.84,Porto_Alegre,-30.0346,-51.2177,12,2024,19,Summer,575.3743999999999,11.9024,19.393797,0,0
2024-12-20,7.77,23.86,82.37,2.1,26.78,Porto_Alegre,-30.0346,-51.2177,12,2024,20,Summer,640.0149,16.317,19.653482,0,0
2024-12-21,2.8,22.37,80.35,3.17,26.63,Porto_Alegre,-30.0346,-51.2177,12,2024,21,Summer,224.97999999999996,8.876,17.974295,0,0
2024-12-22,16.89,18.8,81.97,3.48,21.15,Porto_Alegre,-30.0346,-51.2177,12,2024,22,Summer,1384.4733,58.7772,15.41036,0,0
2024-12-23,0.05,19.48,75.41,3.06,32.93,Porto_Alegre,-30.0346,-51.2177,12,2024,23,Summer,3.7705,0.15300000000000002,14.689868,0,0
2024-12-24,7.74,22.76,80.42,2.11,28.44,Porto_Alegre,-30.0346,-51.2177,12,2024,24,Summer,622.4508000000001,16.3314,18.303592000000002,0,0
2024-12-25,9.61,22.59,81.26,2.41,22.9,Porto_Alegre,-30.0346,-51.2177,12,2024,25,Summer,780.9086,23.1601,18.356634000000003,0,0
2024-12-26,0.05,21.11,74.36,2.62,31.64,Porto_Alegre,-30.0346,-51.2177,12,2024,26,Summer,3.718,0.131,15.697396000000001,0,0
2024-12-27,0.02,22.4,74.76,2.25,28.22,Porto_Alegre,-30.0346,-51.2177,12,2024,27,Summer,1.4952,0.045,16.74624,0,0
2024-12-28,0.12,22.23,78.6,1.82,28.44,Porto_Alegre,-30.0346,-51.2177,12,2024,28,Summer,9.431999999999999,0.2184,17.47278,0,0
2024-12-29,0.24,21.97,80.75,2.39,23.01,Porto_Alegre,-30.0346,-51.2177,12,2024,29,Summer,19.38,0.5736,17.740775,0,0
2024-12-30,0.03,22.19,83.04,3.17,23.8,Porto_Alegre,-30.0346,-51.2177,12,2024,30,Summer,2.4912,0.09509999999999999,18.426576,0,0
2024-12-31,7.13,23.63,85.33,3.16,21.56,Porto_Alegre,-30.0346,-51.2177,12,2024,31,Summer,608.4028999999999,22.5308,20.163479,0,0
2024-01-01,19.2,19.84,86.11,2.58,7.32,Belo_Horizonte,-19.9167,-43.9345,1,2024,1,Summer,1653.312,49.536,17.084224,0,0
2024-01-02,5.49,20.66,85.67,2.54,13.03,Belo_Horizonte,-19.9167,-43.9345,1,2024,2,Summer,470.3283,13.944600000000001,17.699422000000002,0,0
2024-01-03,17.99,22.03,85.75,2.24,7.2,Belo_Horizonte,-19.9167,-43.9345,1,2024,3,Summer,1542.6425,40.2976,18.890725000000003,0,0
2024-01-04,20.63,21.55,92.54,2.54,9.08,Belo_Horizonte,-19.9167,-43.9345,1,2024,4,Summer,1909.1002,52.4002,19.942370000000004,0,1
2024-01-05,3.91,23.36,82.44,1.26,20.69,Belo_Horizonte,-19.9167,-43.9345,1,2024,5,Summer,322.3404,4.9266000000000005,19.257984,0,0
2024-01-06,2.36,23.5,74.83,1.67,23.12,Belo_Horizonte,-19.9167,-43.9345,1,2024,6,Summer,176.59879999999998,3.9412,17.58505,0,0
2024-01-07,4.81,22.65,83.04,2.13,21.33,Belo_Horizonte,-19.9167,-43.9345,1,2024,7,Summer,399.4224,10.245299999999999,18.80856,0,0
2024-01-08,0.91,23.75,76.16,1.53,17.37,Belo_Horizonte,-19.9167,-43.9345,1,2024,8,Summer,69.3056,1.3923,18.087999999999997,0,0
2024-01-09,2.77,22.81,80.0,1.28,17.05,Belo_Horizonte,-19.9167,-43.9345,1,2024,9,Summer,221.6,3.5456000000000003,18.248,0,0
2024-01-10,0.57,23.58,75.08,1.34,21.9,Belo_Horizonte,-19.9167,-43.9345,1,2024,10,Summer,42.79559999999999,0.7638,17.703864,0,0
2024-01-11,3.95,24.05,73.35,1.52,22.33,Belo_Horizonte,-19.9167,-43.9345,1,2024,11,Summer,289.7325,6.0040000000000004,17.640674999999998,0,0
2024-01-12,5.43,24.52,75.79,1.66,25.34,Belo_Horizonte,-19.9167,-43.9345,1,2024,12,Summer,411.53970000000004,9.0138,18.583708,0,0
2024-01-13,20.98,23.54,83.88,1.66,21.63,Belo_Horizonte,-19.9167,-43.9345,1,2024,13,Summer,1759.8024,34.8268,19.745352,0,1
2024-01-14,4.43,22.74,85.51,1.47,19.41,Belo_Horizonte,-19.9167,-43.9345,1,2024,14,Summer,378.8093,6.512099999999999,19.444974000000002,0,0
2024-01-15,1.99,23.14,81.49,1.63,22.05,Belo_Horizonte,-19.9167,-43.9345,1,2024,15,Summer,162.1651,3.2436999999999996,18.856786,0,0
2024-01-16,0.6,24.95,70.97,1.24,26.99,Belo_Horizonte,-19.9167,-43.9345,1,2024,16,Summer,42.582,0.744,17.707015,0,0
2024-01-17,1.45,25.93,69.07,1.16,28.51,Belo_Horizonte,-19.9167,-43.9345,1,2024,17,Summer,100.15149999999998,1.682,17.909851,0,0
2024-01-18,0.69,26.02,63.31,1.03,29.28,Belo_Horizonte,-19.9167,-43.9345,1,2024,18,Summer,43.6839,0.7107,16.473262,0,0
2024-01-19,0.65,25.47,70.32,1.42,23.14,Belo_Horizonte,-19.9167,-43.9345,1,2024,19,Summer,45.708,0.9229999999999999,17.910503999999996,0,0
2024-01-20,0.53,25.46,71.64,2.09,26.56,Belo_Horizonte,-19.9167,-43.9345,1,2024,20,Summer,37.9692,1.1077,18.239544000000002,0,0
2024-01-21,1.59,24.97,70.32,2.81,19.89,Belo_Horizonte,-19.9167,-43.9345,1,2024,21,Summer,111.80879999999999,4.4679,17.558904,0,0
2024-01-22,1.46,24.47,70.57,1.67,23.8,Belo_Horizonte,-19.9167,-43.9345,1,2024,22,Summer,103.03219999999999,2.4381999999999997,17.268478999999996,0,0
2024-01-23,7.91,21.79,85.2,2.28,21.23,Belo_Horizonte,-19.9167,-43.9345,1,2024,23,Summer,673.932,18.034799999999997,18.56508,0,0
2024-01-24,15.38,21.66,81.94,2.53,14.66,Belo_Horizonte,-19.9167,-43.9345,1,2024,24,Summer,1260.2372,38.9114,17.748204,0,0
2024-01-25,1.8,22.46,79.49,1.69,17.64,Belo_Horizonte,-19.9167,-43.9345,1,2024,25,Summer,143.082,3.042,17.853454,0,0
2024-01-26,2.56,23.07,76.34,1.42,18.11,Belo_Horizonte,-19.9167,-43.9345,1,2024,26,Summer,195.43040000000002,3.6351999999999998,17.611638000000003,0,0
2024-01-27,3.69,22.47,83.95,1.63,14.32,Belo_Horizonte,-19.9167,-43.9345,1,2024,27,Summer,309.7755,6.0146999999999995,18.863565,0,0
2024-01-28,5.36,22.61,82.61,1.6,17.55,Belo_Horizonte,-19.9167,-43.9345,1,2024,28,Summer,442.7896,8.576,18.678120999999997,0,0
2024-01-29,3.99,23.94,74.83,1.41,21.15,Belo_Horizonte,-19.9167,-43.9345,1,2024,29,Summer,298.5717,5.6259,17.914302,0,0
2024-01-30,1.94,24.78,67.69,1.64,21.93,Belo_Horizonte,-19.9167,-43.9345,1,2024,30,Summer,131.3186,3.1815999999999995,16.773582,0,0
2024-01-31,6.2,21.2,82.28,1.3,14.9,Belo_Horizonte,-19.9167,-43.9345,1,2024,31,Summer,510.136,8.06,17.44336,0,0
2024-02-01,1.05,23.66,60.83,0.85,18.34,Belo_Horizonte,-19.9167,-43.9345,2,2024,1,Summer,63.8715,0.8925,14.392377999999999,0,0
2024-02-02,2.16,22.81,81.43,2.23,23.24,Belo_Horizonte,-19.9167,-43.9345,2,2024,2,Summer,175.88880000000003,4.816800000000001,18.574182999999998,0,0
2024-02-03,0.46,22.86,76.07,2.66,24.22,Belo_Horizonte,-19.9167,-43.9345,2,2024,3,Summer,34.9922,1.2236,17.389601999999996,0,0
2024-02-04,0.07,22.61,76.52,1.89,22.32,Belo_Horizonte,-19.9167,-43.9345,2,2024,4,Summer,5.3564,0.1323,17.301172,0,0
2024-02-05,3.69,22.33,77.33,1.29,21.69,Belo_Horizonte,-19.9167,-43.9345,2,2024,5,Summer,285.3477,4.7601,17.267788999999997,0,0
2024-02-06,5.78,22.15,76.88,1.25,18.57,Belo_Horizonte,-19.9167,-43.9345,2,2024,6,Summer,444.3664,7.2250000000000005,17.028919999999996,0,0
2024-02-07,3.0,22.13,82.49,0.72,18.76,Belo_Horizonte,-19.9167,-43.9345,2,2024,7,Summer,247.46999999999997,2.16,18.255036999999998,0,0
2024-02-08,3.28,22.23,81.14,2.05,15.85,Belo_Horizonte,-19.9167,-43.9345,2,2024,8,Summer,266.13919999999996,6.723999999999999,18.037422,0,0
2024-02-09,0.54,22.82,72.36,2.74,23.23,Belo_Horizonte,-19.9167,-43.9345,2,2024,9,Summer,39.074400000000004,1.4796000000000002,16.512552,0,0
2024-02-10,0.75,22.74,72.82,3.24,17.95,Belo_Horizonte,-19.9167,-43.9345,2,2024,10,Summer,54.614999999999995,2.43,16.559268,0,0
2024-02-11,0.74,22.81,72.55,3.0,21.17,Belo_Horizonte,-19.9167,-43.9345,2,2024,11,Summer,53.687,2.2199999999999998,16.548654999999997,0,0
2024-02-12,0.12,23.75,65.33,1.93,26.45,Belo_Horizonte,-19.9167,-43.9345,2,2024,12,Summer,7.8396,0.23159999999999997,15.515875,0,0
2024-02-13,0.1,25.01,62.39,1.12,27.21,Belo_Horizonte,-19.9167,-43.9345,2,2024,13,Summer,6.239000000000001,0.11200000000000002,15.603739000000001,0,0
2024-02-14,0.97,25.35,60.47,2.04,26.49,Belo_Horizonte,-19.9167,-43.9345,2,2024,14,Summer,58.655899999999995,1.9788,15.329145,0,0
2024-02-15,8.19,22.7,79.25,2.25,15.4,Belo_Horizonte,-19.9167,-43.9345,2,2024,15,Summer,649.0575,18.4275,17.98975,0,0
2024-02-16,1.51,23.83,72.26,1.78,15.22,Belo_Horizonte,-19.9167,-43.9345,2,2024,16,Summer,109.11260000000001,2.6878,17.219558,0,0
2024-02-17,4.7,24.36,72.92,1.21,19.42,Belo_Horizonte,-19.9167,-43.9345,2,2024,17,Summer,342.72400000000005,5.687,17.763312000000003,0,0
2024-02-18,4.89,23.71,75.4,1.19,18.93,Belo_Horizonte,-19.9167,-43.9345,2,2024,18,Summer,368.706,5.8191,17.87734,0,0
2024-02-19,4.54,23.04,75.66,2.21,19.15,Belo_Horizonte,-19.9167,-43.9345,2,2024,19,Summer,343.4964,10.0334,17.432063999999997,0,0
2024-02-20,4.65,20.92,87.46,1.56,9.74,Belo_Horizonte,-19.9167,-43.9345,2,2024,20,Summer,406.689,7.2540000000000004,18.296632,0,0
2024-02-21,8.9,20.73,91.66,1.56,8.23,Belo_Horizonte,-19.9167,-43.9345,2,2024,21,Summer,815.774,13.884,19.001117999999998,0,0
2024-02-22,18.46,21.92,88.37,2.7,7.29,Belo_Horizonte,-19.9167,-43.9345,2,2024,22,Summer,1631.3102000000001,49.842000000000006,19.370704000000003,0,0
2024-02-23,2.69,21.96,86.47,1.83,16.56,Belo_Horizonte,-19.9167,-43.9345,2,2024,23,Summer,232.6043,4.9227,18.988812000000003,0,0
2024-02-24,0.45,23.7,78.26,1.52,22.44,Belo_Horizonte,-19.9167,-43.9345,2,2024,24,Summer,35.217000000000006,0.684,18.547620000000002,0,0
2024-02-25,0.62,23.77,77.56,2.1,25.57,Belo_Horizonte,-19.9167,-43.9345,2,2024,25,Summer,48.0872,1.302,18.436012,0,0
2024-02-26,0.1,22.93,69.46,2.34,27.68,Belo_Horizonte,-19.9167,-43.9345,2,2024,26,Summer,6.946,0.23399999999999999,15.927177999999998,0,0
2024-02-27,0.24,23.73,68.18,1.55,26.25,Belo_Horizonte,-19.9167,-43.9345,2,2024,27,Summer,16.363200000000003,0.372,16.179114000000002,0,0
2024-02-28,1.59,25.15,69.49,1.51,25.09,Belo_Horizonte,-19.9167,-43.9345,2,2024,28,Summer,110.4891,2.4009,17.476734999999998,0,0
2024-02-29,4.01,24.84,77.86,1.71,20.71,Belo_Horizonte,-19.9167,-43.9345,2,2024,29,Summer,312.2186,6.857099999999999,19.340424,0,0
2024-03-01,4.2,25.11,78.28,1.53,16.86,Belo_Horizonte,-19.9167,-43.9345,3,2024,1,Autumn,328.776,6.426,19.656108,0,0
2024-03-02,1.32,24.17,74.63,2.24,19.15,Belo_Horizonte,-19.9167,-43.9345,3,2024,2,Autumn,98.5116,2.9568000000000003,18.038071,0,0
2024-03-03,0.37,23.53,71.07,1.86,19.01,Belo_Horizonte,-19.9167,-43.9345,3,2024,3,Autumn,26.295899999999996,0.6882,16.722770999999998,0,0
2024-03-04,0.71,24.55,66.64,1.7,20.46,Belo_Horizonte,-19.9167,-43.9345,3,2024,4,Autumn,47.3144,1.2069999999999999,16.360120000000002,0,0
2024-03-05,3.94,23.93,73.87,2.19,18.54,Belo_Horizonte,-19.9167,-43.9345,3,2024,5,Autumn,291.0478,8.6286,17.677091,0,0
2024-03-06,4.53,24.01,73.94,1.49,18.29,Belo_Horizonte,-19.9167,-43.9345,3,2024,6,Autumn,334.9482,6.749700000000001,17.752994,0,0
2024-03-07,5.12,24.02,76.9,1.55,18.8,Belo_Horizonte,-19.9167,-43.9345,3,2024,7,Autumn,393.72800000000007,7.936000000000001,18.47138,0,0
2024-03-08,2.31,24.04,75.14,1.82,20.05,Belo_Horizonte,-19.9167,-43.9345,3,2024,8,Autumn,173.5734,4.2042,18.063655999999998,0,0
2024-03-09,1.34,24.72,70.09,1.36,20.74,Belo_Horizonte,-19.9167,-43.9345,3,2024,9,Autumn,93.92060000000001,1.8224000000000002,17.326248,0,0
2024-03-10,3.0,24.0,78.67,1.83,13.37,Belo_Horizonte,-19.9167,-43.9345,3,2024,10,Autumn,236.01,5.49,18.8808,0,0
2024-03-11,2.04,24.69,75.57,1.21,18.53,Belo_Horizonte,-19.9167,-43.9345,3,2024,11,Autumn,154.16279999999998,2.4684,18.658233,0,0
2024-03-12,0.45,25.0,72.35,1.89,17.74,Belo_Horizonte,-19.9167,-43.9345,3,2024,12,Autumn,32.5575,0.8504999999999999,18.0875,0,0
2024-03-13,0.07,25.88,64.65,1.08,20.89,Belo_Horizonte,-19.9167,-43.9345,3,2024,13,Autumn,4.525500000000001,0.07560000000000001,16.73142,0,0
2024-03-14,0.03,25.99,61.41,1.02,24.98,Belo_Horizonte,-19.9167,-43.9345,3,2024,14,Autumn,1.8422999999999998,0.0306,15.960458999999998,0,0
2024-03-15,0.02,26.26,55.13,0.97,25.98,Belo_Horizonte,-19.9167,-43.9345,3,2024,15,Autumn,1.1026,0.0194,14.477138000000002,0,0
2024-03-16,0.59,27.04,50.75,0.85,25.65,Belo_Horizonte,-19.9167,-43.9345,3,2024,16,Autumn,29.9425,0.5015,13.722799999999998,0,0
2024-03-17,0.93,27.51,52.86,1.48,24.51,Belo_Horizonte,-19.9167,-43.9345,3,2024,17,Autumn,49.159800000000004,1.3764,14.541786,0,0
2024-03-18,3.84,26.79,63.51,1.03,20.17,Belo_Horizonte,-19.9167,-43.9345,3,2024,18,Autumn,243.87839999999997,3.9552,17.014329,0,0
2024-03-19,3.61,25.24,74.61,1.27,20.82,Belo_Horizonte,-19.9167,-43.9345,3,2024,19,Autumn,269.3421,4.5847,18.831564,0,0
2024-03-20,4.82,24.62,75.39,1.58,19.68,Belo_Horizonte,-19.9167,-43.9345,3,2024,20,Autumn,363.37980000000005,7.615600000000001,18.561018,0,0
2024-03-21,2.36,25.27,72.56,1.9,19.78,Belo_Horizonte,-19.9167,-43.9345,3,2024,21,Autumn,171.2416,4.484,18.335912,0,0
2024-03-22,5.09,24.21,79.3,1.31,17.16,Belo_Horizonte,-19.9167,-43.9345,3,2024,22,Autumn,403.637,6.6679,19.198529999999998,0,0
2024-03-23,7.77,21.19,82.49,4.42,11.62,Belo_Horizonte,-19.9167,-43.9345,3,2024,23,Autumn,640.9472999999999,34.343399999999995,17.479631,0,0
2024-03-24,1.77,21.43,80.77,2.58,15.77,Belo_Horizonte,-19.9167,-43.9345,3,2024,24,Autumn,142.9629,4.5666,17.309010999999998,0,0
2024-03-25,2.78,21.29,81.19,1.46,17.63,Belo_Horizonte,-19.9167,-43.9345,3,2024,25,Autumn,225.70819999999998,4.0588,17.285351,0,0
2024-03-26,7.94,20.88,85.21,1.05,14.35,Belo_Horizonte,-19.9167,-43.9345,3,2024,26,Autumn,676.5674,8.337000000000002,17.791847999999998,0,0
2024-03-27,1.74,21.88,79.35,2.28,18.76,Belo_Horizonte,-19.9167,-43.9345,3,2024,27,Autumn,138.069,3.9671999999999996,17.36178,0,0
2024-03-28,1.13,21.38,82.71,1.98,13.75,Belo_Horizonte,-19.9167,-43.9345,3,2024,28,Autumn,93.46229999999998,2.2373999999999996,17.683397999999997,0,0
2024-03-29,0.36,23.71,73.87,1.08,21.09,Belo_Horizonte,-19.9167,-43.9345,3,2024,29,Autumn,26.5932,0.38880000000000003,17.514577000000003,0,0
2024-03-30,0.71,23.96,71.79,1.8,20.31,Belo_Horizonte,-19.9167,-43.9345,3,2024,30,Autumn,50.9709,1.278,17.200884000000002,0,0
2024-03-31,1.06,24.25,72.26,1.79,18.74,Belo_Horizonte,-19.9167,-43.9345,3,2024,31,Autumn,76.5956,1.8974000000000002,17.52305,0,0
2024-04-01,0.27,22.94,73.05,1.59,18.16,Belo_Horizonte,-19.9167,-43.9345,4,2024,1,Autumn,19.7235,0.42930000000000007,16.75767,0,0
2024-04-02,1.75,24.0,70.28,1.36,15.62,Belo_Horizonte,-19.9167,-43.9345,4,2024,2,Autumn,122.99000000000001,2.3800000000000003,16.8672,0,0
2024-04-03,0.15,24.46,66.59,1.49,16.52,Belo_Horizonte,-19.9167,-43.9345,4,2024,3,Autumn,9.9885,0.2235,16.287914,0,0
2024-04-04,0.07,24.58,67.94,2.13,19.98,Belo_Horizonte,-19.9167,-43.9345,4,2024,4,Autumn,4.755800000000001,0.1491,16.699652,0,0
2024-04-05,0.05,24.49,62.86,1.66,20.86,Belo_Horizonte,-19.9167,-43.9345,4,2024,5,Autumn,3.1430000000000002,0.083,15.394414,0,0
2024-04-06,0.59,23.31,63.91,2.21,20.68,Belo_Horizonte,-19.9167,-43.9345,4,2024,6,Autumn,37.7069,1.3038999999999998,14.897421,0,0
2024-04-07,0.0,21.77,60.04,2.54,20.38,Belo_Horizonte,-19.9167,-43.9345,4,2024,7,Autumn,0.0,0.0,13.070708000000002,0,0
2024-04-08,0.02,22.49,62.44,2.13,19.41,Belo_Horizonte,-19.9167,-43.9345,4,2024,8,Autumn,1.2488,0.0426,14.042755999999997,0,0
2024-04-09,0.02,22.77,61.45,1.41,18.8,Belo_Horizonte,-19.9167,-43.9345,4,2024,9,Autumn,1.229,0.0282,13.992165,0,0
2024-04-10,0.43,24.2,61.29,0.93,19.63,Belo_Horizonte,-19.9167,-43.9345,4,2024,10,Autumn,26.354699999999998,0.39990000000000003,14.83218,0,0
2024-04-11,0.24,24.46,64.5,1.69,20.04,Belo_Horizonte,-19.9167,-43.9345,4,2024,11,Autumn,15.479999999999999,0.40559999999999996,15.776700000000002,0,0
2024-04-12,0.4,23.56,67.97,3.05,17.02,Belo_Horizonte,-19.9167,-43.9345,4,2024,12,Autumn,27.188000000000002,1.22,16.013731999999997,0,0
2024-04-13,0.57,22.77,70.13,2.57,12.4,Belo_Horizonte,-19.9167,-43.9345,4,2024,13,Autumn,39.97409999999999,1.4648999999999999,15.968600999999998,0,0
2024-04-14,0.01,22.65,58.54,2.64,19.73,Belo_Horizonte,-19.9167,-43.9345,4,2024,14,Autumn,0.5854,0.026400000000000003,13.25931,0,0
2024-04-15,0.03,23.18,63.79,2.81,20.87,Belo_Horizonte,-19.9167,-43.9345,4,2024,15,Autumn,1.9137,0.0843,14.786522,0,0
2024-04-16,0.24,22.22,66.09,2.49,16.32,Belo_Horizonte,-19.9167,-43.9345,4,2024,16,Autumn,15.861600000000001,0.5976,14.685198,0,0
2024-04-17,0.06,23.82,61.55,1.02,18.56,Belo_Horizonte,-19.9167,-43.9345,4,2024,17,Autumn,3.6929999999999996,0.0612,14.661209999999999,0,0
2024-04-18,3.72,22.96,68.7,1.38,15.59,Belo_Horizonte,-19.9167,-43.9345,4,2024,18,Autumn,255.56400000000002,5.1335999999999995,15.773520000000001,0,0
2024-04-19,1.56,21.33,72.89,2.38,12.23,Belo_Horizonte,-19.9167,-43.9345,4,2024,19,Autumn,113.70840000000001,3.7128,15.547436999999999,0,0
2024-04-20,0.01,21.8,65.45,2.21,16.97,Belo_Horizonte,-19.9167,-43.9345,4,2024,20,Autumn,0.6545000000000001,0.0221,14.268100000000002,0,0
2024-04-21,0.01,21.91,61.13,1.69,17.92,Belo_Horizonte,-19.9167,-43.9345,4,2024,21,Autumn,0.6113000000000001,0.0169,13.393583000000001,0,0
2024-04-22,0.03,22.39,60.47,1.4,19.47,Belo_Horizonte,-19.9167,-43.9345,4,2024,22,Autumn,1.8140999999999998,0.041999999999999996,13.539233000000001,0,0
2024-04-23,0.04,22.93,57.68,1.23,18.79,Belo_Horizonte,-19.9167,-43.9345,4,2024,23,Autumn,2.3072,0.0492,13.226023999999999,0,0
2024-04-24,0.17,23.61,54.75,1.63,19.58,Belo_Horizonte,-19.9167,-43.9345,4,2024,24,Autumn,9.307500000000001,0.2771,12.926475,0,0
2024-04-25,0.01,23.41,59.78,2.5,18.62,Belo_Horizonte,-19.9167,-43.9345,4,2024,25,Autumn,0.5978,0.025,13.994498,0,0
2024-04-26,0.01,23.69,65.36,2.88,18.27,Belo_Horizonte,-19.9167,-43.9345,4,2024,26,Autumn,0.6536,0.0288,15.483784,0,0
2024-04-27,0.05,23.34,66.07,1.96,14.39,Belo_Horizonte,-19.9167,-43.9345,4,2024,27,Autumn,3.3034999999999997,0.098,15.420737999999998,0,0
2024-04-28,0.26,23.16,58.61,1.41,20.05,Belo_Horizonte,-19.9167,-43.9345,4,2024,28,Autumn,15.2386,0.3666,13.574076,0,0
2024-04-29,0.0,23.25,56.48,1.76,20.14,Belo_Horizonte,-19.9167,-43.9345,4,2024,29,Autumn,0.0,0.0,13.131599999999999,0,0
2024-04-30,0.01,23.9,60.18,1.46,18.99,Belo_Horizonte,-19.9167,-43.9345,4,2024,30,Autumn,0.6018,0.0146,14.383019999999998,0,0
2024-05-01,0.01,24.45,54.23,0.96,20.02,Belo_Horizonte,-19.9167,-43.9345,5,2024,1,Autumn,0.5423,0.0096,13.259235,0,0
2024-05-02,0.01,24.59,47.02,1.29,20.42,Belo_Horizonte,-19.9167,-43.9345,5,2024,2,Autumn,0.47020000000000006,0.0129,11.562218,0,0
2024-05-03,0.04,24.34,44.86,0.98,20.53,Belo_Horizonte,-19.9167,-43.9345,5,2024,3,Autumn,1.7944,0.0392,10.918924,0,0
2024-05-04,0.08,22.48,51.73,1.99,20.11,Belo_Horizonte,-19.9167,-43.9345,5,2024,4,Autumn,4.1384,0.1592,11.628904,0,0
2024-05-05,0.03,22.34,62.2,2.38,18.86,Belo_Horizonte,-19.9167,-43.9345,5,2024,5,Autumn,1.866,0.07139999999999999,13.89548,0,0
2024-05-06,0.07,23.03,69.29,2.73,11.52,Belo_Horizonte,-19.9167,-43.9345,5,2024,6,Autumn,4.850300000000001,0.19110000000000002,15.957487000000002,0,0
2024-05-07,0.0,22.18,62.72,2.42,19.18,Belo_Horizonte,-19.9167,-43.9345,5,2024,7,Autumn,0.0,0.0,13.911296,0,0
2024-05-08,0.01,22.25,67.42,2.28,16.14,Belo_Horizonte,-19.9167,-43.9345,5,2024,8,Autumn,0.6742,0.022799999999999997,15.000950000000001,0,0
2024-05-09,0.03,22.45,63.98,1.56,18.48,Belo_Horizonte,-19.9167,-43.9345,5,2024,9,Autumn,1.9193999999999998,0.0468,14.363509999999998,0,0
2024-05-10,0.05,22.81,65.43,1.56,15.47,Belo_Horizonte,-19.9167,-43.9345,5,2024,10,Autumn,3.2715000000000005,0.07800000000000001,14.924583000000002,0,0
2024-05-11,0.04,23.66,58.54,1.19,16.33,Belo_Horizonte,-19.9167,-43.9345,5,2024,11,Autumn,2.3416,0.047599999999999996,13.850564,0,0
2024-05-12,0.02,23.58,48.01,1.51,18.0,Belo_Horizonte,-19.9167,-43.9345,5,2024,12,Autumn,0.9601999999999999,0.0302,11.320757999999998,0,0
2024-05-13,0.01,23.06,43.6,2.41,19.37,Belo_Horizonte,-19.9167,-43.9345,5,2024,13,Autumn,0.436,0.024100000000000003,10.05416,0,0
2024-05-14,0.01,22.18,40.67,2.07,19.76,Belo_Horizonte,-19.9167,-43.9345,5,2024,14,Autumn,0.4067,0.0207,9.020606,0,0
2024-05-15,0.04,23.26,60.6,1.17,17.78,Belo_Horizonte,-19.9167,-43.9345,5,2024,15,Autumn,2.424,0.0468,14.09556,0,0
2024-05-16,0.1,22.88,63.59,2.24,14.14,Belo_Horizonte,-19.9167,-43.9345,5,2024,16,Autumn,6.359000000000001,0.22400000000000003,14.549392,0,0
2024-05-17,0.04,22.5,60.43,1.29,16.3,Belo_Horizonte,-19.9167,-43.9345,5,2024,17,Autumn,2.4172000000000002,0.0516,13.596749999999998,0,0
2024-05-18,0.0,23.12,51.8,0.9,18.19,Belo_Horizonte,-19.9167,-43.9345,5,2024,18,Autumn,0.0,0.0,11.97616,0,0
2024-05-19,0.0,23.34,42.47,0.94,17.1,Belo_Horizonte,-19.9167,-43.9345,5,2024,19,Autumn,0.0,0.0,9.912498,0,0
2024-05-20,0.04,22.16,54.11,1.13,17.13,Belo_Horizonte,-19.9167,-43.9345,5,2024,20,Autumn,2.1644,0.0452,11.990776,0,0
2024-05-21,0.01,21.84,61.69,3.04,17.65,Belo_Horizonte,-19.9167,-43.9345,5,2024,21,Autumn,0.6169,0.0304,13.473096,0,0
2024-05-22,0.03,20.83,62.77,2.47,16.69,Belo_Horizonte,-19.9167,-43.9345,5,2024,22,Autumn,1.8831,0.0741,13.074990999999999,0,0
2024-05-23,0.1,21.01,62.5,1.57,16.11,Belo_Horizonte,-19.9167,-43.9345,5,2024,23,Autumn,6.25,0.15700000000000003,13.131250000000001,0,0
2024-05-24,0.03,22.0,53.62,1.87,17.32,Belo_Horizonte,-19.9167,-43.9345,5,2024,24,Autumn,1.6085999999999998,0.056100000000000004,11.7964,0,0
2024-05-25,0.06,23.46,48.45,1.36,14.23,Belo_Horizonte,-19.9167,-43.9345,5,2024,25,Autumn,2.907,0.0816,11.366370000000002,0,0
2024-05-26,0.36,20.92,70.16,2.38,12.41,Belo_Horizonte,-19.9167,-43.9345,5,2024,26,Autumn,25.257599999999996,0.8567999999999999,14.677472000000002,0,0
2024-05-27,0.11,21.7,65.06,1.67,12.34,Belo_Horizonte,-19.9167,-43.9345,5,2024,27,Autumn,7.1566,0.1837,14.118020000000001,0,0
2024-05-28,0.34,22.0,59.33,1.55,15.6,Belo_Horizonte,-19.9167,-43.9345,5,2024,28,Autumn,20.1722,0.527,13.052599999999998,0,0
2024-05-29,0.13,21.21,58.76,1.94,15.4,Belo_Horizonte,-19.9167,-43.9345,5,2024,29,Autumn,7.6388,0.2522,12.462996,0,0
2024-05-30,0.17,19.93,59.14,1.71,14.37,Belo_Horizonte,-19.9167,-43.9345,5,2024,30,Autumn,10.0538,0.2907,11.786602,0,0
2024-05-31,0.02,17.97,60.5,2.88,13.67,Belo_Horizonte,-19.9167,-43.9345,5,2024,31,Autumn,1.21,0.0576,10.871849999999998,0,0
2024-06-01,0.06,18.07,65.08,2.96,15.9,Belo_Horizonte,-19.9167,-43.9345,6,2024,1,Winter,3.9048,0.17759999999999998,11.759955999999999,0,0
2024-06-02,0.08,19.07,65.46,2.39,12.4,Belo_Horizonte,-19.9167,-43.9345,6,2024,2,Winter,5.2368,0.1912,12.483222,0,0
2024-06-03,0.03,19.91,58.74,1.48,16.73,Belo_Horizonte,-19.9167,-43.9345,6,2024,3,Winter,1.7622,0.044399999999999995,11.695134000000001,0,0
2024-06-04,0.0,20.58,58.16,2.1,16.92,Belo_Horizonte,-19.9167,-43.9345,6,2024,4,Winter,0.0,0.0,11.969327999999999,0,0
2024-06-05,0.01,19.86,64.08,2.56,16.93,Belo_Horizonte,-19.9167,-43.9345,6,2024,5,Winter,0.6408,0.0256,12.726288,0,0
2024-06-06,0.03,20.03,62.67,1.75,14.47,Belo_Horizonte,-19.9167,-43.9345,6,2024,6,Winter,1.8800999999999999,0.0525,12.552801,0,0
2024-06-07,0.02,19.87,60.94,1.4,15.18,Belo_Horizonte,-19.9167,-43.9345,6,2024,7,Winter,1.2187999999999999,0.027999999999999997,12.108778,0,0
2024-06-08,0.02,19.79,64.35,1.77,14.17,Belo_Horizonte,-19.9167,-43.9345,6,2024,8,Winter,1.287,0.0354,12.734865,0,0
2024-06-09,0.05,19.44,66.15,2.01,13.4,Belo_Horizonte,-19.9167,-43.9345,6,2024,9,Winter,3.3075000000000006,0.10049999999999999,12.859560000000002,0,0
2024-06-10,0.01,20.1,54.12,1.29,16.93,Belo_Horizonte,-19.9167,-43.9345,6,2024,10,Winter,0.5412,0.0129,10.878120000000001,0,0
2024-06-11,0.06,20.58,45.46,1.5,17.61,Belo_Horizonte,-19.9167,-43.9345,6,2024,11,Winter,2.7276,0.09,9.355668,0,0
2024-06-12,0.03,18.88,54.44,1.92,17.74,Belo_Horizonte,-19.9167,-43.9345,6,2024,12,Winter,1.6331999999999998,0.0576,10.278272,0,0
2024-06-13,0.07,17.84,61.23,2.18,17.58,Belo_Horizonte,-19.9167,-43.9345,6,2024,13,Winter,4.2861,0.1526,10.923431999999998,0,0
2024-06-14,0.12,18.4,62.66,2.4,14.36,Belo_Horizonte,-19.9167,-43.9345,6,2024,14,Winter,7.5192,0.288,11.529439999999997,0,0
2024-06-15,0.01,18.72,60.32,1.54,17.55,Belo_Horizonte,-19.9167,-43.9345,6,2024,15,Winter,0.6032000000000001,0.0154,11.291903999999999,0,0
2024-06-16,0.07,18.99,66.2,1.86,17.0,Belo_Horizonte,-19.9167,-43.9345,6,2024,16,Winter,4.634,0.1302,12.57138,0,0
2024-06-17,0.02,18.81,60.42,1.37,16.14,Belo_Horizonte,-19.9167,-43.9345,6,2024,17,Winter,1.2084000000000001,0.027400000000000004,11.365002,0,0
2024-06-18,0.04,19.4,57.83,1.63,17.32,Belo_Horizonte,-19.9167,-43.9345,6,2024,18,Winter,2.3132,0.0652,11.21902,0,0
2024-06-19,0.0,19.62,53.68,1.61,16.11,Belo_Horizonte,-19.9167,-43.9345,6,2024,19,Winter,0.0,0.0,10.532015999999999,0,0
2024-06-20,0.03,19.36,60.18,1.5,16.81,Belo_Horizonte,-19.9167,-43.9345,6,2024,20,Winter,1.8054,0.045,11.650848,0,0
2024-06-21,0.06,18.55,63.21,2.13,13.5,Belo_Horizonte,-19.9167,-43.9345,6,2024,21,Winter,3.7925999999999997,0.1278,11.725455,0,0
2024-06-22,0.02,18.98,63.5,2.13,16.49,Belo_Horizonte,-19.9167,-43.9345,6,2024,22,Winter,1.27,0.0426,12.0523,0,0
2024-06-23,0.07,20.36,66.39,1.9,12.05,Belo_Horizonte,-19.9167,-43.9345,6,2024,23,Winter,4.6473,0.133,13.517004,0,0
2024-06-24,0.14,20.6,59.45,1.69,13.07,Belo_Horizonte,-19.9167,-43.9345,6,2024,24,Winter,8.323,0.2366,12.2467,0,0
2024-06-25,0.0,21.79,50.78,1.6,16.66,Belo_Horizonte,-19.9167,-43.9345,6,2024,25,Winter,0.0,0.0,11.064962,0,0
2024-06-26,0.07,21.28,61.27,1.93,14.73,Belo_Horizonte,-19.9167,-43.9345,6,2024,26,Winter,4.288900000000001,0.1351,13.038256,0,0
2024-06-27,0.0,21.56,46.36,1.59,16.45,Belo_Horizonte,-19.9167,-43.9345,6,2024,27,Winter,0.0,0.0,9.995216,0,0
2024-06-28,0.01,20.87,48.78,1.8,15.89,Belo_Horizonte,-19.9167,-43.9345,6,2024,28,Winter,0.4878,0.018000000000000002,10.180386,0,0
2024-06-29,0.0,20.73,42.39,2.16,16.17,Belo_Horizonte,-19.9167,-43.9345,6,2024,29,Winter,0.0,0.0,8.787447,0,0
2024-06-30,0.12,21.7,44.0,1.23,15.62,Belo_Horizonte,-19.9167,-43.9345,6,2024,30,Winter,5.279999999999999,0.14759999999999998,9.548,0,0
2024-07-01,0.28,20.55,64.32,2.41,12.55,Belo_Horizonte,-19.9167,-43.9345,7,2024,1,Winter,18.0096,0.6748000000000001,13.217759999999998,0,0
2024-07-02,0.05,19.7,66.57,1.65,13.18,Belo_Horizonte,-19.9167,-43.9345,7,2024,2,Winter,3.3285,0.0825,13.114289999999999,0,0
2024-07-03,0.07,19.21,61.98,1.61,15.0,Belo_Horizonte,-19.9167,-43.9345,7,2024,3,Winter,4.3386000000000005,0.11270000000000002,11.906358,0,0
2024-07-04,0.01,19.72,47.84,1.12,17.3,Belo_Horizonte,-19.9167,-43.9345,7,2024,4,Winter,0.47840000000000005,0.011200000000000002,9.434048,0,0
2024-07-05,0.04,19.85,44.33,1.12,17.14,Belo_Horizonte,-19.9167,-43.9345,7,2024,5,Winter,1.7731999999999999,0.044800000000000006,8.799505,0,0
2024-07-06,0.03,20.11,48.74,1.22,16.32,Belo_Horizonte,-19.9167,-43.9345,7,2024,6,Winter,1.4622,0.0366,9.801613999999999,0,0
2024-07-07,0.07,19.78,55.05,1.59,13.98,Belo_Horizonte,-19.9167,-43.9345,7,2024,7,Winter,3.8535000000000004,0.11130000000000001,10.88889,0,0
2024-07-08,0.03,20.89,46.05,1.64,16.49,Belo_Horizonte,-19.9167,-43.9345,7,2024,8,Winter,1.3815,0.049199999999999994,9.619845,0,0
2024-07-09,0.05,21.45,49.24,1.74,16.22,Belo_Horizonte,-19.9167,-43.9345,7,2024,9,Winter,2.462,0.08700000000000001,10.56198,0,0
2024-07-10,0.06,22.7,45.56,1.69,17.32,Belo_Horizonte,-19.9167,-43.9345,7,2024,10,Winter,2.7336,0.10139999999999999,10.34212,0,0
2024-07-11,0.01,22.12,44.59,1.98,17.61,Belo_Horizonte,-19.9167,-43.9345,7,2024,11,Winter,0.4459,0.0198,9.863308000000002,0,0
2024-07-12,0.02,20.54,56.43,2.17,16.25,Belo_Horizonte,-19.9167,-43.9345,7,2024,12,Winter,1.1286,0.0434,11.590722,0,0
2024-07-13,0.02,20.08,63.79,2.84,13.73,Belo_Horizonte,-19.9167,-43.9345,7,2024,13,Winter,1.2758,0.056799999999999996,12.809032,0,0
2024-07-14,0.02,18.55,52.98,1.79,14.15,Belo_Horizonte,-19.9167,-43.9345,7,2024,14,Winter,1.0595999999999999,0.0358,9.827789999999998,0,0
2024-07-15,0.0,18.69,51.53,1.4,16.69,Belo_Horizonte,-19.9167,-43.9345,7,2024,15,Winter,0.0,0.0,9.630957,0,0
2024-07-16,0.02,18.31,59.66,2.2,14.19,Belo_Horizonte,-19.9167,-43.9345,7,2024,16,Winter,1.1932,0.044000000000000004,10.923746,0,0
2024-07-17,0.08,19.4,54.4,1.0,16.11,Belo_Horizonte,-19.9167,-43.9345,7,2024,17,Winter,4.352,0.08,10.5536,0,0
2024-07-18,0.0,19.75,49.91,1.15,16.83,Belo_Horizonte,-19.9167,-43.9345,7,2024,18,Winter,0.0,0.0,9.857225,0,0
2024-07-19,0.02,18.84,59.05,2.2,17.86,Belo_Horizonte,-19.9167,-43.9345,7,2024,19,Winter,1.181,0.044000000000000004,11.125020000000001,0,0
2024-07-20,0.09,18.5,58.78,2.14,16.96,Belo_Horizonte,-19.9167,-43.9345,7,2024,20,Winter,5.2902,0.1926,10.8743,0,0
2024-07-21,0.04,17.66,61.2,2.43,18.48,Belo_Horizonte,-19.9167,-43.9345,7,2024,21,Winter,2.448,0.09720000000000001,10.80792,0,0
2024-07-22,0.03,19.13,53.77,1.01,18.82,Belo_Horizonte,-19.9167,-43.9345,7,2024,22,Winter,1.6131,0.0303,10.286201,0,0
2024-07-23,0.0,18.64,55.03,2.09,18.98,Belo_Horizonte,-19.9167,-43.9345,7,2024,23,Winter,0.0,0.0,10.257592,0,0
2024-07-24,0.01,17.89,60.05,2.22,17.5,Belo_Horizonte,-19.9167,-43.9345,7,2024,24,Winter,0.6005,0.0222,10.742944999999999,0,0
2024-07-25,0.06,17.81,57.79,1.51,18.33,Belo_Horizonte,-19.9167,-43.9345,7,2024,25,Winter,3.4674,0.0906,10.292398999999998,0,0
2024-07-26,0.0,19.36,42.29,1.18,19.1,Belo_Horizonte,-19.9167,-43.9345,7,2024,26,Winter,0.0,0.0,8.187344,0,0
2024-07-27,0.43,19.9,51.49,1.4,12.31,Belo_Horizonte,-19.9167,-43.9345,7,2024,27,Winter,22.1407,0.602,10.246509999999999,0,0
2024-07-28,0.02,20.51,57.42,1.68,16.24,Belo_Horizonte,-19.9167,-43.9345,7,2024,28,Winter,1.1484,0.0336,11.776842000000002,0,0
2024-07-29,0.0,20.64,50.12,1.54,17.57,Belo_Horizonte,-19.9167,-43.9345,7,2024,29,Winter,0.0,0.0,10.344768,0,0
2024-07-30,0.01,20.24,56.01,2.79,17.5,Belo_Horizonte,-19.9167,-43.9345,7,2024,30,Winter,0.5601,0.0279,11.336423999999997,0,0
2024-07-31,0.01,19.03,66.71,3.47,12.46,Belo_Horizonte,-19.9167,-43.9345,7,2024,31,Winter,0.6670999999999999,0.0347,12.694913,0,0
2024-08-01,0.01,19.39,61.87,2.66,13.23,Belo_Horizonte,-19.9167,-43.9345,8,2024,1,Winter,0.6187,0.026600000000000002,11.996593,0,0
2024-08-02,0.08,18.79,59.93,3.01,19.29,Belo_Horizonte,-19.9167,-43.9345,8,2024,2,Winter,4.7944,0.2408,11.260846999999998,0,0
2024-08-03,0.52,19.48,70.58,3.11,10.39,Belo_Horizonte,-19.9167,-43.9345,8,2024,3,Winter,36.7016,1.6172,13.748984,0,0
2024-08-04,0.3,19.72,65.38,2.45,13.79,Belo_Horizonte,-19.9167,-43.9345,8,2024,4,Winter,19.613999999999997,0.735,12.892935999999999,0,0
2024-08-05,0.42,20.21,66.91,2.56,15.78,Belo_Horizonte,-19.9167,-43.9345,8,2024,5,Winter,28.102199999999996,1.0752,13.522511,0,0
2024-08-06,0.02,19.99,57.58,2.66,20.26,Belo_Horizonte,-19.9167,-43.9345,8,2024,6,Winter,1.1516,0.053200000000000004,11.510241999999998,0,0
2024-08-07,0.0,19.73,55.78,1.86,17.93,Belo_Horizonte,-19.9167,-43.9345,8,2024,7,Winter,0.0,0.0,11.005393999999999,0,0
2024-08-08,0.04,21.13,45.9,1.5,13.4,Belo_Horizonte,-19.9167,-43.9345,8,2024,8,Winter,1.836,0.06,9.698669999999998,0,0
2024-08-09,0.0,22.79,37.69,1.33,18.46,Belo_Horizonte,-19.9167,-43.9345,8,2024,9,Winter,0.0,0.0,8.589550999999998,0,0
2024-08-10,0.01,20.76,50.71,2.84,16.39,Belo_Horizonte,-19.9167,-43.9345,8,2024,10,Winter,0.5071,0.028399999999999998,10.527396000000001,0,0
2024-08-11,0.01,17.74,51.82,2.5,15.33,Belo_Horizonte,-19.9167,-43.9345,8,2024,11,Winter,0.5182,0.025,9.192867999999999,0,0
2024-08-12,0.0,18.63,23.86,2.82,20.8,Belo_Horizonte,-19.9167,-43.9345,8,2024,12,Winter,0.0,0.0,4.445118,0,0
2024-08-13,0.0,16.98,36.6,2.29,15.82,Belo_Horizonte,-19.9167,-43.9345,8,2024,13,Winter,0.0,0.0,6.21468,0,0
2024-08-14,0.0,17.4,54.83,2.62,17.08,Belo_Horizonte,-19.9167,-43.9345,8,2024,14,Winter,0.0,0.0,9.54042,0,0
2024-08-15,0.22,20.66,54.94,1.27,20.71,Belo_Horizonte,-19.9167,-43.9345,8,2024,15,Winter,12.0868,0.2794,11.350604,0,0
2024-08-16,0.0,22.28,43.76,1.3,21.14,Belo_Horizonte,-19.9167,-43.9345,8,2024,16,Winter,0.0,0.0,9.749728000000001,0,0
2024-08-17,0.0,22.57,37.05,1.62,21.64,Belo_Horizonte,-19.9167,-43.9345,8,2024,17,Winter,0.0,0.0,8.362185,0,0
2024-08-18,0.0,22.04,38.5,1.97,21.76,Belo_Horizonte,-19.9167,-43.9345,8,2024,18,Winter,0.0,0.0,8.4854,0,0
2024-08-19,0.01,20.82,44.14,2.16,22.21,Belo_Horizonte,-19.9167,-43.9345,8,2024,19,Winter,0.4414,0.0216,9.189948000000001,0,0
2024-08-20,0.0,22.45,39.71,1.02,21.89,Belo_Horizonte,-19.9167,-43.9345,8,2024,20,Winter,0.0,0.0,8.914895,0,0
2024-08-21,0.0,21.46,42.15,2.49,21.78,Belo_Horizonte,-19.9167,-43.9345,8,2024,21,Winter,0.0,0.0,9.04539,0,0
2024-08-22,0.01,21.3,54.2,2.59,21.01,Belo_Horizonte,-19.9167,-43.9345,8,2024,22,Winter,0.542,0.0259,11.5446,0,0
2024-08-23,0.01,22.37,47.66,2.28,21.59,Belo_Horizonte,-19.9167,-43.9345,8,2024,23,Winter,0.47659999999999997,0.022799999999999997,10.661541999999999,0,0
2024-08-24,0.01,23.81,32.94,1.83,21.74,Belo_Horizonte,-19.9167,-43.9345,8,2024,24,Winter,0.32939999999999997,0.0183,7.843013999999999,0,0
2024-08-25,0.03,23.05,42.68,2.0,20.51,Belo_Horizonte,-19.9167,-43.9345,8,2024,25,Winter,1.2804,0.06,9.83774,0,0
2024-08-26,0.16,20.35,65.4,2.67,15.95,Belo_Horizonte,-19.9167,-43.9345,8,2024,26,Winter,10.464,0.4272,13.308900000000001,0,0
2024-08-27,0.06,17.98,63.31,3.02,14.13,Belo_Horizonte,-19.9167,-43.9345,8,2024,27,Winter,3.7986,0.1812,11.383138,0,0
2024-08-28,0.0,18.79,56.99,2.87,20.93,Belo_Horizonte,-19.9167,-43.9345,8,2024,28,Winter,0.0,0.0,10.708421000000001,0,0
2024-08-29,0.0,18.85,55.83,2.79,20.39,Belo_Horizonte,-19.9167,-43.9345,8,2024,29,Winter,0.0,0.0,10.523955,0,0
2024-08-30,0.0,19.65,49.12,2.12,23.99,Belo_Horizonte,-19.9167,-43.9345,8,2024,30,Winter,0.0,0.0,9.652079999999998,0,0
2024-08-31,0.01,21.24,39.0,2.01,24.1,Belo_Horizonte,-19.9167,-43.9345,8,2024,31,Winter,0.39,0.0201,8.2836,0,0
2024-09-01,0.0,21.5,40.96,1.68,23.87,Belo_Horizonte,-19.9167,-43.9345,9,2024,1,Spring,0.0,0.0,8.8064,0,0
2024-09-02,0.0,23.57,25.25,2.07,22.37,Belo_Horizonte,-19.9167,-43.9345,9,2024,2,Spring,0.0,0.0,5.951425,0,0
2024-09-03,0.0,23.92,42.89,1.29,18.65,Belo_Horizonte,-19.9167,-43.9345,9,2024,3,Spring,0.0,0.0,10.259288000000002,0,0
2024-09-04,0.0,24.43,43.93,2.21,19.64,Belo_Horizonte,-19.9167,-43.9345,9,2024,4,Spring,0.0,0.0,10.732099,0,0
2024-09-05,0.0,25.07,45.04,1.57,20.35,Belo_Horizonte,-19.9167,-43.9345,9,2024,5,Spring,0.0,0.0,11.291528,0,0
2024-09-06,0.06,24.19,47.35,2.73,19.38,Belo_Horizonte,-19.9167,-43.9345,9,2024,6,Spring,2.841,0.1638,11.453965000000002,0,0
2024-09-07,0.0,23.0,51.39,3.03,19.17,Belo_Horizonte,-19.9167,-43.9345,9,2024,7,Spring,0.0,0.0,11.819700000000001,0,0
2024-09-08,0.0,22.22,53.85,2.65,19.83,Belo_Horizonte,-19.9167,-43.9345,9,2024,8,Spring,0.0,0.0,11.965469999999998,0,0
2024-09-09,0.01,22.33,52.04,2.52,21.54,Belo_Horizonte,-19.9167,-43.9345,9,2024,9,Spring,0.5204,0.0252,11.620531999999999,0,0
2024-09-10,0.01,22.18,49.21,2.57,24.67,Belo_Horizonte,-19.9167,-43.9345,9,2024,10,Spring,0.49210000000000004,0.0257,10.914778,0,0
2024-09-11,0.01,22.7,43.01,2.7,24.99,Belo_Horizonte,-19.9167,-43.9345,9,2024,11,Spring,0.4301,0.027000000000000003,9.763269999999999,0,0
2024-09-12,0.01,23.09,48.02,2.72,23.89,Belo_Horizonte,-19.9167,-43.9345,9,2024,12,Spring,0.4802,0.027200000000000002,11.087818,0,0
2024-09-13,0.0,22.52,48.39,3.05,22.13,Belo_Horizonte,-19.9167,-43.9345,9,2024,13,Spring,0.0,0.0,10.897428,0,0
2024-09-14,0.0,23.15,46.26,2.34,23.5,Belo_Horizonte,-19.9167,-43.9345,9,2024,14,Spring,0.0,0.0,10.709189999999998,0,0
2024-09-15,0.0,23.03,45.01,2.56,23.16,Belo_Horizonte,-19.9167,-43.9345,9,2024,15,Spring,0.0,0.0,10.365803,0,0
2024-09-16,0.0,24.74,48.02,2.76,21.01,Belo_Horizonte,-19.9167,-43.9345,9,2024,16,Spring,0.0,0.0,11.880148,0,0
2024-09-17,0.0,22.06,62.46,4.51,18.59,Belo_Horizonte,-19.9167,-43.9345,9,2024,17,Spring,0.0,0.0,13.778676,0,0
2024-09-18,0.0,22.1,55.24,3.49,19.71,Belo_Horizonte,-19.9167,-43.9345,9,2024,18,Spring,0.0,0.0,12.20804,0,0
2024-09-19,0.0,23.01,54.55,3.08,20.23,Belo_Horizonte,-19.9167,-43.9345,9,2024,19,Spring,0.0,0.0,12.551955000000001,0,0
2024-09-20,0.01,23.64,53.97,2.6,18.83,Belo_Horizonte,-19.9167,-43.9345,9,2024,20,Spring,0.5397,0.026000000000000002,12.758507999999999,0,0
2024-09-21,2.86,25.17,49.52,1.67,22.43,Belo_Horizonte,-19.9167,-43.9345,9,2024,21,Spring,141.62720000000002,4.776199999999999,12.464184000000001,0,0
2024-09-22,0.54,24.67,54.77,2.44,18.2,Belo_Horizonte,-19.9167,-43.9345,9,2024,22,Spring,29.575800000000005,1.3176,13.511759000000003,0,0
2024-09-23,0.01,24.65,48.25,2.62,24.16,Belo_Horizonte,-19.9167,-43.9345,9,2024,23,Spring,0.4825,0.0262,11.893624999999998,0,0
2024-09-24,0.0,24.15,48.0,2.94,25.33,Belo_Horizonte,-19.9167,-43.9345,9,2024,24,Spring,0.0,0.0,11.591999999999999,0,0
2024-09-25,0.01,24.0,48.56,3.08,24.95,Belo_Horizonte,-19.9167,-43.9345,9,2024,25,Spring,0.48560000000000003,0.0308,11.6544,0,0
2024-09-26,0.0,24.27,49.83,3.11,23.92,Belo_Horizonte,-19.9167,-43.9345,9,2024,26,Spring,0.0,0.0,12.093741,0,0
2024-09-27,0.0,26.31,40.58,1.98,25.19,Belo_Horizonte,-19.9167,-43.9345,9,2024,27,Spring,0.0,0.0,10.676597999999998,0,0
2024-09-28,0.12,25.81,47.43,4.0,22.17,Belo_Horizonte,-19.9167,-43.9345,9,2024,28,Spring,5.691599999999999,0.48,12.241683,0,0
2024-09-29,0.06,23.19,57.51,3.7,17.12,Belo_Horizonte,-19.9167,-43.9345,9,2024,29,Spring,3.4505999999999997,0.222,13.336568999999999,0,0
2024-09-30,0.0,23.67,55.44,3.5,22.08,Belo_Horizonte,-19.9167,-43.9345,9,2024,30,Spring,0.0,0.0,13.122648000000002,0,0
2024-10-01,0.05,23.99,52.64,2.97,24.15,Belo_Horizonte,-19.9167,-43.9345,10,2024,1,Spring,2.632,0.14850000000000002,12.628336,0,0
2024-10-02,0.01,25.62,41.47,1.5,26.7,Belo_Horizonte,-19.9167,-43.9345,10,2024,2,Spring,0.4147,0.015,10.624614000000001,0,0
2024-10-03,0.01,26.72,35.65,2.72,24.02,Belo_Horizonte,-19.9167,-43.9345,10,2024,3,Spring,0.3565,0.027200000000000002,9.52568,0,0
2024-10-04,0.0,24.93,56.89,3.5,18.89,Belo_Horizonte,-19.9167,-43.9345,10,2024,4,Spring,0.0,0.0,14.182676999999998,0,0
2024-10-05,0.0,22.65,60.96,3.72,15.0,Belo_Horizonte,-19.9167,-43.9345,10,2024,5,Spring,0.0,0.0,13.80744,0,0
2024-10-06,0.0,24.55,49.07,2.58,24.49,Belo_Horizonte,-19.9167,-43.9345,10,2024,6,Spring,0.0,0.0,12.046685,0,0
2024-10-07,0.01,25.12,46.57,2.56,21.56,Belo_Horizonte,-19.9167,-43.9345,10,2024,7,Spring,0.4657,0.0256,11.698384,0,0
2024-10-08,0.07,27.1,43.52,3.0,23.74,Belo_Horizonte,-19.9167,-43.9345,10,2024,8,Spring,3.0464000000000007,0.21000000000000002,11.793920000000002,0,0
2024-10-09,0.76,27.75,46.36,2.96,19.87,Belo_Horizonte,-19.9167,-43.9345,10,2024,9,Spring,35.2336,2.2496,12.8649,0,0
2024-10-10,25.6,22.68,75.83,2.93,5.75,Belo_Horizonte,-19.9167,-43.9345,10,2024,10,Spring,1941.248,75.00800000000001,17.198244,0,1
2024-10-11,16.9,23.41,75.45,2.41,15.51,Belo_Horizonte,-19.9167,-43.9345,10,2024,11,Spring,1275.105,40.729,17.662845,0,0
2024-10-12,0.77,24.68,67.35,2.92,13.48,Belo_Horizonte,-19.9167,-43.9345,10,2024,12,Spring,51.8595,2.2484,16.62198,0,0
2024-10-13,0.5,23.93,66.84,3.49,18.35,Belo_Horizonte,-19.9167,-43.9345,10,2024,13,Spring,33.42,1.745,15.994812,0,0
2024-10-14,0.04,22.79,59.37,4.22,20.27,Belo_Horizonte,-19.9167,-43.9345,10,2024,14,Spring,2.3748,0.1688,13.530422999999999,0,0
2024-10-15,0.0,21.92,58.64,2.75,18.45,Belo_Horizonte,-19.9167,-43.9345,10,2024,15,Spring,0.0,0.0,12.853888000000001,0,0
2024-10-16,5.01,23.42,58.81,1.54,17.84,Belo_Horizonte,-19.9167,-43.9345,10,2024,16,Spring,294.6381,7.7154,13.773302000000003,0,0
2024-10-17,0.31,25.49,55.72,1.16,23.65,Belo_Horizonte,-19.9167,-43.9345,10,2024,17,Spring,17.2732,0.3596,14.203028,0,0
2024-10-18,10.74,25.2,61.93,1.48,20.49,Belo_Horizonte,-19.9167,-43.9345,10,2024,18,Spring,665.1282,15.8952,15.606359999999999,0,0
2024-10-19,23.7,21.55,83.25,2.86,12.61,Belo_Horizonte,-19.9167,-43.9345,10,2024,19,Spring,1973.0249999999999,67.782,17.940375,0,1
2024-10-20,9.63,20.91,86.35,2.54,5.4,Belo_Horizonte,-19.9167,-43.9345,10,2024,20,Spring,831.5505,24.460200000000004,18.055785,0,0
2024-10-21,2.46,21.06,82.21,3.85,9.69,Belo_Horizonte,-19.9167,-43.9345,10,2024,21,Spring,202.23659999999998,9.471,17.313425999999996,0,0
2024-10-22,0.01,23.16,68.88,2.52,16.03,Belo_Horizonte,-19.9167,-43.9345,10,2024,22,Spring,0.6888,0.0252,15.952608,0,0
2024-10-23,0.05,24.5,64.05,1.51,19.11,Belo_Horizonte,-19.9167,-43.9345,10,2024,23,Spring,3.2025,0.07550000000000001,15.69225,0,0
2024-10-24,2.92,25.29,66.55,1.83,17.72,Belo_Horizonte,-19.9167,-43.9345,10,2024,24,Spring,194.326,5.3436,16.830495,0,0
2024-10-25,3.48,24.0,72.58,2.82,15.25,Belo_Horizonte,-19.9167,-43.9345,10,2024,25,Spring,252.5784,9.8136,17.4192,0,0
2024-10-26,8.15,25.36,71.42,2.22,18.07,Belo_Horizonte,-19.9167,-43.9345,10,2024,26,Spring,582.0730000000001,18.093000000000004,18.112112,0,0
2024-10-27,19.4,21.58,84.59,3.85,13.89,Belo_Horizonte,-19.9167,-43.9345,10,2024,27,Spring,1641.046,74.69,18.254521999999998,0,0
2024-10-28,4.52,19.37,84.97,3.46,9.66,Belo_Horizonte,-19.9167,-43.9345,10,2024,28,Spring,384.0644,15.639199999999999,16.458689,0,0
2024-10-29,3.0,19.87,84.76,2.1,8.47,Belo_Horizonte,-19.9167,-43.9345,10,2024,29,Spring,254.28000000000003,6.300000000000001,16.841812,0,0
2024-10-30,2.78,21.17,76.11,3.64,19.83,Belo_Horizonte,-19.9167,-43.9345,10,2024,30,Spring,211.58579999999998,10.1192,16.112487,0,0
2024-10-31,1.75,21.18,72.34,2.99,19.58,Belo_Horizonte,-19.9167,-43.9345,10,2024,31,Spring,126.595,5.2325,15.321612,0,0
2024-11-01,0.11,21.95,71.0,2.72,21.34,Belo_Horizonte,-19.9167,-43.9345,11,2024,1,Spring,7.81,0.2992,15.584499999999998,0,0
2024-11-02,0.0,22.67,71.81,2.57,20.75,Belo_Horizonte,-19.9167,-43.9345,11,2024,2,Spring,0.0,0.0,16.279327000000002,0,0
2024-11-03,1.63,22.03,75.05,2.7,14.67,Belo_Horizonte,-19.9167,-43.9345,11,2024,3,Spring,122.33149999999999,4.401,16.533515,0,0
2024-11-04,7.26,19.66,83.28,3.29,13.35,Belo_Horizonte,-19.9167,-43.9345,11,2024,4,Spring,604.6128,23.8854,16.372848,0,0
2024-11-05,19.43,19.8,86.62,2.91,11.56,Belo_Horizonte,-19.9167,-43.9345,11,2024,5,Spring,1683.0266000000001,56.5413,17.150760000000002,0,0
2024-11-06,2.5,21.42,77.33,2.58,16.46,Belo_Horizonte,-19.9167,-43.9345,11,2024,6,Spring,193.325,6.45,16.564086,0,0
2024-11-07,0.97,22.68,74.67,2.58,20.69,Belo_Horizonte,-19.9167,-43.9345,11,2024,7,Spring,72.4299,2.5026,16.935156,0,0
2024-11-08,5.91,21.37,81.94,4.11,11.77,Belo_Horizonte,-19.9167,-43.9345,11,2024,8,Spring,484.2654,24.290100000000002,17.510578000000002,0,0
2024-11-09,18.96,21.15,86.42,3.54,11.9,Belo_Horizonte,-19.9167,-43.9345,11,2024,9,Spring,1638.5232,67.11840000000001,18.277829999999998,0,0
2024-11-10,0.96,21.3,76.78,2.97,18.58,Belo_Horizonte,-19.9167,-43.9345,11,2024,10,Spring,73.7088,2.8512,16.35414,0,0
2024-11-11,0.08,22.87,69.6,1.65,24.6,Belo_Horizonte,-19.9167,-43.9345,11,2024,11,Spring,5.568,0.132,15.91752,0,0
2024-11-12,1.84,23.09,74.85,2.14,25.67,Belo_Horizonte,-19.9167,-43.9345,11,2024,12,Spring,137.724,3.9376,17.282864999999997,0,0
2024-11-13,8.08,22.13,79.84,1.81,11.3,Belo_Horizonte,-19.9167,-43.9345,11,2024,13,Spring,645.1072,14.6248,17.668592,0,0
2024-11-14,2.23,19.62,84.09,3.23,14.37,Belo_Horizonte,-19.9167,-43.9345,11,2024,14,Spring,187.5207,7.2029,16.498458,0,0
2024-11-15,7.71,20.31,81.55,2.73,11.85,Belo_Horizonte,-19.9167,-43.9345,11,2024,15,Spring,628.7505,21.0483,16.562804999999997,0,0
2024-11-16,12.23,19.89,85.27,2.01,10.18,Belo_Horizonte,-19.9167,-43.9345,11,2024,16,Spring,1042.8521,24.582299999999996,16.960203,0,0
2024-11-17,3.32,20.42,82.36,1.94,10.21,Belo_Horizonte,-19.9167,-43.9345,11,2024,17,Spring,273.4352,6.440799999999999,16.817912,0,0
2024-11-18,11.97,22.12,76.75,1.7,24.11,Belo_Horizonte,-19.9167,-43.9345,11,2024,18,Spring,918.6975000000001,20.349,16.9771,0,0
2024-11-19,4.29,22.95,76.34,1.32,23.15,Belo_Horizonte,-19.9167,-43.9345,11,2024,19,Spring,327.4986,5.662800000000001,17.520030000000002,0,0
2024-11-20,1.39,24.36,71.17,1.4,26.54,Belo_Horizonte,-19.9167,-43.9345,11,2024,20,Spring,98.9263,1.9459999999999997,17.337011999999998,0,0
2024-11-21,2.13,23.16,81.88,1.29,11.78,Belo_Horizonte,-19.9167,-43.9345,11,2024,21,Spring,174.40439999999998,2.7477,18.963408,0,0
2024-11-22,5.16,21.39,82.33,3.51,10.93,Belo_Horizonte,-19.9167,-43.9345,11,2024,22,Spring,424.82280000000003,18.1116,17.610387000000003,0,0
2024-11-23,10.06,19.29,85.58,3.34,10.68,Belo_Horizonte,-19.9167,-43.9345,11,2024,23,Spring,860.9348,33.6004,16.508382,0,0
2024-11-24,2.96,18.87,78.66,3.16,20.79,Belo_Horizonte,-19.9167,-43.9345,11,2024,24,Spring,232.8336,9.3536,14.843142,0,0
2024-11-25,1.11,19.53,75.19,2.31,23.94,Belo_Horizonte,-19.9167,-43.9345,11,2024,25,Spring,83.46090000000001,2.5641000000000003,14.684607000000002,0,0
2024-11-26,0.05,21.54,66.07,1.62,27.63,Belo_Horizonte,-19.9167,-43.9345,11,2024,26,Spring,3.3034999999999997,0.08100000000000002,14.231478,0,0
2024-11-27,0.08,23.57,59.73,1.14,29.3,Belo_Horizonte,-19.9167,-43.9345,11,2024,27,Spring,4.7783999999999995,0.09119999999999999,14.078361,0,0
2024-11-28,0.02,25.23,55.99,1.48,27.48,Belo_Horizonte,-19.9167,-43.9345,11,2024,28,Spring,1.1198000000000001,0.0296,14.126277000000002,0,0
2024-11-29,0.44,23.9,72.29,2.29,23.86,Belo_Horizonte,-19.9167,-43.9345,11,2024,29,Spring,31.807600000000004,1.0076,17.27731,0,0
2024-11-30,4.2,24.6,75.91,1.66,20.98,Belo_Horizonte,-19.9167,-43.9345,11,2024,30,Spring,318.822,6.9719999999999995,18.67386,0,0
2024-12-01,2.14,24.13,77.25,1.41,19.05,Belo_Horizonte,-19.9167,-43.9345,12,2024,1,Summer,165.315,3.0174,18.640424999999997,0,0
2024-12-02,7.04,23.52,82.81,2.07,17.07,Belo_Horizonte,-19.9167,-43.9345,12,2024,2,Summer,582.9824,14.572799999999999,19.476912000000002,0,0
2024-12-03,6.15,23.29,85.11,1.95,19.61,Belo_Horizonte,-19.9167,-43.9345,12,2024,3,Summer,523.4265,11.9925,19.822118999999997,0,0
2024-12-04,7.23,23.29,80.67,1.12,14.92,Belo_Horizonte,-19.9167,-43.9345,12,2024,4,Summer,583.2441,8.097600000000002,18.788043,0,0
2024-12-05,2.55,23.55,75.57,1.94,25.6,Belo_Horizonte,-19.9167,-43.9345,12,2024,5,Summer,192.70349999999996,4.946999999999999,17.796734999999998,0,0
2024-12-06,0.01,23.37,60.89,2.19,31.71,Belo_Horizonte,-19.9167,-43.9345,12,2024,6,Summer,0.6089,0.0219,14.229993,0,0
2024-12-07,0.01,24.49,59.38,1.74,30.65,Belo_Horizonte,-19.9167,-43.9345,12,2024,7,Summer,0.5938,0.0174,14.542162,0,0
2024-12-08,0.0,26.07,56.11,1.78,27.45,Belo_Horizonte,-19.9167,-43.9345,12,2024,8,Summer,0.0,0.0,14.627877000000002,0,0
2024-12-09,0.25,26.26,61.57,1.64,27.49,Belo_Horizonte,-19.9167,-43.9345,12,2024,9,Summer,15.3925,0.41,16.168282,0,0
2024-12-10,3.89,24.9,71.65,2.31,22.95,Belo_Horizonte,-19.9167,-43.9345,12,2024,10,Summer,278.7185,8.9859,17.84085,0,0
2024-12-11,6.92,23.09,78.98,2.49,10.45,Belo_Horizonte,-19.9167,-43.9345,12,2024,11,Summer,546.5416,17.230800000000002,18.236482000000002,0,0
2024-12-12,0.9,21.9,70.92,2.45,13.2,Belo_Horizonte,-19.9167,-43.9345,12,2024,12,Summer,63.828,2.205,15.53148,0,0
2024-12-13,0.4,21.0,77.86,2.29,16.69,Belo_Horizonte,-19.9167,-43.9345,12,2024,13,Summer,31.144000000000002,0.916,16.3506,0,0
2024-12-14,4.0,21.56,83.39,2.34,16.39,Belo_Horizonte,-19.9167,-43.9345,12,2024,14,Summer,333.56,9.36,17.978883999999997,0,0
2024-12-15,5.09,21.38,83.99,3.01,14.2,Belo_Horizonte,-19.9167,-43.9345,12,2024,15,Summer,427.5091,15.320899999999998,17.957061999999997,0,0
2024-12-16,3.75,22.63,79.77,3.23,14.95,Belo_Horizonte,-19.9167,-43.9345,12,2024,16,Summer,299.1375,12.1125,18.051951,0,0
2024-12-17,1.97,22.84,80.41,2.15,22.52,Belo_Horizonte,-19.9167,-43.9345,12,2024,17,Summer,158.40769999999998,4.2355,18.365644,0,0
2024-12-18,2.33,23.5,71.83,1.74,25.63,Belo_Horizonte,-19.9167,-43.9345,12,2024,18,Summer,167.3639,4.0542,16.880049999999997,0,0
2024-12-19,3.77,24.36,71.48,1.97,22.75,Belo_Horizonte,-19.9167,-43.9345,12,2024,19,Summer,269.4796,7.4269,17.412528,0,0
2024-12-20,3.25,24.31,72.45,2.12,21.05,Belo_Horizonte,-19.9167,-43.9345,12,2024,20,Summer,235.4625,6.890000000000001,17.612595,0,0
2024-12-21,19.16,21.43,87.08,2.04,14.1,Belo_Horizonte,-19.9167,-43.9345,12,2024,21,Summer,1668.4528,39.0864,18.661244,0,0
2024-12-22,10.65,21.32,86.47,1.71,14.04,Belo_Horizonte,-19.9167,-43.9345,12,2024,22,Summer,920.9055000000001,18.2115,18.435404000000002,0,0
2024-12-23,3.33,22.56,83.73,2.18,18.5,Belo_Horizonte,-19.9167,-43.9345,12,2024,23,Summer,278.8209,7.2594,18.889488,0,0
2024-12-24,7.96,22.37,84.16,2.89,20.72,Belo_Horizonte,-19.9167,-43.9345,12,2024,24,Summer,669.9136,23.0044,18.826592,0,0
2024-12-25,5.51,22.65,82.85,3.33,15.89,Belo_Horizonte,-19.9167,-43.9345,12,2024,25,Summer,456.5035,18.3483,18.765524999999997,0,0
2024-12-26,10.3,21.32,86.91,2.67,13.62,Belo_Horizonte,-19.9167,-43.9345,12,2024,26,Summer,895.173,27.501,18.529212,0,0
2024-12-27,11.12,21.46,87.0,2.14,10.45,Belo_Horizonte,-19.9167,-43.9345,12,2024,27,Summer,967.4399999999999,23.7968,18.6702,0,0
2024-12-28,8.01,21.68,84.14,1.37,15.31,Belo_Horizonte,-19.9167,-43.9345,12,2024,28,Summer,673.9614,10.973700000000001,18.241552000000002,0,0
2024-12-29,13.82,20.92,88.83,1.75,6.27,Belo_Horizonte,-19.9167,-43.9345,12,2024,29,Summer,1227.6306,24.185000000000002,18.583236,0,0
2024-12-30,1.56,20.67,86.75,1.44,13.35,Belo_Horizonte,-19.9167,-43.9345,12,2024,30,Summer,135.33,2.2464,17.931225,0,0
2024-12-31,4.97,21.12,83.97,1.9,14.27,Belo_Horizonte,-19.9167,-43.9345,12,2024,31,Summer,417.3309,9.443,17.734464,0,0
