date,PRECTOTCORR,T2M,RH2M,WS2M,ALLSKY_SFC_SW_DWN,city,latitude,longitude
2024-01-01,0.06,23.15,69.16,2.99,16.71,Sao_Paulo,-23.5505,-46.6333
2024-01-02,0.37,23.99,69.6,2.16,20.61,Sao_Paulo,-23.5505,-46.6333
2024-01-03,4.72,24.2,75.18,2.47,16.73,Sao_Paulo,-23.5505,-46.6333
2024-01-04,4.64,23.63,77.13,3.15,16.95,Sao_Paulo,-23.5505,-46.6333
2024-01-05,2.36,23.16,75.31,2.68,21.71,Sao_Paulo,-23.5505,-46.6333
2024-01-06,1.11,23.87,71.37,2.7,24.46,Sao_Paulo,-23.5505,-46.6333
2024-01-07,0.29,25.69,64.23,1.92,25.13,Sao_Paulo,-23.5505,-46.6333
2024-01-08,7.21,27.38,62.12,1.69,23.52,Sao_Paulo,-23.5505,-46.6333
2024-01-09,4.04,27.25,63.55,1.54,26.99,Sao_Paulo,-23.5505,-46.6333
2024-01-10,6.79,26.73,68.86,1.23,25.09,Sao_Paulo,-23.5505,-46.6333
2024-01-11,5.36,25.99,71.8,3.35,23.5,Sao_Paulo,-23.5505,-46.6333
2024-01-12,26.07,23.82,82.43,2.74,13.76,Sao_Paulo,-23.5505,-46.6333
2024-01-13,7.15,21.62,85.78,3.52,10.75,Sao_Paulo,-23.5505,-46.6333
2024-01-14,0.61,24.02,78.82,1.29,24.76,Sao_Paulo,-23.5505,-46.6333
2024-01-15,0.22,26.18,72.34,1.96,24.12,Sao_Paulo,-23.5505,-46.6333
2024-01-16,0.07,27.17,65.66,2.52,25.15,Sao_Paulo,-23.5505,-46.6333
2024-01-17,5.77,27.32,65.12,2.73,21.39,Sao_Paulo,-23.5505,-46.6333
2024-01-18,14.82,26.48,75.03,1.55,22.93,Sao_Paulo,-23.5505,-46.6333
2024-01-19,12.21,25.0,81.06,2.56,20.09,Sao_Paulo,-23.5505,-46.6333
2024-01-20,13.1,23.73,88.18,3.2,12.73,Sao_Paulo,-23.5505,-46.6333
2024-01-21,16.85,23.0,85.11,3.67,15.76,Sao_Paulo,-23.5505,-46.6333
2024-01-22,3.3,21.64,83.43,3.62,18.81,Sao_Paulo,-23.5505,-46.6333
2024-01-23,16.53,19.48,89.58,3.78,5.44,Sao_Paulo,-23.5505,-46.6333
2024-01-24,2.23,20.03,82.08,3.32,17.84,Sao_Paulo,-23.5505,-46.6333
2024-01-25,5.49,18.94,85.49,3.48,14.18,Sao_Paulo,-23.5505,-46.6333
2024-01-26,1.59,19.41,82.18,3.61,15.77,Sao_Paulo,-23.5505,-46.6333
2024-01-27,2.97,21.56,78.46,2.02,19.43,Sao_Paulo,-23.5505,-46.6333
2024-01-28,5.71,22.75,75.79,1.62,12.97,Sao_Paulo,-23.5505,-46.6333
2024-01-29,0.63,23.53,72.16,1.85,22.47,Sao_Paulo,-23.5505,-46.6333
2024-01-30,0.63,24.8,65.91,1.56,24.73,Sao_Paulo,-23.5505,-46.6333
2024-01-31,10.13,23.95,74.02,1.05,13.26,Sao_Paulo,-23.5505,-46.6333
2024-02-01,2.24,22.31,75.45,2.03,19.6,Sao_Paulo,-23.5505,-46.6333
2024-02-02,9.84,22.21,81.29,2.27,10.37,Sao_Paulo,-23.5505,-46.6333
2024-02-03,2.26,23.16,79.66,1.3,12.96,Sao_Paulo,-23.5505,-46.6333
2024-02-04,9.26,23.45,75.99,1.18,13.67,Sao_Paulo,-23.5505,-46.6333
2024-02-05,0.14,23.66,71.24,1.68,25.9,Sao_Paulo,-23.5505,-46.6333
2024-02-06,0.06,23.61,75.25,1.67,23.09,Sao_Paulo,-23.5505,-46.6333
2024-02-07,0.13,24.27,72.03,1.44,21.41,Sao_Paulo,-23.5505,-46.6333
2024-02-08,0.2,24.72,72.07,2.19,25.28,Sao_Paulo,-23.5505,-46.6333
2024-02-09,0.92,24.61,73.93,2.55,25.15,Sao_Paulo,-23.5505,-46.6333
2024-02-10,0.15,25.15,70.96,2.61,25.37,Sao_Paulo,-23.5505,-46.6333
2024-02-11,1.43,25.99,68.89,1.52,26.14,Sao_Paulo,-23.5505,-46.6333
2024-02-12,0.61,26.64,66.7,2.73,23.26,Sao_Paulo,-23.5505,-46.6333
2024-02-13,7.41,26.36,69.28,2.5,23.72,Sao_Paulo,-23.5505,-46.6333
2024-02-14,19.8,22.61,88.33,2.35,9.82,Sao_Paulo,-23.5505,-46.6333
2024-02-15,4.76,21.15,86.99,2.91,10.29,Sao_Paulo,-23.5505,-46.6333
2024-02-16,0.4,22.01,80.92,1.9,16.27,Sao_Paulo,-23.5505,-46.6333
2024-02-17,3.58,22.43,82.28,1.64,17.5,Sao_Paulo,-23.5505,-46.6333
2024-02-18,9.13,21.87,83.85,1.45,16.65,Sao_Paulo,-23.5505,-46.6333
2024-02-19,2.53,22.96,79.91,1.42,20.56,Sao_Paulo,-23.5505,-46.6333
2024-02-20,9.74,22.93,81.45,1.59,12.85,Sao_Paulo,-23.5505,-46.6333
2024-02-21,16.39,22.72,84.05,1.58,15.38,Sao_Paulo,-23.5505,-46.6333
2024-02-22,2.05,23.78,79.37,1.63,20.84,Sao_Paulo,-23.5505,-46.6333
2024-02-23,4.12,25.25,78.05,1.31,21.05,Sao_Paulo,-23.5505,-46.6333
2024-02-24,12.31,24.77,81.99,1.52,13.37,Sao_Paulo,-23.5505,-46.6333
2024-02-25,3.13,24.06,83.88,2.7,19.74,Sao_Paulo,-23.5505,-46.6333
2024-02-26,0.75,23.65,83.68,3.27,17.33,Sao_Paulo,-23.5505,-46.6333
2024-02-27,0.37,25.29,77.27,1.81,20.62,Sao_Paulo,-23.5505,-46.6333
2024-02-28,1.74,25.84,77.15,2.09,18.23,Sao_Paulo,-23.5505,-46.6333
2024-02-29,3.2,24.7,82.43,1.56,20.03,Sao_Paulo,-23.5505,-46.6333
2024-03-01,3.28,23.87,84.05,2.41,17.78,Sao_Paulo,-23.5505,-46.6333
2024-03-02,0.49,22.27,76.69,3.07,23.8,Sao_Paulo,-23.5505,-46.6333
2024-03-03,0.14,23.25,73.86,1.96,24.45,Sao_Paulo,-23.5505,-46.6333
2024-03-04,1.84,24.86,74.06,1.9,22.07,Sao_Paulo,-23.5505,-46.6333
2024-03-05,5.7,25.1,75.57,2.27,18.83,Sao_Paulo,-23.5505,-46.6333
2024-03-06,17.45,23.0,85.67,2.53,16.2,Sao_Paulo,-23.5505,-46.6333
2024-03-07,1.93,23.16,83.63,3.02,16.08,Sao_Paulo,-23.5505,-46.6333
2024-03-08,16.52,23.73,83.04,1.69,15.76,Sao_Paulo,-23.5505,-46.6333
2024-03-09,3.7,24.8,82.07,2.11,17.59,Sao_Paulo,-23.5505,-46.6333
2024-03-10,4.38,24.24,84.0,2.58,14.22,Sao_Paulo,-23.5505,-46.6333
2024-03-11,0.71,22.28,80.56,2.75,22.75,Sao_Paulo,-23.5505,-46.6333
2024-03-12,1.43,21.38,79.41,2.12,19.39,Sao_Paulo,-23.5505,-46.6333
2024-03-13,1.23,23.49,79.59,1.71,20.65,Sao_Paulo,-23.5505,-46.6333
2024-03-14,0.04,25.43,75.78,1.44,21.76,Sao_Paulo,-23.5505,-46.6333
2024-03-15,0.02,26.33,73.19,1.74,23.27,Sao_Paulo,-23.5505,-46.6333
2024-03-16,0.19,28.05,63.42,1.82,21.42,Sao_Paulo,-23.5505,-46.6333
2024-03-17,1.24,27.64,67.66,1.99,20.56,Sao_Paulo,-23.5505,-46.6333
2024-03-18,5.06,25.48,81.19,1.25,14.87,Sao_Paulo,-23.5505,-46.6333
2024-03-19,4.15,25.16,83.0,1.41,17.73,Sao_Paulo,-23.5505,-46.6333
2024-03-20,1.38,26.01,76.18,1.21,17.95,Sao_Paulo,-23.5505,-46.6333
2024-03-21,2.13,26.91,72.6,2.63,20.79,Sao_Paulo,-23.5505,-46.6333
2024-03-22,8.54,21.06,87.28,4.98,7.51,Sao_Paulo,-23.5505,-46.6333
2024-03-23,9.58,18.7,85.89,4.63,5.38,Sao_Paulo,-23.5505,-46.6333
2024-03-24,3.1,20.15,86.01,2.5,10.32,Sao_Paulo,-23.5505,-46.6333
2024-03-25,0.13,21.85,81.3,1.86,18.02,Sao_Paulo,-23.5505,-46.6333
2024-03-26,0.25,21.12,81.9,3.12,13.83,Sao_Paulo,-23.5505,-46.6333
2024-03-27,2.24,20.22,85.92,2.37,8.11,Sao_Paulo,-23.5505,-46.6333
2024-03-28,6.89,20.67,86.48,1.5,6.94,Sao_Paulo,-23.5505,-46.6333
2024-03-29,0.88,22.27,82.69,1.34,11.46,Sao_Paulo,-23.5505,-46.6333
2024-03-30,0.04,22.58,77.96,1.74,18.98,Sao_Paulo,-23.5505,-46.6333
2024-03-31,0.01,22.12,73.4,1.49,23.02,Sao_Paulo,-23.5505,-46.6333
2024-04-01,0.09,21.78,74.7,1.72,21.57,Sao_Paulo,-23.5505,-46.6333
2024-04-02,0.07,23.96,71.25,1.29,13.89,Sao_Paulo,-23.5505,-46.6333
2024-04-03,0.0,23.93,72.84,1.74,20.08,Sao_Paulo,-23.5505,-46.6333
2024-04-04,0.03,24.58,72.47,1.87,21.38,Sao_Paulo,-23.5505,-46.6333
2024-04-05,0.04,24.0,68.47,1.7,21.6,Sao_Paulo,-23.5505,-46.6333
2024-04-06,3.53,21.87,79.91,3.02,15.57,Sao_Paulo,-23.5505,-46.6333
2024-04-07,0.34,22.73,77.29,1.92,16.28,Sao_Paulo,-23.5505,-46.6333
2024-04-08,1.4,23.79,71.28,1.63,9.37,Sao_Paulo,-23.5505,-46.6333
2024-04-09,4.18,23.07,76.75,1.46,14.35,Sao_Paulo,-23.5505,-46.6333
2024-04-10,0.11,23.5,74.94,1.38,17.79,Sao_Paulo,-23.5505,-46.6333
2024-04-11,0.57,22.68,78.91,2.36,10.74,Sao_Paulo,-23.5505,-46.6333
2024-04-12,0.13,22.42,79.22,3.09,16.43,Sao_Paulo,-23.5505,-46.6333
2024-04-13,0.16,22.96,76.72,2.09,17.86,Sao_Paulo,-23.5505,-46.6333
2024-04-14,1.12,21.95,82.4,1.16,9.78,Sao_Paulo,-23.5505,-46.6333
2024-04-15,4.94,22.65,80.71,1.63,12.77,Sao_Paulo,-23.5505,-46.6333
2024-04-16,9.12,23.1,76.27,1.26,17.01,Sao_Paulo,-23.5505,-46.6333
2024-04-17,1.98,23.31,78.42,2.21,13.6,Sao_Paulo,-23.5505,-46.6333
2024-04-18,0.84,19.04,81.87,3.46,7.5,Sao_Paulo,-23.5505,-46.6333
2024-04-19,0.01,17.23,73.51,3.03,20.31,Sao_Paulo,-23.5505,-46.6333
2024-04-20,0.08,19.67,76.74,2.1,18.85,Sao_Paulo,-23.5505,-46.6333
2024-04-21,0.28,20.37,73.73,1.27,19.85,Sao_Paulo,-23.5505,-46.6333
2024-04-22,0.11,21.05,63.0,1.42,20.48,Sao_Paulo,-23.5505,-46.6333
2024-04-23,0.01,22.71,54.85,1.54,19.44,Sao_Paulo,-23.5505,-46.6333
2024-04-24,0.09,23.06,65.14,2.06,17.89,Sao_Paulo,-23.5505,-46.6333
2024-04-25,0.46,23.02,77.99,2.22,12.93,Sao_Paulo,-23.5505,-46.6333
2024-04-26,0.07,23.32,75.07,1.66,14.72,Sao_Paulo,-23.5505,-46.6333
2024-04-27,0.0,23.85,65.67,2.02,18.41,Sao_Paulo,-23.5505,-46.6333
2024-04-28,0.01,24.14,65.11,1.95,17.76,Sao_Paulo,-23.5505,-46.6333
2024-04-29,0.02,24.46,67.78,1.21,17.25,Sao_Paulo,-23.5505,-46.6333
2024-04-30,0.0,24.67,55.25,1.49,18.39,Sao_Paulo,-23.5505,-46.6333
2024-05-01,0.0,24.17,53.58,1.92,18.15,Sao_Paulo,-23.5505,-46.6333
2024-05-02,0.0,23.86,53.45,2.8,18.82,Sao_Paulo,-23.5505,-46.6333
2024-05-03,0.05,24.56,56.7,1.36,16.85,Sao_Paulo,-23.5505,-46.6333
2024-05-04,0.0,24.53,56.16,1.61,18.3,Sao_Paulo,-23.5505,-46.6333
2024-05-05,0.01,23.87,54.01,1.44,18.32,Sao_Paulo,-23.5505,-46.6333
2024-05-06,0.0,23.77,51.84,1.74,18.91,Sao_Paulo,-23.5505,-46.6333
2024-05-07,0.07,24.26,52.14,1.46,18.19,Sao_Paulo,-23.5505,-46.6333
2024-05-08,0.0,24.01,57.08,2.62,18.06,Sao_Paulo,-23.5505,-46.6333
2024-05-09,0.15,23.61,60.98,2.18,14.51,Sao_Paulo,-23.5505,-46.6333
2024-05-10,0.12,23.73,66.72,1.81,14.86,Sao_Paulo,-23.5505,-46.6333
2024-05-11,0.0,23.06,53.07,2.26,16.48,Sao_Paulo,-23.5505,-46.6333
2024-05-12,0.02,22.88,48.54,2.79,17.12,Sao_Paulo,-23.5505,-46.6333
2024-05-13,0.05,23.1,45.44,3.37,17.26,Sao_Paulo,-23.5505,-46.6333
2024-05-14,2.69,19.85,76.84,1.73,6.05,Sao_Paulo,-23.5505,-46.6333
2024-05-15,1.52,17.78,83.45,2.1,4.96,Sao_Paulo,-23.5505,-46.6333
2024-05-16,0.06,21.62,71.36,1.86,13.15,Sao_Paulo,-23.5505,-46.6333
2024-05-17,0.0,23.54,55.43,2.36,17.05,Sao_Paulo,-23.5505,-46.6333
2024-05-18,0.05,22.51,61.66,1.77,14.74,Sao_Paulo,-23.5505,-46.6333
2024-05-19,2.07,21.49,79.05,1.39,11.22,Sao_Paulo,-23.5505,-46.6333
2024-05-20,0.44,20.93,77.73,1.92,11.12,Sao_Paulo,-23.5505,-46.6333
2024-05-21,0.1,20.18,74.96,2.14,10.35,Sao_Paulo,-23.5505,-46.6333
2024-05-22,0.06,21.86,67.25,1.63,15.08,Sao_Paulo,-23.5505,-46.6333
2024-05-23,0.0,21.24,54.46,2.3,16.8,Sao_Paulo,-23.5505,-46.6333
2024-05-24,2.46,21.02,56.16,3.53,8.33,Sao_Paulo,-23.5505,-46.6333
2024-05-25,5.51,16.79,86.29,2.19,6.59,Sao_Paulo,-23.5505,-46.6333
2024-05-26,24.3,14.79,92.05,3.0,4.72,Sao_Paulo,-23.5505,-46.6333
2024-05-27,3.28,17.46,87.29,2.03,5.64,Sao_Paulo,-23.5505,-46.6333
2024-05-28,1.84,16.67,81.09,3.48,6.78,Sao_Paulo,-23.5505,-46.6333
2024-05-29,0.21,12.62,72.84,1.64,16.5,Sao_Paulo,-23.5505,-46.6333
2024-05-30,0.32,13.46,82.05,2.22,13.51,Sao_Paulo,-23.5505,-46.6333
2024-05-31,0.03,14.78,80.79,2.91,14.57,Sao_Paulo,-23.5505,-46.6333
2024-06-01,0.06,16.6,75.58,1.55,16.37,Sao_Paulo,-23.5505,-46.6333
2024-06-02,0.0,18.01,63.18,1.5,14.65,Sao_Paulo,-23.5505,-46.6333
2024-06-03,0.0,18.83,68.21,1.55,11.87,Sao_Paulo,-23.5505,-46.6333
2024-06-04,2.38,16.41,86.0,3.27,8.23,Sao_Paulo,-23.5505,-46.6333
2024-06-05,0.33,17.45,81.05,1.49,12.19,Sao_Paulo,-23.5505,-46.6333
2024-06-06,0.08,18.21,73.16,0.98,13.96,Sao_Paulo,-23.5505,-46.6333
2024-06-07,0.0,18.7,70.01,1.04,15.26,Sao_Paulo,-23.5505,-46.6333
2024-06-08,0.07,19.33,68.04,0.93,15.19,Sao_Paulo,-23.5505,-46.6333
2024-06-09,0.01,19.46,65.69,1.97,15.49,Sao_Paulo,-23.5505,-46.6333
2024-06-10,0.03,20.23,60.85,2.39,15.39,Sao_Paulo,-23.5505,-46.6333
2024-06-11,0.09,20.1,63.21,1.03,15.58,Sao_Paulo,-23.5505,-46.6333
2024-06-12,0.05,18.65,69.15,1.39,15.52,Sao_Paulo,-23.5505,-46.6333
2024-06-13,0.01,18.46,55.89,2.15,16.04,Sao_Paulo,-23.5505,-46.6333
2024-06-14,0.0,18.66,56.4,2.58,14.9,Sao_Paulo,-23.5505,-46.6333
2024-06-15,0.01,20.15,60.05,2.48,15.42,Sao_Paulo,-23.5505,-46.6333
2024-06-16,0.06,20.26,62.65,1.78,14.9,Sao_Paulo,-23.5505,-46.6333
2024-06-17,0.0,18.78,59.48,2.66,15.58,Sao_Paulo,-23.5505,-46.6333
2024-06-18,0.04,18.46,52.04,2.57,15.9,Sao_Paulo,-23.5505,-46.6333
2024-06-19,0.04,19.64,51.97,2.15,15.81,Sao_Paulo,-23.5505,-46.6333
2024-06-20,0.08,19.17,56.52,1.22,15.62,Sao_Paulo,-23.5505,-46.6333
2024-06-21,0.03,18.07,61.22,1.31,15.74,Sao_Paulo,-23.5505,-46.6333
2024-06-22,0.0,19.41,57.3,2.24,13.99,Sao_Paulo,-23.5505,-46.6333
2024-06-23,0.03,20.46,56.81,2.66,13.98,Sao_Paulo,-23.5505,-46.6333
2024-06-24,0.19,20.75,59.18,2.64,14.6,Sao_Paulo,-23.5505,-46.6333
2024-06-25,0.42,17.73,85.3,2.46,6.22,Sao_Paulo,-23.5505,-46.6333
2024-06-26,0.02,20.8,66.25,2.86,13.93,Sao_Paulo,-23.5505,-46.6333
2024-06-27,0.22,19.57,68.31,1.88,9.07,Sao_Paulo,-23.5505,-46.6333
2024-06-28,0.0,19.86,58.19,3.06,11.03,Sao_Paulo,-23.5505,-46.6333
2024-06-29,6.09,18.62,71.33,2.37,9.48,Sao_Paulo,-23.5505,-46.6333
2024-06-30,0.95,14.34,82.86,2.37,4.08,Sao_Paulo,-23.5505,-46.6333
2024-07-01,0.08,15.52,72.92,1.61,4.17,Sao_Paulo,-23.5505,-46.6333
2024-07-02,0.15,16.94,62.84,1.26,15.09,Sao_Paulo,-23.5505,-46.6333
2024-07-03,0.02,18.45,58.06,1.9,14.62,Sao_Paulo,-23.5505,-46.6333
2024-07-04,0.03,20.12,55.29,1.35,8.86,Sao_Paulo,-23.5505,-46.6333
2024-07-05,0.01,19.78,52.9,1.63,13.32,Sao_Paulo,-23.5505,-46.6333
2024-07-06,0.3,17.1,78.17,2.26,10.85,Sao_Paulo,-23.5505,-46.6333
2024-07-07,0.05,18.7,71.27,1.88,12.42,Sao_Paulo,-23.5505,-46.6333
2024-07-08,4.49,15.67,83.99,1.82,5.59,Sao_Paulo,-23.5505,-46.6333
2024-07-09,26.15,15.64,89.64,1.44,2.08,Sao_Paulo,-23.5505,-46.6333
2024-07-10,2.69,15.78,87.72,1.94,7.89,Sao_Paulo,-23.5505,-46.6333
2024-07-11,0.35,18.63,81.51,1.55,9.64,Sao_Paulo,-23.5505,-46.6333
2024-07-12,1.14,15.99,93.14,2.82,7.74,Sao_Paulo,-23.5505,-46.6333
2024-07-13,0.41,14.38,88.64,2.98,6.5,Sao_Paulo,-23.5505,-46.6333
2024-07-14,0.07,17.17,78.58,2.41,12.86,Sao_Paulo,-23.5505,-46.6333
2024-07-15,0.05,16.22,84.06,1.58,11.75,Sao_Paulo,-23.5505,-46.6333
2024-07-16,0.03,17.52,81.46,1.61,11.55,Sao_Paulo,-23.5505,-46.6333
2024-07-17,0.05,18.2,71.12,1.19,14.02,Sao_Paulo,-23.5505,-46.6333
2024-07-18,0.03,17.91,67.96,1.61,14.41,Sao_Paulo,-23.5505,-46.6333
2024-07-19,0.04,16.09,74.87,1.43,15.22,Sao_Paulo,-23.5505,-46.6333
2024-07-20,0.05,14.77,75.54,1.97,15.06,Sao_Paulo,-23.5505,-46.6333
2024-07-21,0.06,16.52,72.79,1.53,16.07,Sao_Paulo,-23.5505,-46.6333
2024-07-22,0.02,17.27,62.85,1.56,16.64,Sao_Paulo,-23.5505,-46.6333
2024-07-23,0.0,16.32,63.7,1.56,17.34,Sao_Paulo,-23.5505,-46.6333
2024-07-24,0.03,16.97,64.03,1.34,16.8,Sao_Paulo,-23.5505,-46.6333
2024-07-25,0.01,18.23,53.43,1.75,16.8,Sao_Paulo,-23.5505,-46.6333
2024-07-26,0.0,19.18,51.54,0.83,14.74,Sao_Paulo,-23.5505,-46.6333
2024-07-27,0.01,19.07,54.29,1.02,11.69,Sao_Paulo,-23.5505,-46.6333
2024-07-28,0.11,20.12,53.5,1.76,16.2,Sao_Paulo,-23.5505,-46.6333
2024-07-29,0.62,19.02,63.22,2.68,13.49,Sao_Paulo,-23.5505,-46.6333
2024-07-30,4.56,14.57,88.11,3.62,4.17,Sao_Paulo,-23.5505,-46.6333
2024-07-31,0.41,17.35,77.75,2.33,15.39,Sao_Paulo,-23.5505,-46.6333
2024-08-01,0.02,18.32,72.77,1.77,15.67,Sao_Paulo,-23.5505,-46.6333
2024-08-02,0.02,18.84,64.99,1.57,17.08,Sao_Paulo,-23.5505,-46.6333
2024-08-03,0.01,19.72,58.02,2.3,17.72,Sao_Paulo,-23.5505,-46.6333
2024-08-04,0.02,20.9,58.67,2.14,16.01,Sao_Paulo,-23.5505,-46.6333
2024-08-05,0.01,21.66,55.86,1.86,16.74,Sao_Paulo,-23.5505,-46.6333
2024-08-06,0.01,21.67,52.8,1.36,16.18,Sao_Paulo,-23.5505,-46.6333
2024-08-07,0.0,21.59,48.01,2.84,17.17,Sao_Paulo,-23.5505,-46.6333
2024-08-08,0.02,22.17,45.55,2.53,15.39,Sao_Paulo,-23.5505,-46.6333
2024-08-09,19.06,17.99,82.35,1.62,1.67,Sao_Paulo,-23.5505,-46.6333
2024-08-10,7.6,11.49,85.58,2.04,6.82,Sao_Paulo,-23.5505,-46.6333
2024-08-11,0.07,12.6,63.26,1.7,17.88,Sao_Paulo,-23.5505,-46.6333
2024-08-12,0.04,12.25,59.23,2.68,19.78,Sao_Paulo,-23.5505,-46.6333
2024-08-13,0.05,10.23,77.75,2.87,13.28,Sao_Paulo,-23.5505,-46.6333
2024-08-14,0.02,13.68,70.81,1.58,17.75,Sao_Paulo,-23.5505,-46.6333
2024-08-15,0.02,19.22,50.79,1.41,19.47,Sao_Paulo,-23.5505,-46.6333
2024-08-16,0.0,23.05,35.02,1.01,18.67,Sao_Paulo,-23.5505,-46.6333
2024-08-17,0.0,22.82,41.2,1.01,18.06,Sao_Paulo,-23.5505,-46.6333
2024-08-18,0.02,22.37,43.84,1.31,18.22,Sao_Paulo,-23.5505,-46.6333
2024-08-19,0.01,22.76,41.78,1.67,19.45,Sao_Paulo,-23.5505,-46.6333
2024-08-20,0.0,22.7,49.19,2.12,18.63,Sao_Paulo,-23.5505,-46.6333
2024-08-21,0.0,20.89,63.75,1.93,19.14,Sao_Paulo,-23.5505,-46.6333
2024-08-22,0.0,21.93,43.74,2.61,19.9,Sao_Paulo,-23.5505,-46.6333
2024-08-23,0.11,22.83,44.49,3.44,19.34,Sao_Paulo,-23.5505,-46.6333
2024-08-24,4.84,18.33,75.16,3.05,10.57,Sao_Paulo,-23.5505,-46.6333
2024-08-25,2.23,12.92,81.05,2.45,2.53,Sao_Paulo,-23.5505,-46.6333
2024-08-26,0.04,10.95,65.86,2.48,19.47,Sao_Paulo,-23.5505,-46.6333
2024-08-27,0.03,11.23,67.81,3.19,22.59,Sao_Paulo,-23.5505,-46.6333
2024-08-28,0.01,15.64,71.12,2.74,19.21,Sao_Paulo,-23.5505,-46.6333
2024-08-29,0.05,19.1,69.07,1.39,19.72,Sao_Paulo,-23.5505,-46.6333
2024-08-30,0.01,21.46,54.58,1.14,21.43,Sao_Paulo,-23.5505,-46.6333
2024-08-31,0.02,21.13,50.86,1.24,20.89,Sao_Paulo,-23.5505,-46.6333
2024-09-01,0.0,22.7,42.54,2.48,20.51,Sao_Paulo,-23.5505,-46.6333
2024-09-02,0.04,21.69,57.8,1.97,11.39,Sao_Paulo,-23.5505,-46.6333
2024-09-03,0.01,22.31,59.0,1.56,15.8,Sao_Paulo,-23.5505,-46.6333
2024-09-04,0.0,24.15,39.88,1.53,18.71,Sao_Paulo,-23.5505,-46.6333
2024-09-05,0.16,21.62,51.73,2.98,15.45,Sao_Paulo,-23.5505,-46.6333
2024-09-06,0.25,18.37,75.07,3.48,11.15,Sao_Paulo,-23.5505,-46.6333
2024-09-07,0.01,22.83,64.16,1.29,13.06,Sao_Paulo,-23.5505,-46.6333
2024-09-08,0.02,25.2,50.42,1.56,12.21,Sao_Paulo,-23.5505,-46.6333
2024-09-09,0.02,24.63,42.54,1.57,17.7,Sao_Paulo,-23.5505,-46.6333
2024-09-10,0.06,24.86,35.08,1.66,18.1,Sao_Paulo,-23.5505,-46.6333
2024-09-11,0.02,25.55,32.2,2.4,18.0,Sao_Paulo,-23.5505,-46.6333
2024-09-12,0.01,25.29,28.64,2.75,22.51,Sao_Paulo,-23.5505,-46.6333
2024-09-13,0.0,24.74,32.14,2.46,20.26,Sao_Paulo,-23.5505,-46.6333
2024-09-14,0.11,25.03,42.49,3.31,15.76,Sao_Paulo,-23.5505,-46.6333
2024-09-15,3.44,18.96,82.95,4.11,9.29,Sao_Paulo,-23.5505,-46.6333
2024-09-16,7.96,16.47,90.51,3.02,4.22,Sao_Paulo,-23.5505,-46.6333
2024-09-17,0.73,16.23,79.63,4.65,10.99,Sao_Paulo,-23.5505,-46.6333
2024-09-18,0.13,17.86,78.35,2.8,11.38,Sao_Paulo,-23.5505,-46.6333
2024-09-19,2.35,20.05,74.32,2.26,12.18,Sao_Paulo,-23.5505,-46.6333
2024-09-20,4.24,23.94,67.67,2.76,20.43,Sao_Paulo,-23.5505,-46.6333
2024-09-21,0.5,22.77,69.21,1.81,10.03,Sao_Paulo,-23.5505,-46.6333
2024-09-22,0.0,23.35,65.35,1.72,19.95,Sao_Paulo,-23.5505,-46.6333
2024-09-23,0.02,24.12,55.93,1.57,21.84,Sao_Paulo,-23.5505,-46.6333
2024-09-24,0.0,24.36,55.79,1.77,21.2,Sao_Paulo,-23.5505,-46.6333
2024-09-25,0.0,25.85,48.35,1.57,22.77,Sao_Paulo,-23.5505,-46.6333
2024-09-26,0.01,27.49,37.53,1.91,23.03,Sao_Paulo,-23.5505,-46.6333
2024-09-27,1.55,22.71,60.03,2.97,8.99,Sao_Paulo,-23.5505,-46.6333
2024-09-28,0.46,18.53,71.32,4.04,16.72,Sao_Paulo,-23.5505,-46.6333
2024-09-29,0.06,21.88,66.47,2.93,22.98,Sao_Paulo,-23.5505,-46.6333
2024-09-30,0.03,24.27,59.14,2.0,23.33,Sao_Paulo,-23.5505,-46.6333
2024-10-01,0.0,27.33,38.66,2.45,21.92,Sao_Paulo,-23.5505,-46.6333
2024-10-02,0.61,27.31,40.08,3.09,20.23,Sao_Paulo,-23.5505,-46.6333
2024-10-03,5.63,19.34,81.38,4.47,8.1,Sao_Paulo,-23.5505,-46.6333
2024-10-04,3.59,16.73,83.02,4.22,5.89,Sao_Paulo,-23.5505,-46.6333
2024-10-05,0.44,19.46,73.39,3.65,18.15,Sao_Paulo,-23.5505,-46.6333
2024-10-06,0.01,20.57,65.67,2.8,23.46,Sao_Paulo,-23.5505,-46.6333
2024-10-07,0.01,20.19,63.11,3.74,23.46,Sao_Paulo,-23.5505,-46.6333
2024-10-08,0.02,23.08,58.9,3.07,16.22,Sao_Paulo,-23.5505,-46.6333
2024-10-09,0.59,19.76,75.69,3.94,7.77,Sao_Paulo,-23.5505,-46.6333
2024-10-10,7.1,19.94,82.83,2.1,9.28,Sao_Paulo,-23.5505,-46.6333
2024-10-11,2.45,24.52,66.87,3.17,10.4,Sao_Paulo,-23.5505,-46.6333
2024-10-12,2.84,23.07,68.08,3.36,16.95,Sao_Paulo,-23.5505,-46.6333
2024-10-13,0.39,20.33,73.74,4.11,21.01,Sao_Paulo,-23.5505,-46.6333
2024-10-14,0.14,20.1,74.08,4.17,18.07,Sao_Paulo,-23.5505,-46.6333
2024-10-15,0.0,22.02,66.26,2.6,22.31,Sao_Paulo,-23.5505,-46.6333
2024-10-16,0.13,23.11,67.01,2.34,18.93,Sao_Paulo,-23.5505,-46.6333
2024-10-17,0.02,22.86,66.33,2.72,23.53,Sao_Paulo,-23.5505,-46.6333
2024-10-18,0.34,22.44,66.2,2.67,18.07,Sao_Paulo,-23.5505,-46.6333
2024-10-19,11.79,18.43,81.94,3.64,5.57,Sao_Paulo,-23.5505,-46.6333
2024-10-20,15.3,16.76,89.24,3.44,6.55,Sao_Paulo,-23.5505,-46.6333
2024-10-21,0.27,21.84,78.15,2.55,13.26,Sao_Paulo,-23.5505,-46.6333
2024-10-22,0.16,24.93,71.28,1.6,19.82,Sao_Paulo,-23.5505,-46.6333
2024-10-23,16.99,24.88,76.47,1.34,13.81,Sao_Paulo,-23.5505,-46.6333
2024-10-24,22.86,24.0,83.09,3.71,16.84,Sao_Paulo,-23.5505,-46.6333
2024-10-25,2.56,23.56,84.15,4.99,15.74,Sao_Paulo,-23.5505,-46.6333
2024-10-26,0.55,23.23,80.37,3.1,16.06,Sao_Paulo,-23.5505,-46.6333
2024-10-27,4.66,18.54,81.13,4.17,9.56,Sao_Paulo,-23.5505,-46.6333
2024-10-28,3.52,19.24,83.66,2.77,10.9,Sao_Paulo,-23.5505,-46.6333
2024-10-29,0.05,20.93,79.09,2.77,14.14,Sao_Paulo,-23.5505,-46.6333
2024-10-30,0.04,21.22,75.51,3.47,23.26,Sao_Paulo,-23.5505,-46.6333
2024-10-31,0.03,20.79,73.97,3.27,24.36,Sao_Paulo,-23.5505,-46.6333
2024-11-01,0.0,22.35,70.38,2.55,24.05,Sao_Paulo,-23.5505,-46.6333
2024-11-02,25.73,22.49,77.9,1.55,14.93,Sao_Paulo,-23.5505,-46.6333
2024-11-03,21.97,20.83,90.98,1.48,7.45,Sao_Paulo,-23.5505,-46.6333
2024-11-04,8.16,21.28,89.34,1.77,8.07,Sao_Paulo,-23.5505,-46.6333
2024-11-05,5.92,22.6,82.98,1.2,16.71,Sao_Paulo,-23.5505,-46.6333
2024-11-06,14.92,23.31,83.61,1.42,13.53,Sao_Paulo,-23.5505,-46.6333
2024-11-07,19.07,21.92,91.15,3.04,8.72,Sao_Paulo,-23.5505,-46.6333
2024-11-08,13.54,21.27,87.91,3.55,6.68,Sao_Paulo,-23.5505,-46.6333
2024-11-09,3.43,18.7,84.84,3.09,12.88,Sao_Paulo,-23.5505,-46.6333
2024-11-10,0.06,18.96,79.68,2.82,24.71,Sao_Paulo,-23.5505,-46.6333
2024-11-11,0.01,21.08,69.7,1.78,29.24,Sao_Paulo,-23.5505,-46.6333
2024-11-12,0.97,21.87,73.87,2.79,22.72,Sao_Paulo,-23.5505,-46.6333
2024-11-13,2.19,17.62,83.39,3.38,11.21,Sao_Paulo,-23.5505,-46.6333
2024-11-14,0.02,18.79,78.75,3.12,12.8,Sao_Paulo,-23.5505,-46.6333
2024-11-15,0.32,20.66,80.98,2.7,16.61,Sao_Paulo,-23.5505,-46.6333
2024-11-16,0.52,21.77,79.23,2.89,12.35,Sao_Paulo,-23.5505,-46.6333
2024-11-17,0.05,22.46,74.46,1.65,20.29,Sao_Paulo,-23.5505,-46.6333
2024-11-18,0.01,23.46,70.03,1.65,27.02,Sao_Paulo,-23.5505,-46.6333
2024-11-19,0.04,22.57,70.69,2.49,26.89,Sao_Paulo,-23.5505,-46.6333
2024-11-20,0.11,24.52,66.5,2.17,23.87,Sao_Paulo,-23.5505,-46.6333
2024-11-21,0.79,21.95,77.01,4.31,14.71,Sao_Paulo,-23.5505,-46.6333
2024-11-22,0.5,20.78,77.06,4.23,9.92,Sao_Paulo,-23.5505,-46.6333
2024-11-23,0.51,20.52,75.12,4.31,19.41,Sao_Paulo,-23.5505,-46.6333
2024-11-24,0.1,19.82,72.09,3.85,21.63,Sao_Paulo,-23.5505,-46.6333
2024-11-25,0.0,22.28,66.31,2.05,28.5,Sao_Paulo,-23.5505,-46.6333
2024-11-26,0.0,24.93,60.78,2.06,27.4,Sao_Paulo,-23.5505,-46.6333
2024-11-27,0.0,26.21,58.48,2.44,26.88,Sao_Paulo,-23.5505,-46.6333
2024-11-28,4.53,26.74,64.24,2.67,22.87,Sao_Paulo,-23.5505,-46.6333
2024-11-29,3.25,24.61,81.43,2.56,13.14,Sao_Paulo,-23.5505,-46.6333
2024-11-30,0.23,25.24,75.77,2.54,17.66,Sao_Paulo,-23.5505,-46.6333
2024-12-01,0.1,26.05,66.43,1.75,22.65,Sao_Paulo,-23.5505,-46.6333
2024-12-02,6.59,25.36,75.8,3.4,13.88,Sao_Paulo,-23.5505,-46.6333
2024-12-03,29.2,21.87,89.86,2.93,5.64,Sao_Paulo,-23.5505,-46.6333
2024-12-04,0.96,19.26,86.38,4.34,9.32,Sao_Paulo,-23.5505,-46.6333
2024-12-05,2.59,22.64,82.12,2.0,14.49,Sao_Paulo,-23.5505,-46.6333
2024-12-06,0.4,25.19,76.79,2.84,25.45,Sao_Paulo,-23.5505,-46.6333
2024-12-07,0.52,24.92,77.24,2.54,22.99,Sao_Paulo,-23.5505,-46.6333
2024-12-08,3.59,23.03,82.64,1.43,11.63,Sao_Paulo,-23.5505,-46.6333
2024-12-09,2.96,22.49,85.78,1.94,13.28,Sao_Paulo,-23.5505,-46.6333
2024-12-10,17.24,21.57,88.73,3.5,12.88,Sao_Paulo,-23.5505,-46.6333
2024-12-11,1.21,20.28,79.74,3.77,20.75,Sao_Paulo,-23.5505,-46.6333
2024-12-12,0.05,20.62,75.53,2.8,25.15,Sao_Paulo,-23.5505,-46.6333
2024-12-13,0.05,21.13,77.15,1.7,18.64,Sao_Paulo,-23.5505,-46.6333
2024-12-14,2.07,21.6,81.93,3.83,11.97,Sao_Paulo,-23.5505,-46.6333
2024-12-15,2.65,23.85,75.04,4.45,20.45,Sao_Paulo,-23.5505,-46.6333
2024-12-16,0.05,23.42,64.31,3.77,25.16,Sao_Paulo,-23.5505,-46.6333
2024-12-17,0.07,22.34,65.32,2.43,24.41,Sao_Paulo,-23.5505,-46.6333
2024-12-18,0.06,21.78,71.28,2.74,23.83,Sao_Paulo,-23.5505,-46.6333
2024-12-19,0.07,24.42,66.94,1.85,25.79,Sao_Paulo,-23.5505,-46.6333
2024-12-20,15.22,24.43,76.82,3.65,16.64,Sao_Paulo,-23.5505,-46.6333
2024-12-21,10.3,22.34,87.13,2.84,15.16,Sao_Paulo,-23.5505,-46.6333
2024-12-22,4.78,23.11,84.76,1.55,17.75,Sao_Paulo,-23.5505,-46.6333
2024-12-23,3.92,21.89,82.95,3.95,15.12,Sao_Paulo,-23.5505,-46.6333
2024-12-24,0.3,22.21,78.42,3.21,21.38,Sao_Paulo,-23.5505,-46.6333
2024-12-25,4.62,24.27,74.98,1.76,22.76,Sao_Paulo,-23.5505,-46.6333
2024-12-26,39.17,23.12,86.94,1.37,7.92,Sao_Paulo,-23.5505,-46.6333
2024-12-27,10.26,22.56,88.03,2.51,10.75,Sao_Paulo,-23.5505,-46.6333
2024-12-28,4.29,23.53,82.21,1.69,20.45,Sao_Paulo,-23.5505,-46.6333
2024-12-29,3.68,22.65,80.97,2.86,20.79,Sao_Paulo,-23.5505,-46.6333
2024-12-30,1.27,22.04,79.88,2.33,21.59,Sao_Paulo,-23.5505,-46.6333
2024-12-31,1.75,22.72,77.72,1.57,23.15,Sao_Paulo,-23.5505,-46.6333
2024-01-01,0.31,24.06,76.15,3.66,7.71,Rio_de_Janeiro,-22.9068,-43.1729
2024-01-02,7.39,24.65,79.31,3.6,16.35,Rio_de_Janeiro,-22.9068,-43.1729
2024-01-03,34.6,25.27,89.81,2.37,13.58,Rio_de_Janeiro,-22.9068,-43.1729
2024-01-04,26.4,24.73,92.36,2.52,12.92,Rio_de_Janeiro,-22.9068,-43.1729
2024-01-05,3.68,24.73,86.72,3.41,19.69,Rio_de_Janeiro,-22.9068,-43.1729
2024-01-06,1.52,24.92,83.39,2.44,20.35,Rio_de_Janeiro,-22.9068,-43.1729
2024-01-07,0.09,25.32,79.33,2.12,24.25,Rio_de_Janeiro,-22.9068,-43.1729
2024-01-08,0.24,26.4,83.78,2.08,25.57,Rio_de_Janeiro,-22.9068,-43.1729
2024-01-09,0.08,26.91,80.76,1.25,23.61,Rio_de_Janeiro,-22.9068,-43.1729
2024-01-10,0.94,27.91,78.7,1.48,24.74,Rio_de_Janeiro,-22.9068,-43.1729
2024-01-11,51.38,28.53,75.73,1.63,22.87,Rio_de_Janeiro,-22.9068,-43.1729
2024-01-12,36.15,27.14,85.08,1.95,18.35,Rio_de_Janeiro,-22.9068,-43.1729
2024-01-13,18.58,25.57,91.89,2.72,12.81,Rio_de_Janeiro,-22.9068,-43.1729
2024-01-14,8.65,25.8,88.01,2.55,15.07,Rio_de_Janeiro,-22.9068,-43.1729
2024-01-15,1.31,28.15,81.48,1.75,22.41,Rio_de_Janeiro,-22.9068,-43.1729
2024-01-16,0.18,28.29,79.56,2.01,28.17,Rio_de_Janeiro,-22.9068,-43.1729
2024-01-17,2.55,29.15,77.7,1.55,25.07,Rio_de_Janeiro,-22.9068,-43.1729
2024-01-18,3.77,27.6,86.94,1.69,22.53,Rio_de_Janeiro,-22.9068,-43.1729
2024-01-19,1.41,28.71,79.69,1.46,13.91,Rio_de_Janeiro,-22.9068,-43.1729
2024-01-20,4.76,28.67,78.06,1.36,21.58,Rio_de_Janeiro,-22.9068,-43.1729
2024-01-21,28.0,26.85,85.0,3.45,17.72,Rio_de_Janeiro,-22.9068,-43.1729
2024-01-22,5.04,25.57,83.61,3.81,17.93,Rio_de_Janeiro,-22.9068,-43.1729
2024-01-23,34.73,24.06,86.08,4.14,7.27,Rio_de_Janeiro,-22.9068,-43.1729
2024-01-24,15.5,23.68,82.6,2.64,12.07,Rio_de_Janeiro,-22.9068,-43.1729
2024-01-25,9.24,24.78,86.45,3.09,19.7,Rio_de_Janeiro,-22.9068,-43.1729
2024-01-26,6.17,24.79,86.56,2.76,19.45,Rio_de_Janeiro,-22.9068,-43.1729
2024-01-27,3.24,25.07,84.16,1.43,17.51,Rio_de_Janeiro,-22.9068,-43.1729
2024-01-28,9.99,25.38,86.29,1.56,16.42,Rio_de_Janeiro,-22.9068,-43.1729
2024-01-29,0.44,25.88,79.7,1.91,25.41,Rio_de_Janeiro,-22.9068,-43.1729
2024-01-30,1.18,26.78,83.29,1.61,23.17,Rio_de_Janeiro,-22.9068,-43.1729
2024-01-31,6.84,26.52,85.95,1.39,13.48,Rio_de_Janeiro,-22.9068,-43.1729
2024-02-01,2.58,25.86,84.58,1.71,20.96,Rio_de_Janeiro,-22.9068,-43.1729
2024-02-02,4.17,25.38,86.47,1.71,10.01,Rio_de_Janeiro,-22.9068,-43.1729
2024-02-03,1.27,25.75,85.27,1.83,21.76,Rio_de_Janeiro,-22.9068,-43.1729
2024-02-04,13.75,26.15,88.88,2.28,15.64,Rio_de_Janeiro,-22.9068,-43.1729
2024-02-05,2.92,26.7,83.15,1.66,21.64,Rio_de_Janeiro,-22.9068,-43.1729
2024-02-06,1.07,26.57,82.83,1.69,22.06,Rio_de_Janeiro,-22.9068,-43.1729
2024-02-07,1.91,26.76,82.93,1.61,21.87,Rio_de_Janeiro,-22.9068,-43.1729
2024-02-08,3.68,26.93,81.93,2.51,22.33,Rio_de_Janeiro,-22.9068,-43.1729
2024-02-09,1.89,27.28,81.59,3.02,24.63,Rio_de_Janeiro,-22.9068,-43.1729
2024-02-10,0.19,26.4,81.16,3.72,25.14,Rio_de_Janeiro,-22.9068,-43.1729
2024-02-11,0.33,26.65,80.62,3.08,24.0,Rio_de_Janeiro,-22.9068,-43.1729
2024-02-12,0.34,27.31,73.25,2.24,25.93,Rio_de_Janeiro,-22.9068,-43.1729
2024-02-13,0.65,27.62,76.52,1.4,23.07,Rio_de_Janeiro,-22.9068,-43.1729
2024-02-14,5.83,25.91,84.87,1.63,17.13,Rio_de_Janeiro,-22.9068,-43.1729
2024-02-15,20.86,25.42,88.21,1.99,4.76,Rio_de_Janeiro,-22.9068,-43.1729
2024-02-16,1.38,24.92,87.38,3.87,18.17,Rio_de_Janeiro,-22.9068,-43.1729
2024-02-17,1.2,25.33,86.03,3.02,23.8,Rio_de_Janeiro,-22.9068,-43.1729
2024-02-18,2.38,25.66,86.28,2.34,19.3,Rio_de_Janeiro,-22.9068,-43.1729
2024-02-19,4.86,25.72,81.98,1.59,20.38,Rio_de_Janeiro,-22.9068,-43.1729
2024-02-20,6.17,25.8,87.13,1.67,8.3,Rio_de_Janeiro,-22.9068,-43.1729
2024-02-21,11.47,26.19,88.84,1.61,14.93,Rio_de_Janeiro,-22.9068,-43.1729
2024-02-22,16.39,26.5,88.25,2.48,11.82,Rio_de_Janeiro,-22.9068,-43.1729
2024-02-23,1.01,27.32,85.33,2.06,14.16,Rio_de_Janeiro,-22.9068,-43.1729
2024-02-24,1.56,27.61,83.92,1.73,21.3,Rio_de_Janeiro,-22.9068,-43.1729
2024-02-25,2.39,27.05,90.28,2.16,20.74,Rio_de_Janeiro,-22.9068,-43.1729
2024-02-26,3.22,26.4,85.58,2.39,18.37,Rio_de_Janeiro,-22.9068,-43.1729
2024-02-27,1.68,26.65,84.07,3.0,23.3,Rio_de_Janeiro,-22.9068,-43.1729
2024-02-28,0.55,27.39,82.73,2.3,18.56,Rio_de_Janeiro,-22.9068,-43.1729
2024-02-29,3.03,26.8,90.12,1.64,19.09,Rio_de_Janeiro,-22.9068,-43.1729
2024-03-01,7.87,26.54,87.58,2.27,17.5,Rio_de_Janeiro,-22.9068,-43.1729
2024-03-02,2.13,25.08,78.16,2.62,21.88,Rio_de_Janeiro,-22.9068,-43.1729
2024-03-03,0.27,25.23,75.47,2.99,25.44,Rio_de_Janeiro,-22.9068,-43.1729
2024-03-04,0.12,25.71,80.13,2.98,26.44,Rio_de_Janeiro,-22.9068,-43.1729
2024-03-05,10.29,26.58,83.31,1.68,24.43,Rio_de_Janeiro,-22.9068,-43.1729
2024-03-06,12.53,25.88,88.24,1.87,13.67,Rio_de_Janeiro,-22.9068,-43.1729
2024-03-07,11.6,25.71,89.77,3.46,14.41,Rio_de_Janeiro,-22.9068,-43.1729
2024-03-08,5.09,25.52,88.66,3.76,18.06,Rio_de_Janeiro,-22.9068,-43.1729
2024-03-09,17.74,26.3,89.91,2.62,17.1,Rio_de_Janeiro,-22.9068,-43.1729
2024-03-10,3.81,26.23,89.97,2.74,13.22,Rio_de_Janeiro,-22.9068,-43.1729
2024-03-11,5.25,25.34,88.71,3.02,19.05,Rio_de_Janeiro,-22.9068,-43.1729
2024-03-12,0.04,24.71,83.31,2.15,14.46,Rio_de_Janeiro,-22.9068,-43.1729
2024-03-13,0.01,24.24,80.09,2.09,17.65,Rio_de_Janeiro,-22.9068,-43.1729
2024-03-14,0.02,24.87,83.9,1.95,23.75,Rio_de_Janeiro,-22.9068,-43.1729
2024-03-15,0.07,26.01,85.97,1.91,24.23,Rio_de_Janeiro,-22.9068,-43.1729
2024-03-16,0.16,27.23,81.97,2.11,23.1,Rio_de_Janeiro,-22.9068,-43.1729
2024-03-17,0.07,27.79,81.0,1.58,23.58,Rio_de_Janeiro,-22.9068,-43.1729
2024-03-18,6.29,27.34,86.76,1.16,20.26,Rio_de_Janeiro,-22.9068,-43.1729
2024-03-19,2.08,27.17,86.46,0.94,19.01,Rio_de_Janeiro,-22.9068,-43.1729
2024-03-20,1.46,27.13,85.66,1.76,18.64,Rio_de_Janeiro,-22.9068,-43.1729
2024-03-21,0.75,28.82,77.6,1.92,21.23,Rio_de_Janeiro,-22.9068,-43.1729
2024-03-22,17.12,25.99,91.68,4.27,6.65,Rio_de_Janeiro,-22.9068,-43.1729
2024-03-23,11.95,23.68,86.45,4.97,8.64,Rio_de_Janeiro,-22.9068,-43.1729
2024-03-24,16.5,23.92,88.22,2.9,8.16,Rio_de_Janeiro,-22.9068,-43.1729
2024-03-25,3.85,24.9,85.6,2.76,13.62,Rio_de_Janeiro,-22.9068,-43.1729
2024-03-26,11.2,24.24,86.6,2.03,7.65,Rio_de_Janeiro,-22.9068,-43.1729
2024-03-27,4.15,23.69,87.42,2.04,7.53,Rio_de_Janeiro,-22.9068,-43.1729
2024-03-28,4.53,23.77,90.48,3.52,5.63,Rio_de_Janeiro,-22.9068,-43.1729
2024-03-29,16.45,24.99,91.8,3.45,9.26,Rio_de_Janeiro,-22.9068,-43.1729
2024-03-30,23.09,24.63,91.91,2.69,12.9,Rio_de_Janeiro,-22.9068,-43.1729
2024-03-31,0.31,24.24,88.83,2.52,22.34,Rio_de_Janeiro,-22.9068,-43.1729
2024-04-01,0.07,23.64,84.46,2.11,21.09,Rio_de_Janeiro,-22.9068,-43.1729
2024-04-02,0.33,24.51,81.97,1.61,15.53,Rio_de_Janeiro,-22.9068,-43.1729
2024-04-03,0.02,24.6,85.34,1.21,21.47,Rio_de_Janeiro,-22.9068,-43.1729
2024-04-04,0.05,24.72,83.02,1.52,20.42,Rio_de_Janeiro,-22.9068,-43.1729
2024-04-05,0.11,24.63,84.26,1.63,21.93,Rio_de_Janeiro,-22.9068,-43.1729
2024-04-06,0.07,24.57,81.77,1.76,19.78,Rio_de_Janeiro,-22.9068,-43.1729
2024-04-07,0.2,24.59,84.03,2.91,19.41,Rio_de_Janeiro,-22.9068,-43.1729
2024-04-08,0.01,24.99,84.76,2.14,17.87,Rio_de_Janeiro,-22.9068,-43.1729
2024-04-09,0.18,25.29,82.78,1.44,15.26,Rio_de_Janeiro,-22.9068,-43.1729
2024-04-10,0.12,25.11,83.84,1.37,19.95,Rio_de_Janeiro,-22.9068,-43.1729
2024-04-11,0.46,25.1,85.88,1.46,18.29,Rio_de_Janeiro,-22.9068,-43.1729
2024-04-12,1.13,24.91,86.91,1.57,15.89,Rio_de_Janeiro,-22.9068,-43.1729
2024-04-13,0.13,24.79,83.55,2.68,15.96,Rio_de_Janeiro,-22.9068,-43.1729
2024-04-14,0.22,24.43,85.7,3.38,14.49,Rio_de_Janeiro,-22.9068,-43.1729
2024-04-15,0.15,24.89,83.83,3.38,15.98,Rio_de_Janeiro,-22.9068,-43.1729
2024-04-16,0.06,25.17,82.08,3.23,18.24,Rio_de_Janeiro,-22.9068,-43.1729
2024-04-17,0.05,25.85,76.88,1.68,17.06,Rio_de_Janeiro,-22.9068,-43.1729
2024-04-18,10.68,22.98,85.18,3.73,6.93,Rio_de_Janeiro,-22.9068,-43.1729
2024-04-19,0.12,22.15,73.76,2.87,9.64,Rio_de_Janeiro,-22.9068,-43.1729
2024-04-20,0.08,21.97,75.5,1.54,15.7,Rio_de_Janeiro,-22.9068,-43.1729
2024-04-21,0.04,21.86,82.17,1.78,18.97,Rio_de_Janeiro,-22.9068,-43.1729
2024-04-22,0.1,22.69,81.28,1.76,20.51,Rio_de_Janeiro,-22.9068,-43.1729
2024-04-23,0.09,23.99,78.92,1.46,19.29,Rio_de_Janeiro,-22.9068,-43.1729
2024-04-24,0.11,24.34,74.32,1.81,19.72,Rio_de_Janeiro,-22.9068,-43.1729
2024-04-25,0.23,23.6,89.62,2.08,14.54,Rio_de_Janeiro,-22.9068,-43.1729
2024-04-26,0.1,23.4,83.06,2.67,11.01,Rio_de_Janeiro,-22.9068,-43.1729
2024-04-27,0.05,24.23,77.94,2.11,17.77,Rio_de_Janeiro,-22.9068,-43.1729
2024-04-28,0.09,25.39,72.85,1.97,19.25,Rio_de_Janeiro,-22.9068,-43.1729
2024-04-29,0.14,24.67,87.38,1.71,18.2,Rio_de_Janeiro,-22.9068,-43.1729
2024-04-30,0.0,25.34,79.46,1.65,19.04,Rio_de_Janeiro,-22.9068,-43.1729
2024-05-01,0.0,25.46,75.55,1.69,18.11,Rio_de_Janeiro,-22.9068,-43.1729
2024-05-02,0.08,26.65,67.29,1.73,18.96,Rio_de_Janeiro,-22.9068,-43.1729
2024-05-03,0.06,25.28,74.47,1.76,18.36,Rio_de_Janeiro,-22.9068,-43.1729
2024-05-04,0.0,25.11,77.34,1.74,19.04,Rio_de_Janeiro,-22.9068,-43.1729
2024-05-05,0.07,24.58,76.83,2.56,19.18,Rio_de_Janeiro,-22.9068,-43.1729
2024-05-06,0.11,24.74,79.55,2.63,16.36,Rio_de_Janeiro,-22.9068,-43.1729
2024-05-07,0.07,25.4,73.18,2.21,16.66,Rio_de_Janeiro,-22.9068,-43.1729
2024-05-08,0.08,25.51,77.32,2.64,17.47,Rio_de_Janeiro,-22.9068,-43.1729
2024-05-09,0.01,25.9,72.2,1.92,16.24,Rio_de_Janeiro,-22.9068,-43.1729
2024-05-10,0.74,24.23,89.31,1.86,15.7,Rio_de_Janeiro,-22.9068,-43.1729
2024-05-11,0.06,25.85,74.48,1.44,17.23,Rio_de_Janeiro,-22.9068,-43.1729
2024-05-12,0.09,26.1,67.39,1.98,16.44,Rio_de_Janeiro,-22.9068,-43.1729
2024-05-13,0.0,26.62,64.38,2.1,17.91,Rio_de_Janeiro,-22.9068,-43.1729
2024-05-14,0.3,24.17,83.53,2.83,15.68,Rio_de_Janeiro,-22.9068,-43.1729
2024-05-15,0.32,22.77,81.58,3.18,8.85,Rio_de_Janeiro,-22.9068,-43.1729
2024-05-16,0.32,23.82,80.81,1.96,11.99,Rio_de_Janeiro,-22.9068,-43.1729
2024-05-17,0.11,26.9,68.58,2.02,16.85,Rio_de_Janeiro,-22.9068,-43.1729
2024-05-18,0.05,24.83,79.74,2.45,16.51,Rio_de_Janeiro,-22.9068,-43.1729
2024-05-19,0.13,24.38,85.98,1.59,13.73,Rio_de_Janeiro,-22.9068,-43.1729
2024-05-20,0.58,24.77,81.25,2.14,15.7,Rio_de_Janeiro,-22.9068,-43.1729
2024-05-21,1.06,23.11,84.59,2.66,7.96,Rio_de_Janeiro,-22.9068,-43.1729
2024-05-22,0.14,24.1,80.04,2.98,15.02,Rio_de_Janeiro,-22.9068,-43.1729
2024-05-23,0.16,25.1,75.48,2.49,16.35,Rio_de_Janeiro,-22.9068,-43.1729
2024-05-24,0.12,24.93,71.46,2.57,15.19,Rio_de_Janeiro,-22.9068,-43.1729
2024-05-25,1.97,23.36,79.94,3.58,8.52,Rio_de_Janeiro,-22.9068,-43.1729
2024-05-26,37.4,21.62,85.85,2.86,2.47,Rio_de_Janeiro,-22.9068,-43.1729
2024-05-27,4.3,22.47,87.38,3.0,4.93,Rio_de_Janeiro,-22.9068,-43.1729
2024-05-28,0.59,23.42,84.96,2.58,14.04,Rio_de_Janeiro,-22.9068,-43.1729
2024-05-29,0.34,21.42,78.23,4.72,9.56,Rio_de_Janeiro,-22.9068,-43.1729
2024-05-30,0.14,20.59,77.15,4.59,14.53,Rio_de_Janeiro,-22.9068,-43.1729
2024-05-31,0.07,20.94,76.9,2.8,13.46,Rio_de_Janeiro,-22.9068,-43.1729
2024-06-01,0.04,22.02,71.64,2.84,13.36,Rio_de_Janeiro,-22.9068,-43.1729
2024-06-02,0.01,22.04,78.64,2.97,14.08,Rio_de_Janeiro,-22.9068,-43.1729
2024-06-03,0.0,23.12,73.68,1.94,15.09,Rio_de_Janeiro,-22.9068,-43.1729
2024-06-04,2.87,22.12,83.69,3.51,9.63,Rio_de_Janeiro,-22.9068,-43.1729
2024-06-05,2.32,21.88,76.87,2.52,9.31,Rio_de_Janeiro,-22.9068,-43.1729
2024-06-06,0.24,22.18,79.67,1.97,13.72,Rio_de_Janeiro,-22.9068,-43.1729
2024-06-07,0.02,22.61,81.32,1.65,15.59,Rio_de_Janeiro,-22.9068,-43.1729
2024-06-08,0.23,22.41,83.18,2.14,15.77,Rio_de_Janeiro,-22.9068,-43.1729
2024-06-09,0.22,22.69,80.33,2.58,12.47,Rio_de_Janeiro,-22.9068,-43.1729
2024-06-10,0.06,23.47,71.16,2.1,15.98,Rio_de_Janeiro,-22.9068,-43.1729
2024-06-11,0.14,23.47,71.57,2.07,16.18,Rio_de_Janeiro,-22.9068,-43.1729
2024-06-12,0.14,22.48,75.66,2.28,16.36,Rio_de_Janeiro,-22.9068,-43.1729
2024-06-13,0.11,22.46,75.76,2.64,16.29,Rio_de_Janeiro,-22.9068,-43.1729
2024-06-14,0.0,23.23,69.44,2.81,16.09,Rio_de_Janeiro,-22.9068,-43.1729
2024-06-15,0.0,23.63,64.55,2.51,16.18,Rio_de_Janeiro,-22.9068,-43.1729
2024-06-16,0.2,23.64,70.16,2.45,16.05,Rio_de_Janeiro,-22.9068,-43.1729
2024-06-17,0.2,23.5,67.17,2.58,16.01,Rio_de_Janeiro,-22.9068,-43.1729
2024-06-18,0.45,23.54,67.34,2.47,15.82,Rio_de_Janeiro,-22.9068,-43.1729
2024-06-19,0.03,23.78,71.11,2.05,15.85,Rio_de_Janeiro,-22.9068,-43.1729
2024-06-20,0.28,23.01,76.5,1.9,16.06,Rio_de_Janeiro,-22.9068,-43.1729
2024-06-21,0.29,22.86,76.12,1.95,15.39,Rio_de_Janeiro,-22.9068,-43.1729
2024-06-22,0.21,23.36,76.41,2.88,14.88,Rio_de_Janeiro,-22.9068,-43.1729
2024-06-23,0.1,24.66,68.41,2.68,14.36,Rio_de_Janeiro,-22.9068,-43.1729
2024-06-24,0.01,25.02,62.76,2.33,15.15,Rio_de_Janeiro,-22.9068,-43.1729
2024-06-25,0.0,23.12,84.73,3.08,11.53,Rio_de_Janeiro,-22.9068,-43.1729
2024-06-26,0.0,24.85,76.72,1.93,13.56,Rio_de_Janeiro,-22.9068,-43.1729
2024-06-27,0.02,23.21,80.84,3.06,10.1,Rio_de_Janeiro,-22.9068,-43.1729
2024-06-28,0.01,24.32,76.02,1.92,11.99,Rio_de_Janeiro,-22.9068,-43.1729
2024-06-29,3.58,23.36,75.61,3.75,12.19,Rio_de_Janeiro,-22.9068,-43.1729
2024-06-30,44.13,19.88,83.55,3.62,2.59,Rio_de_Janeiro,-22.9068,-43.1729
2024-07-01,10.16,19.68,82.37,1.86,2.23,Rio_de_Janeiro,-22.9068,-43.1729
2024-07-02,1.0,21.26,84.06,2.2,9.84,Rio_de_Janeiro,-22.9068,-43.1729
2024-07-03,0.25,22.42,78.77,1.99,14.71,Rio_de_Janeiro,-22.9068,-43.1729
2024-07-04,0.11,23.82,65.39,1.78,12.61,Rio_de_Janeiro,-22.9068,-43.1729
2024-07-05,0.01,22.8,71.48,1.99,12.5,Rio_de_Janeiro,-22.9068,-43.1729
2024-07-06,0.27,21.4,80.76,2.65,11.79,Rio_de_Janeiro,-22.9068,-43.1729
2024-07-07,0.09,22.54,79.22,1.5,12.74,Rio_de_Janeiro,-22.9068,-43.1729
2024-07-08,0.25,21.18,87.54,3.18,9.06,Rio_de_Janeiro,-22.9068,-43.1729
2024-07-09,0.43,21.3,85.01,1.76,7.73,Rio_de_Janeiro,-22.9068,-43.1729
2024-07-10,0.39,22.12,83.61,1.61,13.04,Rio_de_Janeiro,-22.9068,-43.1729
2024-07-11,0.38,22.42,84.67,1.72,11.05,Rio_de_Janeiro,-22.9068,-43.1729
2024-07-12,2.27,21.94,92.07,2.06,6.68,Rio_de_Janeiro,-22.9068,-43.1729
2024-07-13,5.84,21.05,90.73,2.95,6.5,Rio_de_Janeiro,-22.9068,-43.1729
2024-07-14,0.78,21.94,82.82,1.34,13.86,Rio_de_Janeiro,-22.9068,-43.1729
2024-07-15,0.01,20.56,86.93,2.59,12.13,Rio_de_Janeiro,-22.9068,-43.1729
2024-07-16,0.02,20.74,82.21,1.47,14.27,Rio_de_Janeiro,-22.9068,-43.1729
2024-07-17,0.01,20.25,85.86,2.45,12.57,Rio_de_Janeiro,-22.9068,-43.1729
2024-07-18,0.01,20.45,83.99,2.79,15.75,Rio_de_Janeiro,-22.9068,-43.1729
2024-07-19,0.03,20.2,83.56,2.63,11.81,Rio_de_Janeiro,-22.9068,-43.1729
2024-07-20,0.02,20.08,73.69,1.35,14.74,Rio_de_Janeiro,-22.9068,-43.1729
2024-07-21,0.0,20.34,73.64,2.28,13.95,Rio_de_Janeiro,-22.9068,-43.1729
2024-07-22,0.01,20.16,80.03,2.22,17.37,Rio_de_Janeiro,-22.9068,-43.1729
2024-07-23,0.0,20.11,80.43,1.8,15.97,Rio_de_Janeiro,-22.9068,-43.1729
2024-07-24,0.0,20.55,79.35,2.54,17.23,Rio_de_Janeiro,-22.9068,-43.1729
2024-07-25,0.0,21.79,76.59,1.89,17.05,Rio_de_Janeiro,-22.9068,-43.1729
2024-07-26,0.01,22.04,69.71,1.91,16.11,Rio_de_Janeiro,-22.9068,-43.1729
2024-07-27,0.0,21.88,70.88,1.96,14.66,Rio_de_Janeiro,-22.9068,-43.1729
2024-07-28,0.01,23.7,66.01,1.71,16.69,Rio_de_Janeiro,-22.9068,-43.1729
2024-07-29,0.17,22.56,73.08,2.92,15.43,Rio_de_Janeiro,-22.9068,-43.1729
2024-07-30,5.16,20.21,85.99,4.05,5.34,Rio_de_Janeiro,-22.9068,-43.1729
2024-07-31,0.67,20.86,78.17,3.77,13.67,Rio_de_Janeiro,-22.9068,-43.1729
2024-08-01,0.0,21.18,76.54,3.65,15.74,Rio_de_Janeiro,-22.9068,-43.1729
2024-08-02,0.0,21.35,76.88,3.49,18.1,Rio_de_Janeiro,-22.9068,-43.1729
2024-08-03,0.05,22.4,80.44,3.18,15.63,Rio_de_Janeiro,-22.9068,-43.1729
2024-08-04,0.06,23.47,76.61,2.74,15.61,Rio_de_Janeiro,-22.9068,-43.1729
2024-08-05,0.0,23.72,74.18,2.3,17.83,Rio_de_Janeiro,-22.9068,-43.1729
2024-08-06,0.0,23.72,71.63,2.41,18.28,Rio_de_Janeiro,-22.9068,-43.1729
2024-08-07,0.01,24.17,64.18,2.47,18.76,Rio_de_Janeiro,-22.9068,-43.1729
2024-08-08,0.01,24.88,57.65,2.3,18.38,Rio_de_Janeiro,-22.9068,-43.1729
2024-08-09,0.69,22.59,84.38,2.86,14.87,Rio_de_Janeiro,-22.9068,-43.1729
2024-08-10,15.7,18.45,84.5,5.55,2.44,Rio_de_Janeiro,-22.9068,-43.1729
2024-08-11,0.08,18.96,68.3,2.4,18.7,Rio_de_Janeiro,-22.9068,-43.1729
2024-08-12,0.06,19.11,65.27,5.5,16.33,Rio_de_Janeiro,-22.9068,-43.1729
2024-08-13,0.01,18.21,64.32,3.99,18.27,Rio_de_Janeiro,-22.9068,-43.1729
2024-08-14,0.01,19.67,68.74,2.42,19.26,Rio_de_Janeiro,-22.9068,-43.1729
2024-08-15,0.08,21.28,78.55,2.53,19.66,Rio_de_Janeiro,-22.9068,-43.1729
2024-08-16,0.06,22.3,75.96,2.03,19.85,Rio_de_Janeiro,-22.9068,-43.1729
2024-08-17,0.11,23.35,61.05,2.06,19.93,Rio_de_Janeiro,-22.9068,-43.1729
2024-08-18,0.0,23.79,60.13,2.43,20.11,Rio_de_Janeiro,-22.9068,-43.1729
2024-08-19,0.0,23.46,65.56,2.37,20.77,Rio_de_Janeiro,-22.9068,-43.1729
2024-08-20,0.0,23.13,68.57,2.92,19.9,Rio_de_Janeiro,-22.9068,-43.1729
2024-08-21,0.02,22.08,83.64,2.48,18.19,Rio_de_Janeiro,-22.9068,-43.1729
2024-08-22,0.05,23.93,72.08,2.69,20.8,Rio_de_Janeiro,-22.9068,-43.1729
2024-08-23,0.08,25.86,57.63,2.77,20.56,Rio_de_Janeiro,-22.9068,-43.1729
2024-08-24,2.34,23.06,81.74,4.0,16.25,Rio_de_Janeiro,-22.9068,-43.1729
2024-08-25,14.46,20.03,83.39,5.13,6.8,Rio_de_Janeiro,-22.9068,-43.1729
2024-08-26,6.76,17.87,71.56,4.19,4.1,Rio_de_Janeiro,-22.9068,-43.1729
2024-08-27,0.0,18.03,64.98,2.77,18.67,Rio_de_Janeiro,-22.9068,-43.1729
2024-08-28,0.03,19.89,69.94,2.61,19.44,Rio_de_Janeiro,-22.9068,-43.1729
2024-08-29,0.05,20.91,75.66,3.16,19.47,Rio_de_Janeiro,-22.9068,-43.1729
2024-08-30,0.11,21.81,73.53,2.36,22.41,Rio_de_Janeiro,-22.9068,-43.1729
2024-08-31,0.07,21.62,77.67,2.0,21.85,Rio_de_Janeiro,-22.9068,-43.1729
2024-09-01,0.0,23.22,72.18,2.36,22.14,Rio_de_Janeiro,-22.9068,-43.1729
2024-09-02,0.01,22.12,74.47,3.64,15.15,Rio_de_Janeiro,-22.9068,-43.1729
2024-09-03,0.01,21.59,81.61,2.02,12.22,Rio_de_Janeiro,-22.9068,-43.1729
2024-09-04,0.0,22.26,82.12,2.52,19.13,Rio_de_Janeiro,-22.9068,-43.1729
2024-09-05,0.0,23.2,80.33,2.97,18.53,Rio_de_Janeiro,-22.9068,-43.1729
2024-09-06,0.01,21.97,85.37,3.08,7.39,Rio_de_Janeiro,-22.9068,-43.1729
2024-09-07,0.0,23.22,83.25,1.81,15.8,Rio_de_Janeiro,-22.9068,-43.1729
2024-09-08,0.0,24.14,76.48,2.69,18.21,Rio_de_Janeiro,-22.9068,-43.1729
2024-09-09,0.0,24.4,73.76,3.27,22.25,Rio_de_Janeiro,-22.9068,-43.1729
2024-09-10,0.0,24.96,67.02,2.4,23.13,Rio_de_Janeiro,-22.9068,-43.1729
2024-09-11,0.0,26.45,55.33,2.54,23.67,Rio_de_Janeiro,-22.9068,-43.1729
2024-09-12,0.0,26.81,52.13,2.82,23.83,Rio_de_Janeiro,-22.9068,-43.1729
2024-09-13,0.0,26.67,54.57,2.66,22.74,Rio_de_Janeiro,-22.9068,-43.1729
2024-09-14,0.0,26.21,58.53,2.81,21.68,Rio_de_Janeiro,-22.9068,-43.1729
2024-09-15,0.05,23.14,86.27,3.06,14.43,Rio_de_Janeiro,-22.9068,-43.1729
2024-09-16,0.23,23.01,82.02,3.47,12.77,Rio_de_Janeiro,-22.9068,-43.1729
2024-09-17,0.52,21.33,75.7,3.75,6.78,Rio_de_Janeiro,-22.9068,-43.1729
2024-09-18,0.26,21.74,70.18,4.31,9.3,Rio_de_Janeiro,-22.9068,-43.1729
2024-09-19,0.05,22.77,73.57,4.23,16.91,Rio_de_Janeiro,-22.9068,-43.1729
2024-09-20,0.01,24.63,73.89,3.49,18.53,Rio_de_Janeiro,-22.9068,-43.1729
2024-09-21,0.46,24.61,76.7,1.62,16.72,Rio_de_Janeiro,-22.9068,-43.1729
2024-09-22,0.17,25.21,74.99,1.67,18.18,Rio_de_Janeiro,-22.9068,-43.1729
2024-09-23,0.0,25.29,74.08,2.54,23.64,Rio_de_Janeiro,-22.9068,-43.1729
2024-09-24,0.0,25.24,72.7,3.27,24.33,Rio_de_Janeiro,-22.9068,-43.1729
2024-09-25,0.0,26.04,66.98,2.99,24.7,Rio_de_Janeiro,-22.9068,-43.1729
2024-09-26,0.0,27.21,60.3,2.82,24.89,Rio_de_Janeiro,-22.9068,-43.1729
2024-09-27,0.1,25.14,69.48,3.72,19.14,Rio_de_Janeiro,-22.9068,-43.1729
2024-09-28,0.62,22.38,76.01,3.77,8.15,Rio_de_Janeiro,-22.9068,-43.1729
2024-09-29,0.08,22.62,72.81,4.04,19.2,Rio_de_Janeiro,-22.9068,-43.1729
2024-09-30,0.0,24.09,70.8,3.69,22.82,Rio_de_Janeiro,-22.9068,-43.1729
2024-10-01,0.0,27.0,60.77,2.93,25.39,Rio_de_Janeiro,-22.9068,-43.1729
2024-10-02,0.05,27.66,54.93,2.45,25.49,Rio_de_Janeiro,-22.9068,-43.1729
2024-10-03,2.78,23.48,84.24,3.62,10.93,Rio_de_Janeiro,-22.9068,-43.1729
2024-10-04,9.98,21.81,87.5,3.66,3.58,Rio_de_Janeiro,-22.9068,-43.1729
2024-10-05,1.66,21.3,74.55,4.2,11.95,Rio_de_Janeiro,-22.9068,-43.1729
2024-10-06,0.03,21.06,70.5,3.7,23.79,Rio_de_Janeiro,-22.9068,-43.1729
2024-10-07,0.01,21.6,65.38,3.07,21.37,Rio_de_Janeiro,-22.9068,-43.1729
2024-10-08,0.04,22.6,73.96,2.81,18.65,Rio_de_Janeiro,-22.9068,-43.1729
2024-10-09,1.33,22.55,85.69,2.55,14.21,Rio_de_Janeiro,-22.9068,-43.1729
2024-10-10,10.48,22.21,83.67,4.39,4.09,Rio_de_Janeiro,-22.9068,-43.1729
2024-10-11,7.62,24.42,78.35,3.91,10.76,Rio_de_Janeiro,-22.9068,-43.1729
2024-10-12,0.9,24.32,79.87,3.27,16.72,Rio_de_Janeiro,-22.9068,-43.1729
2024-10-13,6.46,22.25,85.35,2.53,14.58,Rio_de_Janeiro,-22.9068,-43.1729
2024-10-14,1.71,21.64,73.93,3.57,16.54,Rio_de_Janeiro,-22.9068,-43.1729
2024-10-15,0.34,22.0,76.15,3.65,23.24,Rio_de_Janeiro,-22.9068,-43.1729
2024-10-16,1.87,22.78,78.42,2.08,23.4,Rio_de_Janeiro,-22.9068,-43.1729
2024-10-17,1.09,22.43,85.73,1.87,22.78,Rio_de_Janeiro,-22.9068,-43.1729
2024-10-18,1.54,22.39,83.26,2.25,19.9,Rio_de_Janeiro,-22.9068,-43.1729
2024-10-19,18.7,21.67,90.13,2.85,5.51,Rio_de_Janeiro,-22.9068,-43.1729
2024-10-20,29.64,21.41,93.87,3.39,5.67,Rio_de_Janeiro,-22.9068,-43.1729
2024-10-21,0.38,22.74,88.52,2.82,8.57,Rio_de_Janeiro,-22.9068,-43.1729
2024-10-22,0.12,24.75,79.47,1.92,22.32,Rio_de_Janeiro,-22.9068,-43.1729
2024-10-23,0.64,25.6,74.5,1.54,23.0,Rio_de_Janeiro,-22.9068,-43.1729
2024-10-24,6.39,25.76,79.2,1.48,15.3,Rio_de_Janeiro,-22.9068,-43.1729
2024-10-25,4.1,26.95,72.43,1.78,13.21,Rio_de_Janeiro,-22.9068,-43.1729
2024-10-26,34.66,25.52,82.74,2.29,20.69,Rio_de_Janeiro,-22.9068,-43.1729
2024-10-27,30.46,22.44,81.57,3.38,6.54,Rio_de_Janeiro,-22.9068,-43.1729
2024-10-28,2.26,22.25,82.0,3.47,6.02,Rio_de_Janeiro,-22.9068,-43.1729
2024-10-29,0.27,22.0,87.33,3.28,13.75,Rio_de_Janeiro,-22.9068,-43.1729
2024-10-30,0.36,22.39,82.82,2.98,20.61,Rio_de_Janeiro,-22.9068,-43.1729
2024-10-31,0.08,22.53,82.66,2.41,24.71,Rio_de_Janeiro,-22.9068,-43.1729
2024-11-01,0.05,23.32,82.62,2.72,25.17,Rio_de_Janeiro,-22.9068,-43.1729
2024-11-02,0.22,23.67,84.72,2.78,23.49,Rio_de_Janeiro,-22.9068,-43.1729
2024-11-03,0.28,24.23,82.21,3.6,16.03,Rio_de_Janeiro,-22.9068,-43.1729
2024-11-04,12.09,23.5,88.19,3.44,9.09,Rio_de_Janeiro,-22.9068,-43.1729
2024-11-05,7.09,23.92,84.17,3.43,14.46,Rio_de_Janeiro,-22.9068,-43.1729
2024-11-06,1.17,24.58,77.25,3.12,19.89,Rio_de_Janeiro,-22.9068,-43.1729
2024-11-07,10.6,25.14,77.23,2.45,18.91,Rio_de_Janeiro,-22.9068,-43.1729
2024-11-08,53.97,23.98,87.5,2.49,8.08,Rio_de_Janeiro,-22.9068,-43.1729
2024-11-09,4.18,21.92,89.55,3.14,10.17,Rio_de_Janeiro,-22.9068,-43.1729
2024-11-10,0.81,21.22,83.8,2.37,13.8,Rio_de_Janeiro,-22.9068,-43.1729
2024-11-11,0.05,22.03,79.6,1.89,27.31,Rio_de_Janeiro,-22.9068,-43.1729
2024-11-12,0.82,24.16,78.07,2.13,24.39,Rio_de_Janeiro,-22.9068,-43.1729
2024-11-13,7.62,21.02,90.31,3.06,5.59,Rio_de_Janeiro,-22.9068,-43.1729
2024-11-14,4.83,21.28,85.53,2.38,8.8,Rio_de_Janeiro,-22.9068,-43.1729
2024-11-15,9.41,22.59,91.33,3.25,13.31,Rio_de_Janeiro,-22.9068,-43.1729
2024-11-16,17.83,22.73,93.01,2.46,4.51,Rio_de_Janeiro,-22.9068,-43.1729
2024-11-17,8.91,22.84,89.53,2.5,18.74,Rio_de_Janeiro,-22.9068,-43.1729
2024-11-18,0.32,23.9,84.34,1.69,26.0,Rio_de_Janeiro,-22.9068,-43.1729
2024-11-19,0.2,23.53,87.76,1.5,24.58,Rio_de_Janeiro,-22.9068,-43.1729
2024-11-20,1.81,24.2,86.37,1.2,24.75,Rio_de_Janeiro,-22.9068,-43.1729
2024-11-21,8.11,23.39,89.33,3.25,14.54,Rio_de_Janeiro,-22.9068,-43.1729
2024-11-22,9.39,22.35,85.51,3.73,13.05,Rio_de_Janeiro,-22.9068,-43.1729
2024-11-23,5.45,21.88,82.82,3.62,11.2,Rio_de_Janeiro,-22.9068,-43.1729
2024-11-24,2.57,21.18,82.93,2.83,19.16,Rio_de_Janeiro,-22.9068,-43.1729
2024-11-25,0.15,22.02,80.04,3.23,24.23,Rio_de_Janeiro,-22.9068,-43.1729
2024-11-26,0.03,23.21,76.9,2.43,28.01,Rio_de_Janeiro,-22.9068,-43.1729
2024-11-27,0.0,24.71,74.65,1.78,28.63,Rio_de_Janeiro,-22.9068,-43.1729
2024-11-28,0.08,27.35,66.58,1.93,26.35,Rio_de_Janeiro,-22.9068,-43.1729
2024-11-29,2.01,25.32,81.42,1.6,10.39,Rio_de_Janeiro,-22.9068,-43.1729
2024-11-30,0.52,25.09,84.92,1.7,19.85,Rio_de_Janeiro,-22.9068,-43.1729
2024-12-01,0.09,23.87,86.11,2.15,21.64,Rio_de_Janeiro,-22.9068,-43.1729
2024-12-02,0.62,26.95,74.96,1.87,20.5,Rio_de_Janeiro,-22.9068,-43.1729
2024-12-03,12.22,25.55,84.65,1.34,11.52,Rio_de_Janeiro,-22.9068,-43.1729
2024-12-04,15.51,22.79,90.48,3.33,9.27,Rio_de_Janeiro,-22.9068,-43.1729
2024-12-05,10.82,23.28,90.58,2.13,10.27,Rio_de_Janeiro,-22.9068,-43.1729
2024-12-06,0.39,26.59,77.34,1.51,29.46,Rio_de_Janeiro,-22.9068,-43.1729
2024-12-07,0.1,26.47,72.07,2.09,27.52,Rio_de_Janeiro,-22.9068,-43.1729
2024-12-08,51.57,25.01,87.7,2.33,21.67,Rio_de_Janeiro,-22.9068,-43.1729
2024-12-09,40.58,24.78,92.24,2.0,19.43,Rio_de_Janeiro,-22.9068,-43.1729
2024-12-10,6.61,25.51,88.36,2.84,12.4,Rio_de_Janeiro,-22.9068,-43.1729
2024-12-11,3.54,23.12,83.69,3.69,18.7,Rio_de_Janeiro,-22.9068,-43.1729
2024-12-12,2.33,22.98,78.05,3.52,17.75,Rio_de_Janeiro,-22.9068,-43.1729
2024-12-13,0.56,23.4,81.59,3.95,20.78,Rio_de_Janeiro,-22.9068,-43.1729
2024-12-14,3.19,24.39,88.85,2.31,12.27,Rio_de_Janeiro,-22.9068,-43.1729
2024-12-15,1.03,26.26,78.76,2.76,16.04,Rio_de_Janeiro,-22.9068,-43.1729
2024-12-16,5.2,25.93,80.53,2.38,16.48,Rio_de_Janeiro,-22.9068,-43.1729
2024-12-17,0.65,24.1,82.21,2.43,23.97,Rio_de_Janeiro,-22.9068,-43.1729
2024-12-18,2.05,23.43,82.45,2.22,19.98,Rio_de_Janeiro,-22.9068,-43.1729
2024-12-19,1.17,23.91,81.94,2.47,24.27,Rio_de_Janeiro,-22.9068,-43.1729
2024-12-20,1.94,26.69,77.68,2.25,18.86,Rio_de_Janeiro,-22.9068,-43.1729
2024-12-21,29.07,26.35,79.15,1.32,11.34,Rio_de_Janeiro,-22.9068,-43.1729
2024-12-22,2.91,24.78,90.1,1.21,12.96,Rio_de_Janeiro,-22.9068,-43.1729
2024-12-23,18.24,24.07,91.19,2.93,16.32,Rio_de_Janeiro,-22.9068,-43.1729
2024-12-24,4.28,23.57,89.16,3.16,15.81,Rio_de_Janeiro,-22.9068,-43.1729
2024-12-25,1.58,25.48,82.87,2.09,21.43,Rio_de_Janeiro,-22.9068,-43.1729
2024-12-26,16.85,25.29,85.69,2.11,9.26,Rio_de_Janeiro,-22.9068,-43.1729
2024-12-27,10.49,25.77,85.53,1.48,11.09,Rio_de_Janeiro,-22.9068,-43.1729
2024-12-28,65.81,24.63,92.92,2.26,20.15,Rio_de_Janeiro,-22.9068,-43.1729
2024-12-29,2.81,24.61,91.39,2.03,16.36,Rio_de_Janeiro,-22.9068,-43.1729
2024-12-30,4.53,24.56,89.36,2.81,20.61,Rio_de_Janeiro,-22.9068,-43.1729
2024-12-31,0.98,25.1,78.87,1.65,23.19,Rio_de_Janeiro,-22.9068,-43.1729
2024-01-01,1.59,20.94,77.19,1.19,21.77,Curitiba,-25.4284,-49.2733
2024-01-02,1.29,21.49,75.04,1.08,25.43,Curitiba,-25.4284,-49.2733
2024-01-03,4.32,21.5,80.24,1.06,23.97,Curitiba,-25.4284,-49.2733
2024-01-04,1.05,21.7,76.42,0.99,18.32,Curitiba,-25.4284,-49.2733
2024-01-05,4.26,21.06,78.58,1.01,23.36,Curitiba,-25.4284,-49.2733
2024-01-06,1.78,22.07,76.41,0.99,23.34,Curitiba,-25.4284,-49.2733
2024-01-07,0.47,24.67,68.79,0.63,26.66,Curitiba,-25.4284,-49.2733
2024-01-08,2.44,26.66,65.37,0.89,29.61,Curitiba,-25.4284,-49.2733
2024-01-09,8.4,25.99,70.31,0.73,25.03,Curitiba,-25.4284,-49.2733
2024-01-10,2.28,25.16,76.49,0.78,27.51,Curitiba,-25.4284,-49.2733
2024-01-11,6.14,25.15,77.76,0.88,22.45,Curitiba,-25.4284,-49.2733
2024-01-12,6.29,22.41,83.17,1.28,14.03,Curitiba,-25.4284,-49.2733
2024-01-13,0.87,20.55,79.16,1.19,12.41,Curitiba,-25.4284,-49.2733
2024-01-14,0.11,24.12,68.55,0.61,26.49,Curitiba,-25.4284,-49.2733
2024-01-15,2.48,25.42,72.93,0.98,20.15,Curitiba,-25.4284,-49.2733
2024-01-16,2.79,25.96,75.67,0.89,24.16,Curitiba,-25.4284,-49.2733
2024-01-17,8.81,25.2,76.84,0.98,13.72,Curitiba,-25.4284,-49.2733
2024-01-18,10.77,24.7,83.47,0.91,13.45,Curitiba,-25.4284,-49.2733
2024-01-19,12.9,24.46,86.43,1.43,20.54,Curitiba,-25.4284,-49.2733
2024-01-20,10.98,23.66,88.14,0.76,13.35,Curitiba,-25.4284,-49.2733
2024-01-21,4.39,21.48,82.31,1.21,23.29,Curitiba,-25.4284,-49.2733
2024-01-22,14.19,19.14,87.95,1.54,8.28,Curitiba,-25.4284,-49.2733
2024-01-23,21.4,17.59,89.22,1.78,12.3,Curitiba,-25.4284,-49.2733
2024-01-24,11.36,16.95,90.81,1.52,13.75,Curitiba,-25.4284,-49.2733
2024-01-25,6.9,15.48,89.65,1.48,12.34,Curitiba,-25.4284,-49.2733
2024-01-26,4.84,16.42,86.93,1.23,17.84,Curitiba,-25.4284,-49.2733
2024-01-27,2.79,18.45,84.85,1.03,18.02,Curitiba,-25.4284,-49.2733
2024-01-28,5.83,19.38,83.15,0.65,18.8,Curitiba,-25.4284,-49.2733
2024-01-29,3.88,21.12,75.92,0.96,23.67,Curitiba,-25.4284,-49.2733
2024-01-30,0.87,22.54,72.41,0.86,28.05,Curitiba,-25.4284,-49.2733
2024-01-31,5.6,22.98,78.21,0.68,24.33,Curitiba,-25.4284,-49.2733
2024-02-01,5.87,22.05,82.58,0.89,23.21,Curitiba,-25.4284,-49.2733
2024-02-02,1.76,21.27,81.39,1.12,23.98,Curitiba,-25.4284,-49.2733
2024-02-03,4.14,22.1,78.56,0.68,22.32,Curitiba,-25.4284,-49.2733
2024-02-04,3.04,23.73,75.95,0.67,18.91,Curitiba,-25.4284,-49.2733
2024-02-05,0.31,23.91,73.66,0.76,27.6,Curitiba,-25.4284,-49.2733
2024-02-06,0.05,23.97,72.28,0.84,26.63,Curitiba,-25.4284,-49.2733
2024-02-07,0.59,23.79,75.5,0.67,24.44,Curitiba,-25.4284,-49.2733
2024-02-08,0.72,24.64,73.64,0.87,23.92,Curitiba,-25.4284,-49.2733
2024-02-09,0.11,24.15,72.58,1.24,28.47,Curitiba,-25.4284,-49.2733
2024-02-10,0.1,24.25,71.63,1.36,24.46,Curitiba,-25.4284,-49.2733
2024-02-11,0.05,24.58,67.9,1.14,28.12,Curitiba,-25.4284,-49.2733
2024-02-12,0.04,26.5,65.77,0.97,23.2,Curitiba,-25.4284,-49.2733
2024-02-13,3.11,26.61,64.8,1.34,18.93,Curitiba,-25.4284,-49.2733
2024-02-14,20.79,21.62,89.6,0.92,6.92,Curitiba,-25.4284,-49.2733
2024-02-15,8.04,18.15,91.3,1.05,9.26,Curitiba,-25.4284,-49.2733
2024-02-16,1.6,19.71,86.41,0.97,9.75,Curitiba,-25.4284,-49.2733
2024-02-17,1.95,20.34,86.56,0.88,15.35,Curitiba,-25.4284,-49.2733
2024-02-18,8.68,20.67,86.74,0.74,13.65,Curitiba,-25.4284,-49.2733
2024-02-19,7.04,21.79,82.54,0.57,20.28,Curitiba,-25.4284,-49.2733
2024-02-20,12.66,19.61,93.11,1.11,12.12,Curitiba,-25.4284,-49.2733
2024-02-21,7.51,19.72,87.42,0.85,14.61,Curitiba,-25.4284,-49.2733
2024-02-22,2.9,21.35,84.39,0.64,15.6,Curitiba,-25.4284,-49.2733
2024-02-23,2.45,23.96,79.72,0.72,18.23,Curitiba,-25.4284,-49.2733
2024-02-24,7.62,24.6,81.39,0.76,21.07,Curitiba,-25.4284,-49.2733
2024-02-25,12.78,22.26,90.96,1.03,15.46,Curitiba,-25.4284,-49.2733
2024-02-26,6.74,22.16,87.88,1.12,11.97,Curitiba,-25.4284,-49.2733
2024-02-27,7.52,22.94,84.79,1.12,17.05,Curitiba,-25.4284,-49.2733
2024-02-28,6.82,23.91,86.15,0.81,22.05,Curitiba,-25.4284,-49.2733
2024-02-29,7.03,23.46,86.24,0.54,19.36,Curitiba,-25.4284,-49.2733
2024-03-01,8.11,22.45,85.42,0.92,17.0,Curitiba,-25.4284,-49.2733
2024-03-02,0.69,21.89,79.68,0.76,20.72,Curitiba,-25.4284,-49.2733
2024-03-03,0.16,23.31,76.61,0.73,22.73,Curitiba,-25.4284,-49.2733
2024-03-04,10.41,23.47,79.15,0.46,22.1,Curitiba,-25.4284,-49.2733
2024-03-05,10.26,22.34,84.45,0.54,9.85,Curitiba,-25.4284,-49.2733
2024-03-06,2.49,20.79,85.57,1.06,9.27,Curitiba,-25.4284,-49.2733
2024-03-07,2.3,21.26,84.41,0.94,10.59,Curitiba,-25.4284,-49.2733
2024-03-08,6.28,21.92,88.02,1.02,7.34,Curitiba,-25.4284,-49.2733
2024-03-09,4.61,23.37,86.77,0.84,14.75,Curitiba,-25.4284,-49.2733
2024-03-10,1.91,23.79,83.08,0.96,19.86,Curitiba,-25.4284,-49.2733
2024-03-11,0.48,21.93,79.3,0.93,22.59,Curitiba,-25.4284,-49.2733
2024-03-12,0.02,21.48,72.09,0.58,26.1,Curitiba,-25.4284,-49.2733
2024-03-13,0.0,22.78,69.86,0.57,26.18,Curitiba,-25.4284,-49.2733
2024-03-14,0.0,24.15,68.05,0.78,24.38,Curitiba,-25.4284,-49.2733
2024-03-15,0.0,25.96,64.08,0.72,22.02,Curitiba,-25.4284,-49.2733
2024-03-16,2.65,27.35,70.04,0.91,19.85,Curitiba,-25.4284,-49.2733
2024-03-17,3.31,25.38,80.65,0.57,10.68,Curitiba,-25.4284,-49.2733
2024-03-18,1.02,25.18,78.57,0.51,14.62,Curitiba,-25.4284,-49.2733
2024-03-19,12.11,23.84,83.29,0.64,15.24,Curitiba,-25.4284,-49.2733
2024-03-20,0.27,24.99,77.98,0.69,19.23,Curitiba,-25.4284,-49.2733
2024-03-21,4.67,25.04,80.19,1.54,15.18,Curitiba,-25.4284,-49.2733
2024-03-22,4.86,17.96,87.86,1.7,8.38,Curitiba,-25.4284,-49.2733
2024-03-23,2.81,16.67,87.32,1.68,9.75,Curitiba,-25.4284,-49.2733
2024-03-24,1.12,18.36,87.45,0.8,9.96,Curitiba,-25.4284,-49.2733
2024-03-25,0.36,21.49,78.42,0.55,13.21,Curitiba,-25.4284,-49.2733
2024-03-26,1.01,20.09,81.85,1.01,13.59,Curitiba,-25.4284,-49.2733
2024-03-27,0.03,19.4,78.76,0.88,20.9,Curitiba,-25.4284,-49.2733
2024-03-28,0.05,20.0,76.8,0.8,21.58,Curitiba,-25.4284,-49.2733
2024-03-29,0.61,20.6,76.94,0.74,19.72,Curitiba,-25.4284,-49.2733
2024-03-30,0.33,21.99,73.52,0.67,19.35,Curitiba,-25.4284,-49.2733
2024-03-31,0.07,22.82,71.85,0.57,19.56,Curitiba,-25.4284,-49.2733
2024-04-01,0.07,21.73,74.26,0.77,14.68,Curitiba,-25.4284,-49.2733
2024-04-02,1.12,22.59,74.79,0.76,20.33,Curitiba,-25.4284,-49.2733
2024-04-03,0.46,23.62,73.25,0.6,19.54,Curitiba,-25.4284,-49.2733
2024-04-04,0.92,24.69,71.38,0.68,18.41,Curitiba,-25.4284,-49.2733
2024-04-05,4.43,24.05,75.95,0.62,17.23,Curitiba,-25.4284,-49.2733
2024-04-06,2.34,18.82,81.52,1.51,9.1,Curitiba,-25.4284,-49.2733
2024-04-07,1.89,19.65,81.79,0.96,9.45,Curitiba,-25.4284,-49.2733
2024-04-08,13.47,21.43,83.96,0.68,4.71,Curitiba,-25.4284,-49.2733
2024-04-09,2.47,22.41,81.83,0.5,12.59,Curitiba,-25.4284,-49.2733
2024-04-10,0.08,22.33,78.75,0.52,13.69,Curitiba,-25.4284,-49.2733
2024-04-11,2.34,21.07,81.33,0.89,13.73,Curitiba,-25.4284,-49.2733
2024-04-12,3.82,20.48,84.69,1.24,11.68,Curitiba,-25.4284,-49.2733
2024-04-13,4.86,20.85,87.19,1.07,11.21,Curitiba,-25.4284,-49.2733
2024-04-14,45.06,20.06,95.9,0.94,2.38,Curitiba,-25.4284,-49.2733
2024-04-15,25.94,20.38,95.89,0.85,4.79,Curitiba,-25.4284,-49.2733
2024-04-16,14.54,20.62,95.67,0.81,8.18,Curitiba,-25.4284,-49.2733
2024-04-17,5.92,19.93,87.02,1.19,12.06,Curitiba,-25.4284,-49.2733
2024-04-18,0.22,14.73,73.5,0.74,20.31,Curitiba,-25.4284,-49.2733
2024-04-19,0.2,14.87,79.68,0.56,21.38,Curitiba,-25.4284,-49.2733
2024-04-20,0.16,16.06,80.46,0.72,19.9,Curitiba,-25.4284,-49.2733
2024-04-21,0.01,18.71,75.82,0.67,19.57,Curitiba,-25.4284,-49.2733
2024-04-22,0.03,19.81,73.23,0.79,18.61,Curitiba,-25.4284,-49.2733
2024-04-23,0.19,20.64,81.32,0.86,11.62,Curitiba,-25.4284,-49.2733
2024-04-24,2.05,21.43,84.33,0.89,11.73,Curitiba,-25.4284,-49.2733
2024-04-25,1.63,19.59,88.59,1.08,6.64,Curitiba,-25.4284,-49.2733
2024-04-26,0.18,20.93,81.59,0.73,12.04,Curitiba,-25.4284,-49.2733
2024-04-27,0.73,21.72,76.87,1.07,16.88,Curitiba,-25.4284,-49.2733
2024-04-28,8.1,21.92,83.39,0.95,10.96,Curitiba,-25.4284,-49.2733
2024-04-29,1.93,22.36,80.36,0.81,15.29,Curitiba,-25.4284,-49.2733
2024-04-30,0.03,22.65,69.8,0.78,16.87,Curitiba,-25.4284,-49.2733
2024-05-01,0.3,22.48,70.21,0.99,17.17,Curitiba,-25.4284,-49.2733
2024-05-02,1.43,22.17,73.9,1.4,14.64,Curitiba,-25.4284,-49.2733
2024-05-03,1.98,20.87,79.67,0.8,12.95,Curitiba,-25.4284,-49.2733
2024-05-04,0.61,22.19,77.14,0.89,15.59,Curitiba,-25.4284,-49.2733
2024-05-05,0.07,22.14,69.12,0.84,16.79,Curitiba,-25.4284,-49.2733
2024-05-06,0.01,21.23,67.73,1.07,17.71,Curitiba,-25.4284,-49.2733
2024-05-07,0.06,21.86,67.29,0.96,17.32,Curitiba,-25.4284,-49.2733
2024-05-08,0.02,22.42,65.94,1.35,15.16,Curitiba,-25.4284,-49.2733
2024-05-09,0.65,21.29,74.39,0.83,12.43,Curitiba,-25.4284,-49.2733
2024-05-10,0.35,21.0,77.97,0.89,12.93,Curitiba,-25.4284,-49.2733
2024-05-11,0.07,22.13,68.2,0.94,14.18,Curitiba,-25.4284,-49.2733
2024-05-12,0.02,21.67,63.5,1.39,16.0,Curitiba,-25.4284,-49.2733
2024-05-13,4.32,21.46,67.41,1.35,8.99,Curitiba,-25.4284,-49.2733
2024-05-14,8.24,15.09,92.54,0.98,3.92,Curitiba,-25.4284,-49.2733
2024-05-15,1.33,14.53,89.41,0.71,4.69,Curitiba,-25.4284,-49.2733
2024-05-16,0.21,18.25,80.91,0.8,10.34,Curitiba,-25.4284,-49.2733
2024-05-17,0.55,19.91,73.15,1.07,9.18,Curitiba,-25.4284,-49.2733
2024-05-18,12.64,18.43,92.57,0.74,3.47,Curitiba,-25.4284,-49.2733
2024-05-19,18.17,15.7,94.33,0.81,3.77,Curitiba,-25.4284,-49.2733
2024-05-20,0.07,16.65,83.58,0.68,15.33,Curitiba,-25.4284,-49.2733
2024-05-21,0.12,16.16,83.79,0.65,10.22,Curitiba,-25.4284,-49.2733
2024-05-22,0.18,18.19,82.15,0.88,13.39,Curitiba,-25.4284,-49.2733
2024-05-23,1.39,19.1,75.63,0.99,14.92,Curitiba,-25.4284,-49.2733
2024-05-24,18.72,16.95,90.01,1.21,4.16,Curitiba,-25.4284,-49.2733
2024-05-25,1.69,12.94,84.95,0.78,10.97,Curitiba,-25.4284,-49.2733
2024-05-26,5.73,10.27,94.1,1.09,3.43,Curitiba,-25.4284,-49.2733
2024-05-27,20.94,13.86,97.15,0.79,3.26,Curitiba,-25.4284,-49.2733
2024-05-28,0.35,10.58,78.76,1.73,15.86,Curitiba,-25.4284,-49.2733
2024-05-29,0.05,10.02,81.93,0.67,16.14,Curitiba,-25.4284,-49.2733
2024-05-30,0.35,10.9,83.63,0.37,14.61,Curitiba,-25.4284,-49.2733
2024-05-31,0.03,11.75,82.62,0.77,14.63,Curitiba,-25.4284,-49.2733
2024-06-01,0.07,13.83,84.33,0.85,14.48,Curitiba,-25.4284,-49.2733
2024-06-02,0.0,15.15,76.49,0.91,14.96,Curitiba,-25.4284,-49.2733
2024-06-03,0.26,16.52,75.96,0.95,13.01,Curitiba,-25.4284,-49.2733
2024-06-04,0.58,12.43,88.4,0.94,4.75,Curitiba,-25.4284,-49.2733
2024-06-05,0.03,15.56,79.49,0.53,11.67,Curitiba,-25.4284,-49.2733
2024-06-06,0.01,16.85,71.93,0.74,13.24,Curitiba,-25.4284,-49.2733
2024-06-07,0.03,17.66,70.33,0.73,14.61,Curitiba,-25.4284,-49.2733
2024-06-08,0.01,17.59,70.41,0.89,13.5,Curitiba,-25.4284,-49.2733
2024-06-09,0.07,17.12,77.66,0.99,14.09,Curitiba,-25.4284,-49.2733
2024-06-10,0.01,18.27,75.65,1.03,14.0,Curitiba,-25.4284,-49.2733
2024-06-11,0.01,18.26,74.93,0.56,13.54,Curitiba,-25.4284,-49.2733
2024-06-12,0.03,17.58,73.61,0.73,14.61,Curitiba,-25.4284,-49.2733
2024-06-13,0.02,16.65,66.54,1.06,14.41,Curitiba,-25.4284,-49.2733
2024-06-14,0.02,17.33,62.49,1.13,14.68,Curitiba,-25.4284,-49.2733
2024-06-15,0.01,18.9,68.14,1.04,14.41,Curitiba,-25.4284,-49.2733
2024-06-16,0.04,18.79,69.47,0.92,10.63,Curitiba,-25.4284,-49.2733
2024-06-17,0.29,18.99,68.95,1.03,8.79,Curitiba,-25.4284,-49.2733
2024-06-18,0.03,18.19,63.24,1.05,11.6,Curitiba,-25.4284,-49.2733
2024-06-19,0.12,17.91,63.25,0.95,13.97,Curitiba,-25.4284,-49.2733
2024-06-20,0.13,18.29,71.48,0.61,10.23,Curitiba,-25.4284,-49.2733
2024-06-21,0.03,17.04,75.62,0.79,13.68,Curitiba,-25.4284,-49.2733
2024-06-22,0.01,16.85,72.61,0.91,11.78,Curitiba,-25.4284,-49.2733
2024-06-23,0.01,19.09,68.73,1.19,13.4,Curitiba,-25.4284,-49.2733
2024-06-24,30.94,18.71,73.75,1.15,6.94,Curitiba,-25.4284,-49.2733
2024-06-25,53.55,11.7,95.36,1.25,2.87,Curitiba,-25.4284,-49.2733
2024-06-26,1.71,15.27,91.49,1.35,7.69,Curitiba,-25.4284,-49.2733
2024-06-27,0.15,13.81,81.48,0.87,14.98,Curitiba,-25.4284,-49.2733
2024-06-28,0.06,14.63,82.23,1.46,10.32,Curitiba,-25.4284,-49.2733
2024-06-29,2.06,13.57,83.15,0.82,10.47,Curitiba,-25.4284,-49.2733
2024-06-30,0.02,8.61,65.69,0.57,15.87,Curitiba,-25.4284,-49.2733
2024-07-01,0.3,10.8,73.55,0.62,14.28,Curitiba,-25.4284,-49.2733
2024-07-02,0.01,13.42,67.31,0.95,15.39,Curitiba,-25.4284,-49.2733
2024-07-03,0.04,15.07,73.4,1.15,14.31,Curitiba,-25.4284,-49.2733
2024-07-04,0.0,16.5,70.42,1.0,11.59,Curitiba,-25.4284,-49.2733
2024-07-05,0.51,16.86,70.85,0.91,14.11,Curitiba,-25.4284,-49.2733
2024-07-06,1.41,11.93,88.73,1.19,5.9,Curitiba,-25.4284,-49.2733
2024-07-07,9.92,14.58,84.6,0.86,5.94,Curitiba,-25.4284,-49.2733
2024-07-08,14.85,9.88,94.83,1.07,2.55,Curitiba,-25.4284,-49.2733
2024-07-09,19.09,8.2,95.33,0.88,2.64,Curitiba,-25.4284,-49.2733
2024-07-10,4.99,10.08,91.68,0.82,6.05,Curitiba,-25.4284,-49.2733
2024-07-11,6.45,12.9,93.4,0.59,7.13,Curitiba,-25.4284,-49.2733
2024-07-12,10.08,13.25,95.19,0.6,4.84,Curitiba,-25.4284,-49.2733
2024-07-13,11.26,10.82,96.11,0.81,3.4,Curitiba,-25.4284,-49.2733
2024-07-14,13.18,12.25,96.17,0.63,3.29,Curitiba,-25.4284,-49.2733
2024-07-15,11.43,11.89,96.14,1.1,3.95,Curitiba,-25.4284,-49.2733
2024-07-16,9.66,13.2,95.38,0.78,5.69,Curitiba,-25.4284,-49.2733
2024-07-17,0.55,14.78,88.91,0.7,14.51,Curitiba,-25.4284,-49.2733
2024-07-18,0.12,15.33,83.5,0.43,14.66,Curitiba,-25.4284,-49.2733
2024-07-19,0.03,14.51,79.93,0.6,12.43,Curitiba,-25.4284,-49.2733
2024-07-20,0.11,13.17,82.67,0.85,15.57,Curitiba,-25.4284,-49.2733
2024-07-21,0.03,13.68,70.66,0.55,16.13,Curitiba,-25.4284,-49.2733
2024-07-22,0.01,15.23,69.68,0.82,16.37,Curitiba,-25.4284,-49.2733
2024-07-23,0.0,15.1,72.15,0.73,15.65,Curitiba,-25.4284,-49.2733
2024-07-24,0.02,14.75,75.9,0.85,15.55,Curitiba,-25.4284,-49.2733
2024-07-25,0.01,15.76,72.57,0.93,15.72,Curitiba,-25.4284,-49.2733
2024-07-26,0.01,17.74,63.7,0.67,12.23,Curitiba,-25.4284,-49.2733
2024-07-27,0.01,17.77,65.03,0.75,13.21,Curitiba,-25.4284,-49.2733
2024-07-28,0.96,17.3,72.53,0.77,12.07,Curitiba,-25.4284,-49.2733
2024-07-29,4.9,14.44,90.72,0.78,2.5,Curitiba,-25.4284,-49.2733
2024-07-30,5.53,10.03,94.5,1.25,4.27,Curitiba,-25.4284,-49.2733
2024-07-31,1.04,12.76,91.49,0.9,8.34,Curitiba,-25.4284,-49.2733
2024-08-01,0.12,15.26,85.29,0.75,12.57,Curitiba,-25.4284,-49.2733
2024-08-02,0.2,15.96,81.77,0.95,16.58,Curitiba,-25.4284,-49.2733
2024-08-03,0.35,16.93,74.44,1.12,16.85,Curitiba,-25.4284,-49.2733
2024-08-04,0.01,17.91,70.51,0.88,15.96,Curitiba,-25.4284,-49.2733
2024-08-05,0.01,19.09,73.7,0.8,9.57,Curitiba,-25.4284,-49.2733
2024-08-06,0.03,18.79,74.14,0.88,16.26,Curitiba,-25.4284,-49.2733
2024-08-07,0.02,19.22,64.51,1.01,15.94,Curitiba,-25.4284,-49.2733
2024-08-08,1.86,16.5,80.32,0.79,3.3,Curitiba,-25.4284,-49.2733
2024-08-09,5.92,12.03,92.28,0.67,5.38,Curitiba,-25.4284,-49.2733
2024-08-10,0.12,8.42,69.6,0.67,19.62,Curitiba,-25.4284,-49.2733
2024-08-11,0.0,10.44,59.36,1.26,19.1,Curitiba,-25.4284,-49.2733
2024-08-12,0.13,7.91,62.96,1.31,20.03,Curitiba,-25.4284,-49.2733
2024-08-13,0.47,7.07,70.69,0.88,19.73,Curitiba,-25.4284,-49.2733
2024-08-14,0.54,10.84,71.21,0.51,18.8,Curitiba,-25.4284,-49.2733
2024-08-15,0.02,16.45,58.7,0.72,18.66,Curitiba,-25.4284,-49.2733
2024-08-16,0.01,19.88,53.57,0.95,16.46,Curitiba,-25.4284,-49.2733
2024-08-17,0.01,20.48,57.97,1.06,15.88,Curitiba,-25.4284,-49.2733
2024-08-18,0.0,20.63,56.3,0.85,15.65,Curitiba,-25.4284,-49.2733
2024-08-19,0.0,21.69,47.79,0.96,17.88,Curitiba,-25.4284,-49.2733
2024-08-20,0.34,19.93,66.61,1.14,15.79,Curitiba,-25.4284,-49.2733
2024-08-21,0.6,18.17,78.92,1.04,15.77,Curitiba,-25.4284,-49.2733
2024-08-22,0.12,19.96,59.81,1.25,18.71,Curitiba,-25.4284,-49.2733
2024-08-23,9.52,19.54,58.45,1.22,6.21,Curitiba,-25.4284,-49.2733
2024-08-24,18.84,12.52,90.31,0.83,1.87,Curitiba,-25.4284,-49.2733
2024-08-25,0.41,8.88,69.86,1.16,19.23,Curitiba,-25.4284,-49.2733
2024-08-26,0.01,7.81,65.69,0.65,22.36,Curitiba,-25.4284,-49.2733
2024-08-27,0.22,9.62,74.04,0.75,21.91,Curitiba,-25.4284,-49.2733
2024-08-28,0.75,11.11,81.09,0.92,18.27,Curitiba,-25.4284,-49.2733
2024-08-29,0.0,16.01,74.37,0.79,18.12,Curitiba,-25.4284,-49.2733
2024-08-30,0.0,18.55,70.21,0.78,20.54,Curitiba,-25.4284,-49.2733
2024-08-31,0.03,18.76,73.1,0.74,18.92,Curitiba,-25.4284,-49.2733
2024-09-01,0.0,20.16,61.9,1.25,13.21,Curitiba,-25.4284,-49.2733
2024-09-02,0.02,19.37,67.3,0.66,17.59,Curitiba,-25.4284,-49.2733
2024-09-03,0.02,20.81,59.31,0.92,17.76,Curitiba,-25.4284,-49.2733
2024-09-04,0.06,20.73,59.0,1.17,18.4,Curitiba,-25.4284,-49.2733
2024-09-05,3.84,16.0,76.21,0.87,4.09,Curitiba,-25.4284,-49.2733
2024-09-06,0.11,13.89,81.25,1.15,7.98,Curitiba,-25.4284,-49.2733
2024-09-07,0.02,20.26,67.54,0.77,12.15,Curitiba,-25.4284,-49.2733
2024-09-08,0.02,22.96,53.56,0.79,15.8,Curitiba,-25.4284,-49.2733
2024-09-09,0.05,23.0,60.79,0.86,13.64,Curitiba,-25.4284,-49.2733
2024-09-10,0.04,22.6,59.68,0.84,13.58,Curitiba,-25.4284,-49.2733
2024-09-11,0.0,22.3,47.74,1.11,19.68,Curitiba,-25.4284,-49.2733
2024-09-12,0.03,22.78,47.0,1.15,19.52,Curitiba,-25.4284,-49.2733
2024-09-13,0.17,22.1,52.67,1.18,17.55,Curitiba,-25.4284,-49.2733
2024-09-14,4.56,20.08,74.43,0.99,4.56,Curitiba,-25.4284,-49.2733
2024-09-15,47.92,13.13,91.95,1.44,2.13,Curitiba,-25.4284,-49.2733
2024-09-16,5.25,13.67,90.67,1.0,4.88,Curitiba,-25.4284,-49.2733
2024-09-17,0.82,13.56,86.99,1.37,10.51,Curitiba,-25.4284,-49.2733
2024-09-18,1.09,15.06,84.1,1.08,15.27,Curitiba,-25.4284,-49.2733
2024-09-19,4.17,16.24,90.67,0.9,5.44,Curitiba,-25.4284,-49.2733
2024-09-20,15.77,19.31,86.92,1.09,9.76,Curitiba,-25.4284,-49.2733
2024-09-21,0.38,18.98,84.55,0.66,8.06,Curitiba,-25.4284,-49.2733
2024-09-22,0.1,20.86,78.22,0.68,19.72,Curitiba,-25.4284,-49.2733
2024-09-23,0.2,22.01,78.01,0.59,19.15,Curitiba,-25.4284,-49.2733
2024-09-24,0.15,21.51,69.84,0.66,22.62,Curitiba,-25.4284,-49.2733
2024-09-25,0.06,23.09,64.14,0.82,23.08,Curitiba,-25.4284,-49.2733
2024-09-26,1.75,23.98,57.12,1.06,17.38,Curitiba,-25.4284,-49.2733
2024-09-27,2.09,19.88,74.93,1.03,17.79,Curitiba,-25.4284,-49.2733
2024-09-28,0.03,17.07,73.12,1.07,22.97,Curitiba,-25.4284,-49.2733
2024-09-29,0.01,17.95,69.09,1.0,25.77,Curitiba,-25.4284,-49.2733
2024-09-30,0.05,21.02,68.74,0.99,23.78,Curitiba,-25.4284,-49.2733
2024-10-01,0.02,24.94,57.84,1.19,21.93,Curitiba,-25.4284,-49.2733
2024-10-02,17.42,24.18,62.56,1.41,7.04,Curitiba,-25.4284,-49.2733
2024-10-03,5.78,14.3,85.86,1.46,6.75,Curitiba,-25.4284,-49.2733
2024-10-04,0.88,12.68,86.11,1.22,8.64,Curitiba,-25.4284,-49.2733
2024-10-05,0.31,16.29,75.96,0.77,23.91,Curitiba,-25.4284,-49.2733
2024-10-06,0.08,18.13,72.1,0.59,23.61,Curitiba,-25.4284,-49.2733
2024-10-07,0.14,18.26,74.35,1.2,18.77,Curitiba,-25.4284,-49.2733
2024-10-08,0.61,20.66,71.02,0.79,15.48,Curitiba,-25.4284,-49.2733
2024-10-09,7.97,16.39,90.97,1.28,2.75,Curitiba,-25.4284,-49.2733
2024-10-10,12.63,16.58,91.58,1.15,4.46,Curitiba,-25.4284,-49.2733
2024-10-11,15.67,19.47,89.23,1.13,4.54,Curitiba,-25.4284,-49.2733
2024-10-12,0.62,19.34,79.72,1.02,15.17,Curitiba,-25.4284,-49.2733
2024-10-13,0.21,17.17,80.93,1.39,20.24,Curitiba,-25.4284,-49.2733
2024-10-14,0.04,16.64,80.55,1.34,12.75,Curitiba,-25.4284,-49.2733
2024-10-15,2.6,19.3,77.61,1.14,15.76,Curitiba,-25.4284,-49.2733
2024-10-16,0.39,20.92,78.94,0.89,21.4,Curitiba,-25.4284,-49.2733
2024-10-17,0.03,21.26,72.29,0.81,22.25,Curitiba,-25.4284,-49.2733
2024-10-18,1.94,20.1,76.28,0.78,18.55,Curitiba,-25.4284,-49.2733
2024-10-19,9.8,15.36,90.23,1.18,5.23,Curitiba,-25.4284,-49.2733
2024-10-20,1.29,16.01,83.55,1.39,15.8,Curitiba,-25.4284,-49.2733
2024-10-21,0.95,19.47,83.81,1.43,16.03,Curitiba,-25.4284,-49.2733
2024-10-22,0.1,23.23,75.67,0.56,22.16,Curitiba,-25.4284,-49.2733
2024-10-23,11.38,22.24,86.84,0.54,5.41,Curitiba,-25.4284,-49.2733
2024-10-24,6.14,23.79,79.06,1.67,19.7,Curitiba,-25.4284,-49.2733
2024-10-25,12.43,23.23,80.19,1.44,24.21,Curitiba,-25.4284,-49.2733
2024-10-26,0.02,21.11,68.84,0.96,21.63,Curitiba,-25.4284,-49.2733
2024-10-27,0.16,17.1,78.89,1.53,14.22,Curitiba,-25.4284,-49.2733
2024-10-28,0.01,19.49,72.96,0.8,22.53,Curitiba,-25.4284,-49.2733
2024-10-29,0.91,21.09,72.78,0.68,17.04,Curitiba,-25.4284,-49.2733
2024-10-30,0.7,20.0,76.19,1.26,26.23,Curitiba,-25.4284,-49.2733
2024-10-31,0.4,19.27,76.35,1.53,23.51,Curitiba,-25.4284,-49.2733
2024-11-01,0.77,20.02,75.54,1.37,21.92,Curitiba,-25.4284,-49.2733
2024-11-02,9.92,18.93,91.85,1.01,10.6,Curitiba,-25.4284,-49.2733
2024-11-03,14.72,18.97,92.67,1.48,6.3,Curitiba,-25.4284,-49.2733
2024-11-04,2.37,20.02,86.11,1.46,9.83,Curitiba,-25.4284,-49.2733
2024-11-05,0.76,22.02,82.04,0.95,15.81,Curitiba,-25.4284,-49.2733
2024-11-06,8.07,21.9,83.5,1.15,11.81,Curitiba,-25.4284,-49.2733
2024-11-07,15.87,20.95,92.4,1.07,11.63,Curitiba,-25.4284,-49.2733
2024-11-08,3.6,20.85,83.81,0.83,18.54,Curitiba,-25.4284,-49.2733
2024-11-09,0.93,18.63,80.57,0.94,16.8,Curitiba,-25.4284,-49.2733
2024-11-10,0.12,19.28,75.04,0.78,20.42,Curitiba,-25.4284,-49.2733
2024-11-11,0.01,21.86,70.23,0.98,25.65,Curitiba,-25.4284,-49.2733
2024-11-12,4.62,20.82,79.86,0.93,13.64,Curitiba,-25.4284,-49.2733
2024-11-13,0.15,18.26,69.54,0.77,20.21,Curitiba,-25.4284,-49.2733
2024-11-14,0.03,17.32,75.06,1.33,19.06,Curitiba,-25.4284,-49.2733
2024-11-15,0.21,18.85,76.14,1.32,21.21,Curitiba,-25.4284,-49.2733
2024-11-16,0.21,20.82,78.69,1.24,19.34,Curitiba,-25.4284,-49.2733
2024-11-17,0.07,22.37,69.01,0.88,24.43,Curitiba,-25.4284,-49.2733
2024-11-18,0.17,24.1,67.11,0.69,26.67,Curitiba,-25.4284,-49.2733
2024-11-19,0.5,22.52,74.73,1.27,19.26,Curitiba,-25.4284,-49.2733
2024-11-20,1.62,23.01,71.5,1.06,17.59,Curitiba,-25.4284,-49.2733
2024-11-21,9.85,18.41,82.45,1.63,10.39,Curitiba,-25.4284,-49.2733
2024-11-22,2.31,19.07,81.74,1.47,10.82,Curitiba,-25.4284,-49.2733
2024-11-23,2.62,18.28,80.95,1.41,18.21,Curitiba,-25.4284,-49.2733
2024-11-24,0.27,18.08,75.98,1.45,24.83,Curitiba,-25.4284,-49.2733
2024-11-25,0.12,20.3,67.6,0.95,29.75,Curitiba,-25.4284,-49.2733
2024-11-26,0.03,23.15,68.69,0.91,24.09,Curitiba,-25.4284,-49.2733
2024-11-27,1.32,25.96,64.87,0.99,20.83,Curitiba,-25.4284,-49.2733
2024-11-28,13.44,23.45,81.67,1.09,7.97,Curitiba,-25.4284,-49.2733
2024-11-29,1.19,23.45,81.53,0.56,19.02,Curitiba,-25.4284,-49.2733
2024-11-30,1.39,24.43,74.76,0.83,21.87,Curitiba,-25.4284,-49.2733
2024-12-01,0.76,23.98,72.79,1.06,20.62,Curitiba,-25.4284,-49.2733
2024-12-02,7.58,24.5,76.84,1.06,10.15,Curitiba,-25.4284,-49.2733
2024-12-03,6.17,20.17,86.17,1.29,13.09,Curitiba,-25.4284,-49.2733
2024-12-04,1.95,17.71,85.4,1.54,8.05,Curitiba,-25.4284,-49.2733
2024-12-05,0.98,21.0,77.3,0.94,11.58,Curitiba,-25.4284,-49.2733
2024-12-06,11.96,23.56,79.31,1.35,17.12,Curitiba,-25.4284,-49.2733
2024-12-07,29.06,21.85,91.83,1.43,2.78,Curitiba,-25.4284,-49.2733
2024-12-08,44.57,17.32,94.06,1.16,7.1,Curitiba,-25.4284,-49.2733
2024-12-09,38.77,18.01,94.38,1.22,3.76,Curitiba,-25.4284,-49.2733
2024-12-10,15.61,19.79,87.29,1.09,13.06,Curitiba,-25.4284,-49.2733
2024-12-11,2.87,18.74,85.86,1.21,21.57,Curitiba,-25.4284,-49.2733
2024-12-12,1.01,18.82,80.62,1.02,25.7,Curitiba,-25.4284,-49.2733
2024-12-13,7.51,19.47,82.13,1.03,21.08,Curitiba,-25.4284,-49.2733
2024-12-14,9.83,20.41,90.62,1.13,10.09,Curitiba,-25.4284,-49.2733
2024-12-15,0.37,21.24,76.34,1.49,25.4,Curitiba,-25.4284,-49.2733
2024-12-16,0.24,20.09,72.17,1.53,29.97,Curitiba,-25.4284,-49.2733
2024-12-17,2.99,20.01,75.95,0.7,26.11,Curitiba,-25.4284,-49.2733
2024-12-18,1.02,20.05,75.92,0.98,24.01,Curitiba,-25.4284,-49.2733
2024-12-19,2.93,22.0,73.91,0.83,23.54,Curitiba,-25.4284,-49.2733
2024-12-20,3.81,22.69,83.4,1.34,10.73,Curitiba,-25.4284,-49.2733
2024-12-21,2.62,22.15,80.68,1.2,22.18,Curitiba,-25.4284,-49.2733
2024-12-22,4.24,21.96,75.59,0.99,15.87,Curitiba,-25.4284,-49.2733
2024-12-23,4.4,17.85,83.27,1.44,11.72,Curitiba,-25.4284,-49.2733
2024-12-24,0.84,20.54,77.79,1.04,20.83,Curitiba,-25.4284,-49.2733
2024-12-25,2.02,22.74,70.99,1.04,17.27,Curitiba,-25.4284,-49.2733
2024-12-26,5.26,22.48,77.19,0.71,14.13,Curitiba,-25.4284,-49.2733
2024-12-27,1.38,23.18,72.67,0.76,21.99,Curitiba,-25.4284,-49.2733
2024-12-28,4.53,23.36,74.43,0.75,24.38,Curitiba,-25.4284,-49.2733
2024-12-29,9.48,20.84,82.97,1.32,18.89,Curitiba,-25.4284,-49.2733
2024-12-30,0.73,21.44,75.91,0.95,22.72,Curitiba,-25.4284,-49.2733
2024-12-31,1.54,22.53,72.85,0.8,23.2,Curitiba,-25.4284,-49.2733
2024-01-01,2.2,22.79,82.09,4.44,15.2,Florianopolis,-27.5949,-48.5482
2024-01-02,7.45,23.05,84.66,4.71,13.46,Florianopolis,-27.5949,-48.5482
2024-01-03,6.01,22.36,86.0,5.15,13.41,Florianopolis,-27.5949,-48.5482
2024-01-04,4.29,22.64,84.72,4.41,25.01,Florianopolis,-27.5949,-48.5482
2024-01-05,3.77,22.72,84.27,3.96,19.02,Florianopolis,-27.5949,-48.5482
2024-01-06,1.12,23.72,82.35,3.62,22.45,Florianopolis,-27.5949,-48.5482
2024-01-07,0.31,25.07,82.09,4.73,25.8,Florianopolis,-27.5949,-48.5482
2024-01-08,0.41,27.95,78.91,3.05,27.65,Florianopolis,-27.5949,-48.5482
2024-01-09,7.32,27.23,79.08,2.38,28.27,Florianopolis,-27.5949,-48.5482
2024-01-10,0.65,27.08,80.66,2.6,28.71,Florianopolis,-27.5949,-48.5482
2024-01-11,8.3,27.16,81.94,3.35,19.57,Florianopolis,-27.5949,-48.5482
2024-01-12,3.15,23.31,78.58,7.07,13.05,Florianopolis,-27.5949,-48.5482
2024-01-13,0.51,22.34,78.59,3.07,8.61,Florianopolis,-27.5949,-48.5482
2024-01-14,2.97,25.44,76.77,4.13,29.68,Florianopolis,-27.5949,-48.5482
2024-01-15,5.46,28.04,77.05,3.11,24.77,Florianopolis,-27.5949,-48.5482
2024-01-16,4.35,27.73,81.77,2.28,27.32,Florianopolis,-27.5949,-48.5482
2024-01-17,20.05,26.88,84.09,2.57,14.92,Florianopolis,-27.5949,-48.5482
2024-01-18,24.98,23.89,88.95,3.06,6.31,Florianopolis,-27.5949,-48.5482
2024-01-19,0.59,27.93,80.68,2.88,26.06,Florianopolis,-27.5949,-48.5482
2024-01-20,5.15,26.35,82.57,4.02,18.75,Florianopolis,-27.5949,-48.5482
2024-01-21,6.12,23.78,80.29,5.87,17.77,Florianopolis,-27.5949,-48.5482
2024-01-22,5.0,22.38,79.49,4.24,8.41,Florianopolis,-27.5949,-48.5482
2024-01-23,3.13,21.95,75.06,4.95,16.92,Florianopolis,-27.5949,-48.5482
2024-01-24,14.17,21.41,75.4,5.06,6.82,Florianopolis,-27.5949,-48.5482
2024-01-25,3.19,21.2,72.74,4.49,17.7,Florianopolis,-27.5949,-48.5482
2024-01-26,4.81,21.71,76.61,4.29,13.89,Florianopolis,-27.5949,-48.5482
2024-01-27,2.35,22.31,80.66,3.15,18.03,Florianopolis,-27.5949,-48.5482
2024-01-28,3.02,23.21,80.76,1.86,21.15,Florianopolis,-27.5949,-48.5482
2024-01-29,2.59,24.65,77.69,2.18,26.36,Florianopolis,-27.5949,-48.5482
2024-01-30,0.54,25.49,75.84,2.46,27.54,Florianopolis,-27.5949,-48.5482
2024-01-31,0.18,25.08,77.4,2.18,25.34,Florianopolis,-27.5949,-48.5482
2024-02-01,1.74,24.84,77.53,2.46,24.66,Florianopolis,-27.5949,-48.5482
2024-02-02,0.38,24.32,73.91,2.41,25.32,Florianopolis,-27.5949,-48.5482
2024-02-03,0.1,24.68,77.19,3.44,28.25,Florianopolis,-27.5949,-48.5482
2024-02-04,1.82,27.89,72.8,2.04,21.61,Florianopolis,-27.5949,-48.5482
2024-02-05,0.76,28.52,69.91,1.86,24.7,Florianopolis,-27.5949,-48.5482
2024-02-06,3.03,26.58,79.87,2.66,24.18,Florianopolis,-27.5949,-48.5482
2024-02-07,6.02,25.54,85.87,3.07,24.18,Florianopolis,-27.5949,-48.5482
2024-02-08,1.19,27.29,80.94,3.35,25.62,Florianopolis,-27.5949,-48.5482
2024-02-09,0.31,26.47,82.04,3.97,23.55,Florianopolis,-27.5949,-48.5482
2024-02-10,0.09,26.75,79.72,4.38,24.75,Florianopolis,-27.5949,-48.5482
2024-02-11,0.02,27.24,76.19,4.33,26.1,Florianopolis,-27.5949,-48.5482
2024-02-12,0.19,29.06,74.62,3.34,27.53,Florianopolis,-27.5949,-48.5482
2024-02-13,8.4,28.84,72.73,4.81,14.19,Florianopolis,-27.5949,-48.5482
2024-02-14,18.29,22.17,79.82,5.96,6.35,Florianopolis,-27.5949,-48.5482
2024-02-15,1.65,22.61,72.52,3.03,13.45,Florianopolis,-27.5949,-48.5482
2024-02-16,1.42,23.38,72.83,2.46,16.2,Florianopolis,-27.5949,-48.5482
2024-02-17,10.64,25.26,77.09,1.73,16.76,Florianopolis,-27.5949,-48.5482
2024-02-18,7.11,25.1,84.04,3.11,22.65,Florianopolis,-27.5949,-48.5482
2024-02-19,3.94,25.36,76.8,2.06,24.59,Florianopolis,-27.5949,-48.5482
2024-02-20,1.88,24.38,77.14,3.14,21.26,Florianopolis,-27.5949,-48.5482
2024-02-21,0.69,24.31,77.26,2.89,16.23,Florianopolis,-27.5949,-48.5482
2024-02-22,2.24,25.22,79.32,2.37,18.68,Florianopolis,-27.5949,-48.5482
2024-02-23,1.69,27.77,76.14,2.8,23.23,Florianopolis,-27.5949,-48.5482
2024-02-24,3.9,27.92,76.6,2.48,21.65,Florianopolis,-27.5949,-48.5482
2024-02-25,1.76,25.77,81.9,3.95,9.86,Florianopolis,-27.5949,-48.5482
2024-02-26,4.98,24.08,87.86,3.8,11.51,Florianopolis,-27.5949,-48.5482
2024-02-27,9.06,26.83,82.26,3.69,12.59,Florianopolis,-27.5949,-48.5482
2024-02-28,6.48,26.77,81.67,2.4,21.12,Florianopolis,-27.5949,-48.5482
2024-02-29,7.86,24.95,86.89,2.71,15.05,Florianopolis,-27.5949,-48.5482
2024-03-01,2.09,25.84,78.63,2.38,21.2,Florianopolis,-27.5949,-48.5482
2024-03-02,0.41,25.34,80.68,3.76,24.31,Florianopolis,-27.5949,-48.5482
2024-03-03,3.64,26.88,76.31,3.3,23.07,Florianopolis,-27.5949,-48.5482
2024-03-04,10.72,24.86,83.14,4.77,13.6,Florianopolis,-27.5949,-48.5482
2024-03-05,3.29,22.17,80.84,4.41,5.72,Florianopolis,-27.5949,-48.5482
2024-03-06,0.75,22.35,72.17,2.37,12.32,Florianopolis,-27.5949,-48.5482
2024-03-07,1.32,23.86,79.67,3.92,11.8,Florianopolis,-27.5949,-48.5482
2024-03-08,19.56,24.23,86.75,6.09,4.69,Florianopolis,-27.5949,-48.5482
2024-03-09,12.28,26.8,82.92,3.71,13.36,Florianopolis,-27.5949,-48.5482
2024-03-10,0.3,26.62,78.84,4.34,22.82,Florianopolis,-27.5949,-48.5482
2024-03-11,0.05,23.75,74.58,2.89,25.53,Florianopolis,-27.5949,-48.5482
2024-03-12,0.05,23.84,72.65,2.68,25.2,Florianopolis,-27.5949,-48.5482
2024-03-13,0.0,24.57,76.66,3.89,25.17,Florianopolis,-27.5949,-48.5482
2024-03-14,0.02,25.69,79.49,3.68,24.13,Florianopolis,-27.5949,-48.5482
2024-03-15,0.42,27.46,77.71,2.26,20.43,Florianopolis,-27.5949,-48.5482
2024-03-16,5.04,26.54,86.94,2.15,15.47,Florianopolis,-27.5949,-48.5482
2024-03-17,0.65,26.67,83.54,3.18,14.31,Florianopolis,-27.5949,-48.5482
2024-03-18,0.39,25.94,80.72,2.22,15.68,Florianopolis,-27.5949,-48.5482
2024-03-19,5.67,27.41,80.31,2.96,12.99,Florianopolis,-27.5949,-48.5482
2024-03-20,4.05,26.93,84.55,3.92,17.78,Florianopolis,-27.5949,-48.5482
2024-03-21,2.08,27.79,76.5,6.46,15.44,Florianopolis,-27.5949,-48.5482
2024-03-22,0.84,21.93,69.32,6.71,15.89,Florianopolis,-27.5949,-48.5482
2024-03-23,0.84,22.09,68.65,3.42,15.02,Florianopolis,-27.5949,-48.5482
2024-03-24,1.21,23.21,73.08,2.97,14.04,Florianopolis,-27.5949,-48.5482
2024-03-25,0.23,24.08,75.79,2.97,21.39,Florianopolis,-27.5949,-48.5482
2024-03-26,0.1,22.59,74.69,3.41,16.85,Florianopolis,-27.5949,-48.5482
2024-03-27,0.04,23.03,72.34,2.86,20.6,Florianopolis,-27.5949,-48.5482
2024-03-28,0.2,23.64,76.37,4.11,21.79,Florianopolis,-27.5949,-48.5482
2024-03-29,5.2,23.89,80.76,3.05,19.46,Florianopolis,-27.5949,-48.5482
2024-03-30,0.26,25.35,72.47,2.14,21.07,Florianopolis,-27.5949,-48.5482
2024-03-31,0.01,26.21,70.59,2.01,20.88,Florianopolis,-27.5949,-48.5482
2024-04-01,0.08,24.43,80.13,3.55,11.26,Florianopolis,-27.5949,-48.5482
2024-04-02,1.02,24.79,75.88,3.93,17.39,Florianopolis,-27.5949,-48.5482
2024-04-03,0.23,24.93,75.29,2.84,15.85,Florianopolis,-27.5949,-48.5482
2024-04-04,0.79,26.83,75.93,3.41,16.77,Florianopolis,-27.5949,-48.5482
2024-04-05,10.77,25.48,78.51,3.3,9.98,Florianopolis,-27.5949,-48.5482
2024-04-06,0.69,21.89,69.64,3.78,13.09,Florianopolis,-27.5949,-48.5482
2024-04-07,0.55,22.78,77.52,4.38,6.15,Florianopolis,-27.5949,-48.5482
2024-04-08,1.82,25.12,79.99,3.82,9.31,Florianopolis,-27.5949,-48.5482
2024-04-09,0.23,25.75,77.45,2.66,19.01,Florianopolis,-27.5949,-48.5482
2024-04-10,2.26,25.99,73.62,1.72,18.37,Florianopolis,-27.5949,-48.5482
2024-04-11,5.53,23.06,87.69,4.72,7.36,Florianopolis,-27.5949,-48.5482
2024-04-12,14.01,23.21,85.21,5.32,5.51,Florianopolis,-27.5949,-48.5482
2024-04-13,18.37,23.45,87.07,5.49,6.69,Florianopolis,-27.5949,-48.5482
2024-04-14,18.53,23.14,91.46,5.22,6.4,Florianopolis,-27.5949,-48.5482
2024-04-15,18.43,23.58,90.66,6.25,5.3,Florianopolis,-27.5949,-48.5482
2024-04-16,24.52,23.78,92.28,6.59,5.31,Florianopolis,-27.5949,-48.5482
2024-04-17,1.03,24.04,76.74,2.72,12.73,Florianopolis,-27.5949,-48.5482
2024-04-18,0.0,19.97,68.18,2.16,20.0,Florianopolis,-27.5949,-48.5482
2024-04-19,0.1,20.17,71.14,1.79,19.3,Florianopolis,-27.5949,-48.5482
2024-04-20,0.05,19.97,80.89,3.51,18.75,Florianopolis,-27.5949,-48.5482
2024-04-21,0.07,21.23,82.36,3.19,19.17,Florianopolis,-27.5949,-48.5482
2024-04-22,0.06,22.28,82.5,2.27,16.92,Florianopolis,-27.5949,-48.5482
2024-04-23,0.21,24.92,83.49,2.46,13.72,Florianopolis,-27.5949,-48.5482
2024-04-24,2.1,24.04,81.36,2.95,15.18,Florianopolis,-27.5949,-48.5482
2024-04-25,3.77,19.65,82.65,2.53,3.48,Florianopolis,-27.5949,-48.5482
2024-04-26,4.69,21.99,89.74,5.0,7.56,Florianopolis,-27.5949,-48.5482
2024-04-27,0.26,25.25,81.43,4.29,16.16,Florianopolis,-27.5949,-48.5482
2024-04-28,14.01,21.14,85.14,4.41,3.56,Florianopolis,-27.5949,-48.5482
2024-04-29,3.61,22.72,89.47,3.91,8.16,Florianopolis,-27.5949,-48.5482
2024-04-30,2.65,24.69,86.08,3.24,11.85,Florianopolis,-27.5949,-48.5482
2024-05-01,7.86,25.59,83.22,2.74,11.81,Florianopolis,-27.5949,-48.5482
2024-05-02,2.27,25.71,83.77,3.36,4.76,Florianopolis,-27.5949,-48.5482
2024-05-03,19.63,21.56,89.33,3.63,6.26,Florianopolis,-27.5949,-48.5482
2024-05-04,4.25,23.98,88.69,2.99,8.82,Florianopolis,-27.5949,-48.5482
2024-05-05,0.13,24.68,87.21,2.33,15.55,Florianopolis,-27.5949,-48.5482
2024-05-06,0.11,24.19,85.25,3.12,15.38,Florianopolis,-27.5949,-48.5482
2024-05-07,0.01,24.67,80.04,3.32,15.99,Florianopolis,-27.5949,-48.5482
2024-05-08,0.13,25.54,80.19,3.77,14.38,Florianopolis,-27.5949,-48.5482
2024-05-09,3.39,21.13,82.12,4.45,5.17,Florianopolis,-27.5949,-48.5482
2024-05-10,2.01,20.29,87.92,2.95,4.82,Florianopolis,-27.5949,-48.5482
2024-05-11,1.36,23.09,89.5,1.53,10.76,Florianopolis,-27.5949,-48.5482
2024-05-12,0.64,24.63,81.14,2.53,8.97,Florianopolis,-27.5949,-48.5482
2024-05-13,10.5,21.7,81.39,4.14,3.74,Florianopolis,-27.5949,-48.5482
2024-05-14,1.93,16.56,76.85,4.83,6.2,Florianopolis,-27.5949,-48.5482
2024-05-15,0.03,15.94,69.02,1.66,14.14,Florianopolis,-27.5949,-48.5482
2024-05-16,1.99,18.14,88.11,3.15,4.06,Florianopolis,-27.5949,-48.5482
2024-05-17,9.91,18.92,87.61,2.93,3.14,Florianopolis,-27.5949,-48.5482
2024-05-18,56.56,15.0,86.94,4.52,1.58,Florianopolis,-27.5949,-48.5482
2024-05-19,8.56,17.6,90.94,2.28,3.21,Florianopolis,-27.5949,-48.5482
2024-05-20,0.04,17.21,77.37,2.47,15.37,Florianopolis,-27.5949,-48.5482
2024-05-21,0.12,16.65,83.87,2.97,14.06,Florianopolis,-27.5949,-48.5482
2024-05-22,0.19,19.33,91.71,3.95,11.08,Florianopolis,-27.5949,-48.5482
2024-05-23,1.27,21.59,88.9,3.45,10.9,Florianopolis,-27.5949,-48.5482
2024-05-24,15.26,20.47,88.75,2.2,4.74,Florianopolis,-27.5949,-48.5482
2024-05-25,0.01,14.03,75.99,4.07,13.7,Florianopolis,-27.5949,-48.5482
2024-05-26,0.44,13.31,82.88,4.1,5.63,Florianopolis,-27.5949,-48.5482
2024-05-27,18.02,16.94,94.96,3.73,3.01,Florianopolis,-27.5949,-48.5482
2024-05-28,0.04,14.21,73.52,4.44,15.04,Florianopolis,-27.5949,-48.5482
2024-05-29,0.04,14.77,76.78,4.19,14.73,Florianopolis,-27.5949,-48.5482
2024-05-30,0.0,15.0,74.69,2.17,14.67,Florianopolis,-27.5949,-48.5482
2024-05-31,0.04,14.75,84.65,2.24,14.5,Florianopolis,-27.5949,-48.5482
2024-06-01,0.0,15.88,91.6,4.09,8.7,Florianopolis,-27.5949,-48.5482
2024-06-02,0.07,18.19,86.48,3.32,14.13,Florianopolis,-27.5949,-48.5482
2024-06-03,3.5,16.87,82.65,5.16,9.0,Florianopolis,-27.5949,-48.5482
2024-06-04,0.42,14.63,80.4,2.44,4.44,Florianopolis,-27.5949,-48.5482
2024-06-05,0.38,16.83,88.71,3.47,11.23,Florianopolis,-27.5949,-48.5482
2024-06-06,0.04,20.0,86.83,2.35,11.62,Florianopolis,-27.5949,-48.5482
2024-06-07,0.02,21.79,75.58,2.18,13.0,Florianopolis,-27.5949,-48.5482
2024-06-08,0.06,20.81,79.07,2.12,9.58,Florianopolis,-27.5949,-48.5482
2024-06-09,0.05,19.65,86.4,3.07,12.02,Florianopolis,-27.5949,-48.5482
2024-06-10,0.06,22.26,80.35,2.51,12.65,Florianopolis,-27.5949,-48.5482
2024-06-11,0.02,21.48,82.84,1.5,11.27,Florianopolis,-27.5949,-48.5482
2024-06-12,0.03,20.53,88.55,2.68,12.33,Florianopolis,-27.5949,-48.5482
2024-06-13,0.06,19.35,85.37,3.18,11.87,Florianopolis,-27.5949,-48.5482
2024-06-14,0.01,19.82,77.11,3.16,12.23,Florianopolis,-27.5949,-48.5482
2024-06-15,0.1,22.0,76.92,3.4,11.81,Florianopolis,-27.5949,-48.5482
2024-06-16,7.43,20.79,87.53,1.51,5.09,Florianopolis,-27.5949,-48.5482
2024-06-17,10.89,21.8,85.07,2.15,7.19,Florianopolis,-27.5949,-48.5482
2024-06-18,0.76,21.06,86.1,2.53,6.9,Florianopolis,-27.5949,-48.5482
2024-06-19,2.59,21.06,74.95,2.15,10.19,Florianopolis,-27.5949,-48.5482
2024-06-20,2.13,20.71,82.45,2.63,4.51,Florianopolis,-27.5949,-48.5482
2024-06-21,0.13,19.56,88.71,1.32,7.96,Florianopolis,-27.5949,-48.5482
2024-06-22,0.01,19.72,86.75,3.23,12.52,Florianopolis,-27.5949,-48.5482
2024-06-23,7.75,21.78,80.39,2.94,10.78,Florianopolis,-27.5949,-48.5482
2024-06-24,31.3,17.54,86.37,6.03,1.14,Florianopolis,-27.5949,-48.5482
2024-06-25,15.64,14.15,82.16,3.95,4.45,Florianopolis,-27.5949,-48.5482
2024-06-26,9.01,16.64,85.32,3.21,8.48,Florianopolis,-27.5949,-48.5482
2024-06-27,0.09,14.15,75.99,1.86,14.14,Florianopolis,-27.5949,-48.5482
2024-06-28,0.09,17.04,80.39,2.98,8.95,Florianopolis,-27.5949,-48.5482
2024-06-29,0.0,13.86,72.61,1.99,12.15,Florianopolis,-27.5949,-48.5482
2024-06-30,0.0,10.59,58.03,1.41,14.6,Florianopolis,-27.5949,-48.5482
2024-07-01,0.04,12.32,67.19,1.97,14.61,Florianopolis,-27.5949,-48.5482
2024-07-02,0.06,13.92,79.66,2.84,14.05,Florianopolis,-27.5949,-48.5482
2024-07-03,0.07,17.75,84.02,3.05,12.21,Florianopolis,-27.5949,-48.5482
2024-07-04,0.1,16.68,85.14,1.48,7.53,Florianopolis,-27.5949,-48.5482
2024-07-05,2.21,17.08,87.8,4.38,5.37,Florianopolis,-27.5949,-48.5482
2024-07-06,9.58,11.6,82.27,4.51,2.36,Florianopolis,-27.5949,-48.5482
2024-07-07,36.78,13.08,90.99,4.01,1.07,Florianopolis,-27.5949,-48.5482
2024-07-08,3.07,12.4,87.07,5.28,6.83,Florianopolis,-27.5949,-48.5482
2024-07-09,9.71,10.61,86.04,6.5,4.18,Florianopolis,-27.5949,-48.5482
2024-07-10,3.25,13.46,82.7,2.93,6.97,Florianopolis,-27.5949,-48.5482
2024-07-11,15.67,12.09,91.02,1.63,1.61,Florianopolis,-27.5949,-48.5482
2024-07-12,15.49,13.45,83.28,3.56,5.93,Florianopolis,-27.5949,-48.5482
2024-07-13,11.55,14.39,89.85,4.97,3.82,Florianopolis,-27.5949,-48.5482
2024-07-14,14.45,15.57,93.22,4.27,3.17,Florianopolis,-27.5949,-48.5482
2024-07-15,4.82,15.36,90.35,4.65,5.9,Florianopolis,-27.5949,-48.5482
2024-07-16,3.48,16.0,92.67,2.44,7.0,Florianopolis,-27.5949,-48.5482
2024-07-17,0.46,17.85,88.95,2.06,12.26,Florianopolis,-27.5949,-48.5482
2024-07-18,0.03,15.62,81.52,1.7,12.4,Florianopolis,-27.5949,-48.5482
2024-07-19,0.08,16.17,85.8,1.83,14.65,Florianopolis,-27.5949,-48.5482
2024-07-20,0.08,16.17,83.93,1.61,11.65,Florianopolis,-27.5949,-48.5482
2024-07-21,0.05,14.81,87.08,3.34,14.71,Florianopolis,-27.5949,-48.5482
2024-07-22,0.03,18.52,76.08,1.83,14.5,Florianopolis,-27.5949,-48.5482
2024-07-23,0.0,18.98,76.75,2.03,13.79,Florianopolis,-27.5949,-48.5482
2024-07-24,0.11,17.8,81.65,2.7,11.07,Florianopolis,-27.5949,-48.5482
2024-07-25,0.15,18.19,84.69,2.95,12.64,Florianopolis,-27.5949,-48.5482
2024-07-26,0.03,19.29,79.35,1.18,10.81,Florianopolis,-27.5949,-48.5482
2024-07-27,0.05,20.88,80.04,1.99,11.65,Florianopolis,-27.5949,-48.5482
2024-07-28,0.01,20.22,79.19,1.56,10.07,Florianopolis,-27.5949,-48.5482
2024-07-29,7.23,16.07,86.96,5.19,4.03,Florianopolis,-27.5949,-48.5482
2024-07-30,0.44,14.25,78.93,2.83,9.14,Florianopolis,-27.5949,-48.5482
2024-07-31,2.24,15.19,89.92,3.68,9.39,Florianopolis,-27.5949,-48.5482
2024-08-01,1.02,16.67,92.49,4.31,9.4,Florianopolis,-27.5949,-48.5482
2024-08-02,0.4,17.06,93.04,4.29,10.41,Florianopolis,-27.5949,-48.5482
2024-08-03,0.02,18.06,92.42,3.57,11.29,Florianopolis,-27.5949,-48.5482
2024-08-04,0.31,19.52,84.16,3.22,11.76,Florianopolis,-27.5949,-48.5482
2024-08-05,0.55,20.78,85.45,2.09,8.38,Florianopolis,-27.5949,-48.5482
2024-08-06,0.01,20.07,89.75,2.46,7.8,Florianopolis,-27.5949,-48.5482
2024-08-07,0.57,21.68,79.24,2.05,12.88,Florianopolis,-27.5949,-48.5482
2024-08-08,5.01,17.84,90.71,2.37,3.74,Florianopolis,-27.5949,-48.5482
2024-08-09,0.04,14.86,76.24,2.33,10.76,Florianopolis,-27.5949,-48.5482
2024-08-10,0.02,12.63,73.54,2.27,17.26,Florianopolis,-27.5949,-48.5482
2024-08-11,0.02,13.75,72.1,2.44,18.02,Florianopolis,-27.5949,-48.5482
2024-08-12,0.01,12.16,66.01,2.61,18.48,Florianopolis,-27.5949,-48.5482
2024-08-13,0.0,10.06,73.34,2.21,18.22,Florianopolis,-27.5949,-48.5482
2024-08-14,0.01,11.48,79.52,3.47,17.93,Florianopolis,-27.5949,-48.5482
2024-08-15,0.0,14.05,87.32,3.25,16.37,Florianopolis,-27.5949,-48.5482
2024-08-16,0.02,21.3,72.02,2.1,12.06,Florianopolis,-27.5949,-48.5482
2024-08-17,0.06,21.83,79.89,1.75,11.0,Florianopolis,-27.5949,-48.5482
2024-08-18,0.04,20.27,85.81,1.97,8.67,Florianopolis,-27.5949,-48.5482
2024-08-19,0.01,23.65,76.21,3.18,13.07,Florianopolis,-27.5949,-48.5482
2024-08-20,0.86,19.34,88.81,2.99,7.46,Florianopolis,-27.5949,-48.5482
2024-08-21,0.73,18.69,91.58,4.07,6.37,Florianopolis,-27.5949,-48.5482
2024-08-22,0.06,19.93,88.41,4.33,14.01,Florianopolis,-27.5949,-48.5482
2024-08-23,12.65,15.35,87.78,6.19,4.34,Florianopolis,-27.5949,-48.5482
2024-08-24,5.14,11.6,83.52,5.25,2.87,Florianopolis,-27.5949,-48.5482
2024-08-25,0.05,11.83,64.96,1.71,18.63,Florianopolis,-27.5949,-48.5482
2024-08-26,0.0,11.88,69.83,2.29,20.29,Florianopolis,-27.5949,-48.5482
2024-08-27,0.05,13.49,74.01,1.91,19.82,Florianopolis,-27.5949,-48.5482
2024-08-28,0.0,13.58,81.59,2.38,11.15,Florianopolis,-27.5949,-48.5482
2024-08-29,0.0,16.35,85.97,3.71,15.31,Florianopolis,-27.5949,-48.5482
2024-08-30,0.01,20.01,80.53,1.97,15.08,Florianopolis,-27.5949,-48.5482
2024-08-31,0.0,18.45,88.79,2.93,8.66,Florianopolis,-27.5949,-48.5482
2024-09-01,0.0,19.61,84.91,2.44,10.51,Florianopolis,-27.5949,-48.5482
2024-09-02,0.0,16.27,78.87,1.96,19.19,Florianopolis,-27.5949,-48.5482
2024-09-03,0.11,18.13,84.77,3.07,13.76,Florianopolis,-27.5949,-48.5482
2024-09-04,1.04,19.0,81.13,2.29,12.46,Florianopolis,-27.5949,-48.5482
2024-09-05,10.93,14.43,79.27,6.2,2.63,Florianopolis,-27.5949,-48.5482
2024-09-06,0.18,14.0,82.09,2.8,10.64,Florianopolis,-27.5949,-48.5482
2024-09-07,0.02,17.92,89.93,3.47,8.09,Florianopolis,-27.5949,-48.5482
2024-09-08,0.01,22.56,81.93,2.72,14.02,Florianopolis,-27.5949,-48.5482
2024-09-09,0.01,21.85,85.49,2.25,6.73,Florianopolis,-27.5949,-48.5482
2024-09-10,0.01,21.76,88.17,3.48,11.3,Florianopolis,-27.5949,-48.5482
2024-09-11,0.0,24.57,74.24,3.03,15.55,Florianopolis,-27.5949,-48.5482
2024-09-12,1.82,22.97,72.85,2.62,13.36,Florianopolis,-27.5949,-48.5482
2024-09-13,2.47,19.84,87.19,2.66,5.19,Florianopolis,-27.5949,-48.5482
2024-09-14,17.12,20.12,84.76,3.88,5.93,Florianopolis,-27.5949,-48.5482
2024-09-15,12.75,15.49,84.72,4.26,2.75,Florianopolis,-27.5949,-48.5482
2024-09-16,1.97,16.46,84.8,2.98,12.36,Florianopolis,-27.5949,-48.5482
2024-09-17,0.22,17.25,82.47,2.12,22.12,Florianopolis,-27.5949,-48.5482
2024-09-18,0.59,17.24,82.5,3.76,13.76,Florianopolis,-27.5949,-48.5482
2024-09-19,8.89,18.36,91.02,5.2,6.63,Florianopolis,-27.5949,-48.5482
2024-09-20,16.6,20.39,90.76,3.87,1.87,Florianopolis,-27.5949,-48.5482
2024-09-21,0.04,20.89,77.17,1.76,13.11,Florianopolis,-27.5949,-48.5482
2024-09-22,0.15,20.87,85.3,3.55,21.62,Florianopolis,-27.5949,-48.5482
2024-09-23,1.06,21.37,89.72,3.12,10.41,Florianopolis,-27.5949,-48.5482
2024-09-24,0.16,21.01,89.02,3.34,13.24,Florianopolis,-27.5949,-48.5482
2024-09-25,0.08,21.74,88.46,3.86,15.23,Florianopolis,-27.5949,-48.5482
2024-09-26,1.66,21.95,87.48,2.18,9.09,Florianopolis,-27.5949,-48.5482
2024-09-27,0.69,20.03,77.29,5.71,19.18,Florianopolis,-27.5949,-48.5482
2024-09-28,0.0,18.6,77.79,2.34,24.52,Florianopolis,-27.5949,-48.5482
2024-09-29,0.01,18.72,83.36,4.4,24.73,Florianopolis,-27.5949,-48.5482
2024-09-30,0.03,20.72,86.81,6.15,18.93,Florianopolis,-27.5949,-48.5482
2024-10-01,9.33,24.65,79.76,3.84,15.83,Florianopolis,-27.5949,-48.5482
2024-10-02,26.16,21.22,82.88,4.51,1.32,Florianopolis,-27.5949,-48.5482
2024-10-03,0.3,17.13,72.36,5.43,9.86,Florianopolis,-27.5949,-48.5482
2024-10-04,0.22,16.59,76.64,2.53,12.87,Florianopolis,-27.5949,-48.5482
2024-10-05,0.16,18.26,77.24,2.73,24.3,Florianopolis,-27.5949,-48.5482
2024-10-06,0.11,19.67,82.01,2.98,22.97,Florianopolis,-27.5949,-48.5482
2024-10-07,1.31,19.17,84.1,3.18,17.16,Florianopolis,-27.5949,-48.5482
2024-10-08,3.72,20.46,84.1,3.11,6.35,Florianopolis,-27.5949,-48.5482
2024-10-09,20.23,18.61,91.53,4.04,2.37,Florianopolis,-27.5949,-48.5482
2024-10-10,12.59,18.25,90.04,4.91,6.76,Florianopolis,-27.5949,-48.5482
2024-10-11,14.42,20.61,93.53,5.58,4.71,Florianopolis,-27.5949,-48.5482
2024-10-12,0.14,21.44,76.37,4.52,22.06,Florianopolis,-27.5949,-48.5482
2024-10-13,0.14,19.13,79.14,2.21,23.42,Florianopolis,-27.5949,-48.5482
2024-10-14,0.09,19.36,82.17,3.74,15.58,Florianopolis,-27.5949,-48.5482
2024-10-15,1.42,19.91,86.49,5.17,4.97,Florianopolis,-27.5949,-48.5482
2024-10-16,0.02,21.17,83.75,3.42,22.86,Florianopolis,-27.5949,-48.5482
2024-10-17,0.0,21.2,79.62,2.68,22.02,Florianopolis,-27.5949,-48.5482
2024-10-18,0.37,20.77,84.15,2.37,15.93,Florianopolis,-27.5949,-48.5482
2024-10-19,0.57,19.74,82.12,1.99,12.37,Florianopolis,-27.5949,-48.5482
2024-10-20,1.36,20.24,82.51,2.29,20.24,Florianopolis,-27.5949,-48.5482
2024-10-21,2.45,21.81,86.95,4.12,15.74,Florianopolis,-27.5949,-48.5482
2024-10-22,0.05,25.14,79.39,2.56,24.18,Florianopolis,-27.5949,-48.5482
2024-10-23,0.37,24.62,77.07,1.95,20.45,Florianopolis,-27.5949,-48.5482
2024-10-24,9.54,25.93,81.0,4.9,18.62,Florianopolis,-27.5949,-48.5482
2024-10-25,0.02,24.28,66.88,2.84,28.53,Florianopolis,-27.5949,-48.5482
2024-10-26,0.0,21.89,70.51,4.1,27.72,Florianopolis,-27.5949,-48.5482
2024-10-27,0.0,18.27,72.46,2.68,16.37,Florianopolis,-27.5949,-48.5482
2024-10-28,0.0,20.44,77.81,4.42,21.83,Florianopolis,-27.5949,-48.5482
2024-10-29,0.09,21.8,84.19,4.27,19.65,Florianopolis,-27.5949,-48.5482
2024-10-30,2.0,21.87,84.19,3.96,16.08,Florianopolis,-27.5949,-48.5482
2024-10-31,1.27,21.59,78.91,3.83,24.22,Florianopolis,-27.5949,-48.5482
2024-11-01,1.47,22.11,80.4,4.54,20.89,Florianopolis,-27.5949,-48.5482
2024-11-02,3.08,22.1,90.21,4.18,10.96,Florianopolis,-27.5949,-48.5482
2024-11-03,7.63,22.25,87.26,3.43,8.05,Florianopolis,-27.5949,-48.5482
2024-11-04,7.07,22.63,86.1,4.17,8.44,Florianopolis,-27.5949,-48.5482
2024-11-05,5.18,23.5,88.63,3.95,14.65,Florianopolis,-27.5949,-48.5482
2024-11-06,4.23,23.81,86.45,3.41,12.93,Florianopolis,-27.5949,-48.5482
2024-11-07,20.76,22.69,92.06,3.34,9.59,Florianopolis,-27.5949,-48.5482
2024-11-08,0.95,22.39,77.37,7.22,22.63,Florianopolis,-27.5949,-48.5482
2024-11-09,0.04,19.99,74.36,4.58,18.61,Florianopolis,-27.5949,-48.5482
2024-11-10,0.04,20.25,74.11,3.09,27.22,Florianopolis,-27.5949,-48.5482
2024-11-11,0.03,23.4,76.37,4.82,28.32,Florianopolis,-27.5949,-48.5482
2024-11-12,1.48,21.44,67.95,4.59,9.68,Florianopolis,-27.5949,-48.5482
2024-11-13,0.1,19.11,66.1,2.68,26.5,Florianopolis,-27.5949,-48.5482
2024-11-14,0.0,20.24,63.08,2.36,28.35,Florianopolis,-27.5949,-48.5482
2024-11-15,1.34,20.95,76.45,3.32,20.38,Florianopolis,-27.5949,-48.5482
2024-11-16,3.37,23.08,83.69,4.38,18.4,Florianopolis,-27.5949,-48.5482
2024-11-17,0.49,23.67,81.67,4.08,25.6,Florianopolis,-27.5949,-48.5482
2024-11-18,10.1,25.04,77.0,3.22,23.78,Florianopolis,-27.5949,-48.5482
2024-11-19,13.42,22.8,81.07,5.47,15.47,Florianopolis,-27.5949,-48.5482
2024-11-20,14.29,20.53,86.8,6.11,5.6,Florianopolis,-27.5949,-48.5482
2024-11-21,10.88,19.74,82.72,5.13,7.75,Florianopolis,-27.5949,-48.5482
2024-11-22,17.28,20.57,82.59,4.8,7.51,Florianopolis,-27.5949,-48.5482
2024-11-23,12.56,20.32,80.45,4.46,12.33,Florianopolis,-27.5949,-48.5482
2024-11-24,1.52,21.23,75.68,3.84,24.23,Florianopolis,-27.5949,-48.5482
2024-11-25,0.07,21.66,79.54,5.08,25.06,Florianopolis,-27.5949,-48.5482
2024-11-26,0.42,24.52,78.6,4.35,22.29,Florianopolis,-27.5949,-48.5482
2024-11-27,10.81,25.01,82.99,3.26,22.51,Florianopolis,-27.5949,-48.5482
2024-11-28,1.72,25.41,81.27,3.7,9.62,Florianopolis,-27.5949,-48.5482
2024-11-29,0.49,22.76,85.46,3.0,15.16,Florianopolis,-27.5949,-48.5482
2024-11-30,0.97,23.77,82.72,2.99,13.92,Florianopolis,-27.5949,-48.5482
2024-12-01,0.9,22.97,82.89,4.95,18.98,Florianopolis,-27.5949,-48.5482
2024-12-02,3.93,24.16,76.54,4.22,15.71,Florianopolis,-27.5949,-48.5482
2024-12-03,1.17,21.26,77.3,3.92,12.68,Florianopolis,-27.5949,-48.5482
2024-12-04,0.24,20.12,73.99,3.45,8.61,Florianopolis,-27.5949,-48.5482
2024-12-05,0.2,22.17,80.15,4.42,22.42,Florianopolis,-27.5949,-48.5482
2024-12-06,7.19,25.31,83.16,5.16,20.47,Florianopolis,-27.5949,-48.5482
2024-12-07,11.99,20.66,83.0,4.9,5.3,Florianopolis,-27.5949,-48.5482
2024-12-08,10.76,19.73,79.32,4.9,8.41,Florianopolis,-27.5949,-48.5482
2024-12-09,12.15,19.59,86.37,4.03,11.13,Florianopolis,-27.5949,-48.5482
2024-12-10,2.71,21.2,84.49,4.22,18.23,Florianopolis,-27.5949,-48.5482
2024-12-11,0.84,21.09,79.04,3.47,20.29,Florianopolis,-27.5949,-48.5482
2024-12-12,0.34,21.45,80.33,3.61,28.95,Florianopolis,-27.5949,-48.5482
2024-12-13,2.31,22.26,80.94,5.39,25.41,Florianopolis,-27.5949,-48.5482
2024-12-14,17.56,23.5,85.38,5.25,16.86,Florianopolis,-27.5949,-48.5482
2024-12-15,0.26,25.46,68.64,4.05,30.2,Florianopolis,-27.5949,-48.5482
2024-12-16,3.2,23.35,70.66,4.73,26.36,Florianopolis,-27.5949,-48.5482
2024-12-17,0.05,21.85,72.66,4.37,29.83,Florianopolis,-27.5949,-48.5482
2024-12-18,0.2,22.05,78.85,3.29,25.48,Florianopolis,-27.5949,-48.5482
2024-12-19,3.1,23.02,80.29,5.41,25.15,Florianopolis,-27.5949,-48.5482
2024-12-20,4.35,25.82,76.38,4.69,24.76,Florianopolis,-27.5949,-48.5482
2024-12-21,0.86,24.52,77.57,3.32,27.59,Florianopolis,-27.5949,-48.5482
2024-12-22,3.62,22.63,78.22,5.1,10.02,Florianopolis,-27.5949,-48.5482
2024-12-23,1.3,19.99,73.53,4.16,11.32,Florianopolis,-27.5949,-48.5482
2024-12-24,1.32,22.12,78.49,4.14,15.73,Florianopolis,-27.5949,-48.5482
2024-12-25,7.88,23.8,77.93,5.39,14.94,Florianopolis,-27.5949,-48.5482
2024-12-26,0.26,22.57,74.7,2.82,12.36,Florianopolis,-27.5949,-48.5482
2024-12-27,0.15,24.57,68.67,2.36,29.4,Florianopolis,-27.5949,-48.5482
2024-12-28,0.28,24.74,71.85,2.66,24.29,Florianopolis,-27.5949,-48.5482
2024-12-29,0.22,23.0,74.2,3.35,24.74,Florianopolis,-27.5949,-48.5482
2024-12-30,1.58,22.05,80.66,2.96,18.06,Florianopolis,-27.5949,-48.5482
2024-12-31,0.9,23.47,82.01,3.98,22.91,Florianopolis,-27.5949,-48.5482
2024-01-01,0.1,22.78,81.76,2.29,26.7,Porto_Alegre,-30.0346,-51.2177
2024-01-02,7.89,23.74,87.59,2.51,16.05,Porto_Alegre,-30.0346,-51.2177
2024-01-03,8.54,22.75,85.5,3.89,19.51,Porto_Alegre,-30.0346,-51.2177
2024-01-04,0.59,22.47,84.84,3.94,19.43,Porto_Alegre,-30.0346,-51.2177
2024-01-05,0.69,23.24,84.84,3.53,25.93,Porto_Alegre,-30.0346,-51.2177
2024-01-06,0.02,24.8,82.81,2.19,30.03,Porto_Alegre,-30.0346,-51.2177
2024-01-07,1.98,26.96,83.01,1.39,24.41,Porto_Alegre,-30.0346,-51.2177
2024-01-08,0.22,26.61,86.96,2.21,16.85,Porto_Alegre,-30.0346,-51.2177
2024-01-09,0.86,25.78,86.5,1.72,18.47,Porto_Alegre,-30.0346,-51.2177
2024-01-10,1.99,27.07,82.43,1.22,17.79,Porto_Alegre,-30.0346,-51.2177
2024-01-11,13.57,24.68,88.94,2.94,9.9,Porto_Alegre,-30.0346,-51.2177
2024-01-12,0.66,22.73,82.23,2.91,26.59,Porto_Alegre,-30.0346,-51.2177
2024-01-13,0.0,22.14,81.3,2.9,31.06,Porto_Alegre,-30.0346,-51.2177
2024-01-14,10.3,26.64,82.62,1.88,23.52,Porto_Alegre,-30.0346,-51.2177
2024-01-15,5.85,26.22,85.03,2.07,28.73,Porto_Alegre,-30.0346,-51.2177
2024-01-16,2.11,26.42,84.41,2.57,18.04,Porto_Alegre,-30.0346,-51.2177
2024-01-17,17.99,22.85,89.75,5.1,10.34,Porto_Alegre,-30.0346,-51.2177
2024-01-18,1.85,25.51,88.48,3.98,15.12,Porto_Alegre,-30.0346,-51.2177
2024-01-19,3.95,26.96,85.29,1.91,22.32,Porto_Alegre,-30.0346,-51.2177
2024-01-20,8.91,25.01,87.31,3.41,19.26,Porto_Alegre,-30.0346,-51.2177
2024-01-21,2.49,22.83,82.68,3.58,26.23,Porto_Alegre,-30.0346,-51.2177
2024-01-22,0.11,21.41,78.16,3.93,26.1,Porto_Alegre,-30.0346,-51.2177
2024-01-23,0.21,21.31,76.37,3.72,25.7,Porto_Alegre,-30.0346,-51.2177
2024-01-24,4.58,21.15,80.81,3.82,21.47,Porto_Alegre,-30.0346,-51.2177
2024-01-25,0.15,21.04,77.83,3.25,29.83,Porto_Alegre,-30.0346,-51.2177
2024-01-26,0.48,21.07,83.44,3.02,22.72,Porto_Alegre,-30.0346,-51.2177
2024-01-27,0.5,21.12,85.52,2.5,19.89,Porto_Alegre,-30.0346,-51.2177
2024-01-28,3.99,22.02,86.68,2.24,22.13,Porto_Alegre,-30.0346,-51.2177
2024-01-29,2.91,22.88,83.89,1.38,21.38,Porto_Alegre,-30.0346,-51.2177
2024-01-30,0.15,23.25,78.46,1.78,28.83,Porto_Alegre,-30.0346,-51.2177
2024-01-31,0.01,23.56,80.99,1.53,29.61,Porto_Alegre,-30.0346,-51.2177
2024-02-01,0.03,23.33,82.48,2.46,30.08,Porto_Alegre,-30.0346,-51.2177
2024-02-02,0.01,23.11,81.71,3.16,30.47,Porto_Alegre,-30.0346,-51.2177
2024-02-03,0.07,25.34,79.65,1.77,29.19,Porto_Alegre,-30.0346,-51.2177
2024-02-04,1.9,27.32,79.68,1.93,18.28,Porto_Alegre,-30.0346,-51.2177
2024-02-05,0.39,26.21,85.38,2.55,20.1,Porto_Alegre,-30.0346,-51.2177
2024-02-06,0.02,25.33,84.07,2.75,21.55,Porto_Alegre,-30.0346,-51.2177
2024-02-07,0.01,25.81,83.23,2.15,24.51,Porto_Alegre,-30.0346,-51.2177
2024-02-08,0.08,26.55,82.24,1.97,26.29,Porto_Alegre,-30.0346,-51.2177
2024-02-09,0.16,27.34,83.76,2.3,26.98,Porto_Alegre,-30.0346,-51.2177
2024-02-10,0.01,28.33,80.89,1.5,23.98,Porto_Alegre,-30.0346,-51.2177
2024-02-11,0.09,28.78,77.96,1.5,15.23,Porto_Alegre,-30.0346,-51.2177
2024-02-12,1.72,29.27,78.74,1.36,14.81,Porto_Alegre,-30.0346,-51.2177
2024-02-13,27.89,24.3,85.15,3.53,5.05,Porto_Alegre,-30.0346,-51.2177
2024-02-14,0.3,22.07,74.79,3.22,20.48,Porto_Alegre,-30.0346,-51.2177
2024-02-15,0.2,22.4,77.26,3.24,19.17,Porto_Alegre,-30.0346,-51.2177
2024-02-16,14.99,22.32,84.84,3.67,7.08,Porto_Alegre,-30.0346,-51.2177
2024-02-17,6.97,24.41,86.3,2.63,18.04,Porto_Alegre,-30.0346,-51.2177
2024-02-18,1.06,25.39,86.67,3.2,24.57,Porto_Alegre,-30.0346,-51.2177
2024-02-19,1.1,23.87,87.85,2.63,19.12,Porto_Alegre,-30.0346,-51.2177
2024-02-20,0.01,22.88,80.71,2.29,22.78,Porto_Alegre,-30.0346,-51.2177
2024-02-21,0.01,23.14,81.8,2.14,26.57,Porto_Alegre,-30.0346,-51.2177
2024-02-22,0.12,24.75,82.84,1.82,24.93,Porto_Alegre,-30.0346,-51.2177
2024-02-23,0.06,26.55,80.5,1.36,24.92,Porto_Alegre,-30.0346,-51.2177
2024-02-24,0.0,26.4,81.02,2.33,23.46,Porto_Alegre,-30.0346,-51.2177
2024-02-25,0.12,25.18,82.43,3.64,17.69,Porto_Alegre,-30.0346,-51.2177
2024-02-26,5.8,23.75,90.14,3.87,7.25,Porto_Alegre,-30.0346,-51.2177
2024-02-27,3.5,25.96,86.57,2.71,15.15,Porto_Alegre,-30.0346,-51.2177
2024-02-28,0.92,25.29,84.17,1.72,17.09,Porto_Alegre,-30.0346,-51.2177
2024-02-29,0.07,25.8,83.44,1.73,19.55,Porto_Alegre,-30.0346,-51.2177
2024-03-01,0.09,25.63,83.01,2.38,21.18,Porto_Alegre,-30.0346,-51.2177
2024-03-02,0.04,26.36,81.5,1.69,24.14,Porto_Alegre,-30.0346,-51.2177
2024-03-03,3.13,25.47,82.06,2.82,13.17,Porto_Alegre,-30.0346,-51.2177
2024-03-04,1.48,21.93,76.17,2.96,8.21,Porto_Alegre,-30.0346,-51.2177
2024-03-05,0.03,21.29,68.8,2.07,26.13,Porto_Alegre,-30.0346,-51.2177
2024-03-06,0.01,20.3,73.45,1.81,24.15,Porto_Alegre,-30.0346,-51.2177
2024-03-07,0.07,23.02,81.41,2.26,21.5,Porto_Alegre,-30.0346,-51.2177
2024-03-08,21.67,25.23,86.44,2.12,5.11,Porto_Alegre,-30.0346,-51.2177
2024-03-09,2.19,26.81,82.66,1.15,12.64,Porto_Alegre,-30.0346,-51.2177
2024-03-10,0.17,25.11,80.95,2.28,19.56,Porto_Alegre,-30.0346,-51.2177
2024-03-11,0.02,22.36,79.94,2.35,24.62,Porto_Alegre,-30.0346,-51.2177
2024-03-12,0.02,24.05,81.04,1.77,22.74,Porto_Alegre,-30.0346,-51.2177
2024-03-13,0.0,26.65,76.79,1.68,20.19,Porto_Alegre,-30.0346,-51.2177
2024-03-14,0.01,26.85,75.27,1.36,22.98,Porto_Alegre,-30.0346,-51.2177
2024-03-15,2.26,25.99,80.92,1.63,8.13,Porto_Alegre,-30.0346,-51.2177
2024-03-16,3.62,26.38,86.8,0.89,6.48,Porto_Alegre,-30.0346,-51.2177
2024-03-17,0.23,25.66,81.98,1.74,12.41,Porto_Alegre,-30.0346,-51.2177
2024-03-18,0.02,26.16,82.45,1.76,20.35,Porto_Alegre,-30.0346,-51.2177
2024-03-19,0.17,27.05,83.87,1.74,13.82,Porto_Alegre,-30.0346,-51.2177
2024-03-20,7.37,28.46,81.38,1.94,20.73,Porto_Alegre,-30.0346,-51.2177
2024-03-21,5.1,24.56,79.95,4.43,6.77,Porto_Alegre,-30.0346,-51.2177
2024-03-22,0.03,20.04,68.35,2.67,20.68,Porto_Alegre,-30.0346,-51.2177
2024-03-23,0.02,21.2,70.03,3.28,18.43,Porto_Alegre,-30.0346,-51.2177
2024-03-24,0.01,22.5,76.12,1.52,21.65,Porto_Alegre,-30.0346,-51.2177
2024-03-25,0.03,22.42,76.63,2.09,20.11,Porto_Alegre,-30.0346,-51.2177
2024-03-26,0.02,21.6,75.0,1.9,20.71,Porto_Alegre,-30.0346,-51.2177
2024-03-27,0.07,22.47,79.81,2.07,17.9,Porto_Alegre,-30.0346,-51.2177
2024-03-28,0.07,24.16,79.96,1.53,16.92,Porto_Alegre,-30.0346,-51.2177
2024-03-29,9.41,24.67,83.44,1.49,18.66,Porto_Alegre,-30.0346,-51.2177
2024-03-30,0.56,24.49,78.2,1.63,20.83,Porto_Alegre,-30.0346,-51.2177
2024-03-31,0.07,24.86,74.92,1.63,18.94,Porto_Alegre,-30.0346,-51.2177
2024-04-01,0.84,25.76,79.74,1.68,13.96,Porto_Alegre,-30.0346,-51.2177
2024-04-02,0.72,22.02,80.19,2.77,7.39,Porto_Alegre,-30.0346,-51.2177
2024-04-03,0.06,23.2,80.55,1.53,19.01,Porto_Alegre,-30.0346,-51.2177
2024-04-04,0.29,25.05,83.75,1.67,5.71,Porto_Alegre,-30.0346,-51.2177
2024-04-05,1.4,22.52,78.59,2.86,12.85,Porto_Alegre,-30.0346,-51.2177
2024-04-06,0.55,20.44,73.7,3.33,18.16,Porto_Alegre,-30.0346,-51.2177
2024-04-07,6.44,20.31,89.13,2.32,6.23,Porto_Alegre,-30.0346,-51.2177
2024-04-08,0.13,23.65,82.39,0.96,12.38,Porto_Alegre,-30.0346,-51.2177
2024-04-09,0.09,24.99,79.87,1.32,14.19,Porto_Alegre,-30.0346,-51.2177
2024-04-10,0.54,23.23,82.56,2.64,8.32,Porto_Alegre,-30.0346,-51.2177
2024-04-11,2.52,20.71,83.4,3.84,4.45,Porto_Alegre,-30.0346,-51.2177
2024-04-12,3.33,20.33,87.55,4.41,4.07,Porto_Alegre,-30.0346,-51.2177
2024-04-13,10.47,22.16,90.2,3.66,2.48,Porto_Alegre,-30.0346,-51.2177
2024-04-14,2.67,23.19,90.34,3.05,7.21,Porto_Alegre,-30.0346,-51.2177
2024-04-15,5.65,24.13,91.02,2.82,10.76,Porto_Alegre,-30.0346,-51.2177
2024-04-16,28.89,23.36,92.68,2.32,2.1,Porto_Alegre,-30.0346,-51.2177
2024-04-17,0.85,18.67,79.33,4.03,17.24,Porto_Alegre,-30.0346,-51.2177
2024-04-18,0.0,18.2,77.57,3.03,18.44,Porto_Alegre,-30.0346,-51.2177
2024-04-19,0.02,19.14,79.96,1.63,17.83,Porto_Alegre,-30.0346,-51.2177
2024-04-20,0.03,18.91,78.66,1.58,18.46,Porto_Alegre,-30.0346,-51.2177
2024-04-21,0.04,19.76,79.37,1.69,17.61,Porto_Alegre,-30.0346,-51.2177
2024-04-22,0.02,20.2,83.61,1.27,5.86,Porto_Alegre,-30.0346,-51.2177
2024-04-23,0.72,23.27,83.28,1.28,13.83,Porto_Alegre,-30.0346,-51.2177
2024-04-24,5.9,20.22,79.81,2.29,14.29,Porto_Alegre,-30.0346,-51.2177
2024-04-25,0.09,18.89,81.56,2.33,17.23,Porto_Alegre,-30.0346,-51.2177
2024-04-26,5.06,22.21,93.51,1.62,5.03,Porto_Alegre,-30.0346,-51.2177
2024-04-27,26.31,23.7,86.31,3.31,1.46,Porto_Alegre,-30.0346,-51.2177
2024-04-28,3.37,19.05,81.33,2.28,14.01,Porto_Alegre,-30.0346,-51.2177
2024-04-29,70.89,21.86,92.61,2.47,1.82,Porto_Alegre,-30.0346,-51.2177
2024-04-30,85.45,24.1,92.2,2.21,0.86,Porto_Alegre,-30.0346,-51.2177
2024-05-01,74.81,22.68,94.43,2.37,1.16,Porto_Alegre,-30.0346,-51.2177
2024-05-02,27.83,21.02,94.72,2.52,2.43,Porto_Alegre,-30.0346,-51.2177
2024-05-03,4.92,18.27,90.17,3.69,4.5,Porto_Alegre,-30.0346,-51.2177
2024-05-04,14.49,21.68,91.44,1.6,6.94,Porto_Alegre,-30.0346,-51.2177
2024-05-05,16.54,22.26,93.24,1.42,10.48,Porto_Alegre,-30.0346,-51.2177
2024-05-06,0.02,24.32,86.59,2.51,13.65,Porto_Alegre,-30.0346,-51.2177
2024-05-07,0.02,24.35,82.5,2.85,12.9,Porto_Alegre,-30.0346,-51.2177
2024-05-08,4.88,23.84,85.09,3.44,5.2,Porto_Alegre,-30.0346,-51.2177
2024-05-09,0.23,15.58,81.22,2.15,15.39,Porto_Alegre,-30.0346,-51.2177
2024-05-10,26.42,16.24,90.52,2.14,2.31,Porto_Alegre,-30.0346,-51.2177
2024-05-11,37.09,19.81,92.21,1.55,3.18,Porto_Alegre,-30.0346,-51.2177
2024-05-12,54.12,19.75,95.33,2.35,3.61,Porto_Alegre,-30.0346,-51.2177
2024-05-13,5.01,16.91,90.05,3.81,6.4,Porto_Alegre,-30.0346,-51.2177
2024-05-14,0.03,11.51,82.51,2.56,14.78,Porto_Alegre,-30.0346,-51.2177
2024-05-15,0.0,10.45,76.21,1.85,15.48,Porto_Alegre,-30.0346,-51.2177
2024-05-16,11.35,11.15,83.94,0.86,2.77,Porto_Alegre,-30.0346,-51.2177
2024-05-17,1.6,13.08,78.42,1.5,13.38,Porto_Alegre,-30.0346,-51.2177
2024-05-18,0.22,12.94,85.14,1.82,10.19,Porto_Alegre,-30.0346,-51.2177
2024-05-19,1.61,14.27,91.49,1.76,4.85,Porto_Alegre,-30.0346,-51.2177
2024-05-20,0.32,13.99,88.55,2.06,9.84,Porto_Alegre,-30.0346,-51.2177
2024-05-21,0.09,15.72,89.3,1.33,12.97,Porto_Alegre,-30.0346,-51.2177
2024-05-22,3.57,21.09,89.84,1.88,7.87,Porto_Alegre,-30.0346,-51.2177
2024-05-23,70.55,21.05,93.32,1.94,0.71,Porto_Alegre,-30.0346,-51.2177
2024-05-24,34.14,14.6,90.42,3.43,4.03,Porto_Alegre,-30.0346,-51.2177
2024-05-25,0.81,9.87,89.48,2.4,7.21,Porto_Alegre,-30.0346,-51.2177
2024-05-26,0.23,11.98,85.18,2.5,10.59,Porto_Alegre,-30.0346,-51.2177
2024-05-27,21.03,14.07,94.95,2.73,2.27,Porto_Alegre,-30.0346,-51.2177
2024-05-28,1.23,11.29,91.13,3.91,6.59,Porto_Alegre,-30.0346,-51.2177
2024-05-29,0.57,13.88,87.86,1.97,11.68,Porto_Alegre,-30.0346,-51.2177
2024-05-30,0.06,12.41,84.55,1.1,11.59,Porto_Alegre,-30.0346,-51.2177
2024-05-31,0.16,12.4,90.26,1.45,9.79,Porto_Alegre,-30.0346,-51.2177
2024-06-01,0.07,14.13,89.03,1.76,9.35,Porto_Alegre,-30.0346,-51.2177
2024-06-02,0.03,17.51,87.11,2.26,12.73,Porto_Alegre,-30.0346,-51.2177
2024-06-03,12.25,12.3,89.2,2.55,7.57,Porto_Alegre,-30.0346,-51.2177
2024-06-04,0.08,12.35,86.72,2.06,9.25,Porto_Alegre,-30.0346,-51.2177
2024-06-05,0.45,15.67,93.27,1.11,7.39,Porto_Alegre,-30.0346,-51.2177
2024-06-06,0.2,19.63,92.15,1.55,10.85,Porto_Alegre,-30.0346,-51.2177
2024-06-07,0.06,19.88,91.02,1.4,11.43,Porto_Alegre,-30.0346,-51.2177
2024-06-08,0.06,19.47,89.21,1.23,9.13,Porto_Alegre,-30.0346,-51.2177
2024-06-09,0.02,20.43,88.36,2.44,10.22,Porto_Alegre,-30.0346,-51.2177
2024-06-10,0.02,20.58,91.04,2.31,6.69,Porto_Alegre,-30.0346,-51.2177
2024-06-11,0.02,18.64,92.89,2.0,4.36,Porto_Alegre,-30.0346,-51.2177
2024-06-12,0.01,20.41,89.84,1.84,10.99,Porto_Alegre,-30.0346,-51.2177
2024-06-13,0.02,19.76,84.97,2.28,9.48,Porto_Alegre,-30.0346,-51.2177
2024-06-14,0.01,20.75,80.8,2.74,10.81,Porto_Alegre,-30.0346,-51.2177
2024-06-15,16.05,19.08,90.46,2.16,1.89,Porto_Alegre,-30.0346,-51.2177
2024-06-16,45.46,16.56,94.66,4.35,1.78,Porto_Alegre,-30.0346,-51.2177
2024-06-17,2.94,18.22,93.74,2.93,4.83,Porto_Alegre,-30.0346,-51.2177
2024-06-18,23.04,19.64,93.74,1.67,10.29,Porto_Alegre,-30.0346,-51.2177
2024-06-19,31.79,20.5,90.5,1.76,4.12,Porto_Alegre,-30.0346,-51.2177
2024-06-20,8.33,18.31,92.91,2.28,3.95,Porto_Alegre,-30.0346,-51.2177
2024-06-21,21.11,18.83,92.81,2.27,2.99,Porto_Alegre,-30.0346,-51.2177
2024-06-22,3.06,20.47,87.31,2.18,11.54,Porto_Alegre,-30.0346,-51.2177
2024-06-23,7.69,20.8,88.78,2.94,8.39,Porto_Alegre,-30.0346,-51.2177
2024-06-24,5.26,14.4,84.75,2.62,7.3,Porto_Alegre,-30.0346,-51.2177
2024-06-25,2.29,11.5,82.78,2.39,9.78,Porto_Alegre,-30.0346,-51.2177
2024-06-26,10.72,11.91,92.64,2.73,4.91,Porto_Alegre,-30.0346,-51.2177
2024-06-27,0.07,10.43,88.05,2.87,12.43,Porto_Alegre,-30.0346,-51.2177
2024-06-28,0.02,12.34,89.49,2.85,10.51,Porto_Alegre,-30.0346,-51.2177
2024-06-29,0.0,7.36,81.92,3.8,13.34,Porto_Alegre,-30.0346,-51.2177
2024-06-30,0.0,5.27,80.19,2.33,13.35,Porto_Alegre,-30.0346,-51.2177
2024-07-01,0.0,7.31,77.98,1.87,13.33,Porto_Alegre,-30.0346,-51.2177
2024-07-02,0.02,10.81,85.04,1.52,13.22,Porto_Alegre,-30.0346,-51.2177
2024-07-03,0.28,15.4,87.78,2.01,8.68,Porto_Alegre,-30.0346,-51.2177
2024-07-04,0.9,12.27,90.22,2.11,2.22,Porto_Alegre,-30.0346,-51.2177
2024-07-05,10.67,10.5,92.03,2.29,1.94,Porto_Alegre,-30.0346,-51.2177
2024-07-06,0.05,7.86,80.36,1.83,13.37,Porto_Alegre,-30.0346,-51.2177
2024-07-07,0.9,10.04,89.27,2.42,5.18,Porto_Alegre,-30.0346,-51.2177
2024-07-08,0.17,8.64,86.25,2.43,9.25,Porto_Alegre,-30.0346,-51.2177
2024-07-09,7.35,6.16,87.68,1.69,9.22,Porto_Alegre,-30.0346,-51.2177
2024-07-10,12.02,7.66,94.69,1.67,4.13,Porto_Alegre,-30.0346,-51.2177
2024-07-11,1.3,9.47,91.6,1.17,4.44,Porto_Alegre,-30.0346,-51.2177
2024-07-12,0.44,9.44,89.33,2.05,8.76,Porto_Alegre,-30.0346,-51.2177
2024-07-13,6.12,11.75,94.99,2.4,5.36,Porto_Alegre,-30.0346,-51.2177
2024-07-14,6.42,13.34,95.21,3.06,4.89,Porto_Alegre,-30.0346,-51.2177
2024-07-15,0.71,13.19,91.6,2.62,12.15,Porto_Alegre,-30.0346,-51.2177
2024-07-16,1.55,14.28,95.32,2.47,7.14,Porto_Alegre,-30.0346,-51.2177
2024-07-17,0.32,15.13,92.86,2.0,7.33,Porto_Alegre,-30.0346,-51.2177
2024-07-18,0.03,13.25,89.95,1.22,10.78,Porto_Alegre,-30.0346,-51.2177
2024-07-19,0.06,14.89,89.0,1.42,13.37,Porto_Alegre,-30.0346,-51.2177
2024-07-20,0.03,14.69,93.78,1.86,4.45,Porto_Alegre,-30.0346,-51.2177
2024-07-21,0.0,15.87,90.06,1.31,10.36,Porto_Alegre,-30.0346,-51.2177
2024-07-22,0.03,17.24,89.98,1.2,10.47,Porto_Alegre,-30.0346,-51.2177
2024-07-23,0.01,17.79,91.5,1.12,11.56,Porto_Alegre,-30.0346,-51.2177
2024-07-24,0.05,18.49,88.97,1.64,13.39,Porto_Alegre,-30.0346,-51.2177
2024-07-25,0.03,17.78,87.66,2.0,10.68,Porto_Alegre,-30.0346,-51.2177
2024-07-26,0.07,16.58,90.71,1.8,12.82,Porto_Alegre,-30.0346,-51.2177
2024-07-27,2.3,18.37,91.84,0.88,5.38,Porto_Alegre,-30.0346,-51.2177
2024-07-28,14.89,16.27,94.0,2.35,2.95,Porto_Alegre,-30.0346,-51.2177
2024-07-29,4.51,11.65,86.65,3.82,5.15,Porto_Alegre,-30.0346,-51.2177
2024-07-30,0.01,11.45,82.51,2.39,14.67,Porto_Alegre,-30.0346,-51.2177
2024-07-31,0.03,14.93,85.69,1.48,14.77,Porto_Alegre,-30.0346,-51.2177
2024-08-01,0.01,18.02,88.81,1.66,12.27,Porto_Alegre,-30.0346,-51.2177
2024-08-02,0.01,19.36,88.26,1.96,14.34,Porto_Alegre,-30.0346,-51.2177
2024-08-03,0.08,20.29,85.27,2.78,10.76,Porto_Alegre,-30.0346,-51.2177
2024-08-04,7.39,16.26,93.04,2.82,1.76,Porto_Alegre,-30.0346,-51.2177
2024-08-05,1.93,17.85,93.13,2.48,4.8,Porto_Alegre,-30.0346,-51.2177
2024-08-06,10.52,20.77,91.21,1.8,1.74,Porto_Alegre,-30.0346,-51.2177
2024-08-07,9.08,18.81,93.09,1.44,1.89,Porto_Alegre,-30.0346,-51.2177
2024-08-08,2.09,13.77,92.04,2.11,4.48,Porto_Alegre,-30.0346,-51.2177
2024-08-09,0.35,9.31,86.11,3.99,7.79,Porto_Alegre,-30.0346,-51.2177
2024-08-10,0.17,10.38,85.27,2.43,7.52,Porto_Alegre,-30.0346,-51.2177
2024-08-11,0.08,10.54,83.53,3.47,15.61,Porto_Alegre,-30.0346,-51.2177
2024-08-12,0.02,7.94,82.18,3.4,16.59,Porto_Alegre,-30.0346,-51.2177
2024-08-13,0.0,8.47,79.7,0.89,17.3,Porto_Alegre,-30.0346,-51.2177
2024-08-14,0.01,11.26,82.34,1.3,17.06,Porto_Alegre,-30.0346,-51.2177
2024-08-15,0.02,14.92,81.63,1.0,13.65,Porto_Alegre,-30.0346,-51.2177
2024-08-16,0.03,16.31,90.11,1.34,9.85,Porto_Alegre,-30.0346,-51.2177
2024-08-17,0.42,15.96,93.14,3.19,4.83,Porto_Alegre,-30.0346,-51.2177
2024-08-18,0.18,19.79,90.44,1.17,6.88,Porto_Alegre,-30.0346,-51.2177
2024-08-19,2.13,20.7,89.75,2.11,4.56,Porto_Alegre,-30.0346,-51.2177
2024-08-20,6.01,16.75,92.11,4.07,3.01,Porto_Alegre,-30.0346,-51.2177
2024-08-21,0.11,19.92,88.49,2.04,12.5,Porto_Alegre,-30.0346,-51.2177
2024-08-22,7.83,19.05,90.97,2.06,3.72,Porto_Alegre,-30.0346,-51.2177
2024-08-23,3.81,12.6,87.27,2.15,4.99,Porto_Alegre,-30.0346,-51.2177
2024-08-24,1.84,10.36,83.3,2.2,14.21,Porto_Alegre,-30.0346,-51.2177
2024-08-25,0.03,9.35,81.92,3.54,14.9,Porto_Alegre,-30.0346,-51.2177
2024-08-26,0.01,10.53,83.38,2.1,16.42,Porto_Alegre,-30.0346,-51.2177
2024-08-27,0.02,12.14,86.02,1.29,15.56,Porto_Alegre,-30.0346,-51.2177
2024-08-28,0.01,13.27,88.62,2.22,13.99,Porto_Alegre,-30.0346,-51.2177
2024-08-29,0.0,16.78,87.16,1.09,4.82,Porto_Alegre,-30.0346,-51.2177
2024-08-30,0.05,16.84,91.13,2.62,6.81,Porto_Alegre,-30.0346,-51.2177
2024-08-31,0.36,19.74,88.71,2.88,5.85,Porto_Alegre,-30.0346,-51.2177
2024-09-01,0.49,16.22,82.62,4.23,12.77,Porto_Alegre,-30.0346,-51.2177
2024-09-02,0.04,14.48,84.73,2.23,11.63,Porto_Alegre,-30.0346,-51.2177
2024-09-03,0.01,15.21,87.84,1.67,16.12,Porto_Alegre,-30.0346,-51.2177
2024-09-04,28.78,14.46,91.77,3.63,4.5,Porto_Alegre,-30.0346,-51.2177
2024-09-05,0.21,12.93,79.02,2.1,20.51,Porto_Alegre,-30.0346,-51.2177
2024-09-06,0.14,13.12,86.51,1.78,20.74,Porto_Alegre,-30.0346,-51.2177
2024-09-07,0.16,16.86,91.51,1.5,9.28,Porto_Alegre,-30.0346,-51.2177
2024-09-08,0.36,17.97,92.81,2.25,5.25,Porto_Alegre,-30.0346,-51.2177
2024-09-09,0.12,19.53,93.41,2.05,5.59,Porto_Alegre,-30.0346,-51.2177
2024-09-10,0.1,22.82,87.69,1.56,10.43,Porto_Alegre,-30.0346,-51.2177
2024-09-11,0.01,21.93,86.64,2.46,5.28,Porto_Alegre,-30.0346,-51.2177
2024-09-12,4.44,17.32,94.49,2.58,1.39,Porto_Alegre,-30.0346,-51.2177
2024-09-13,17.14,19.86,93.59,1.88,3.99,Porto_Alegre,-30.0346,-51.2177
2024-09-14,0.73,17.69,88.61,3.01,12.27,Porto_Alegre,-30.0346,-51.2177
2024-09-15,0.02,14.61,84.43,2.6,17.23,Porto_Alegre,-30.0346,-51.2177
2024-09-16,0.04,16.98,85.2,2.07,16.58,Porto_Alegre,-30.0346,-51.2177
2024-09-17,0.0,16.92,84.8,2.57,21.61,Porto_Alegre,-30.0346,-51.2177
2024-09-18,0.0,17.22,83.92,1.75,20.78,Porto_Alegre,-30.0346,-51.2177
2024-09-19,1.79,20.04,87.26,2.15,17.83,Porto_Alegre,-30.0346,-51.2177
2024-09-20,31.68,20.02,92.26,1.33,5.31,Porto_Alegre,-30.0346,-51.2177
2024-09-21,0.02,17.62,86.88,1.56,15.62,Porto_Alegre,-30.0346,-51.2177
2024-09-22,0.31,21.54,87.76,1.53,20.29,Porto_Alegre,-30.0346,-51.2177
2024-09-23,1.64,24.69,87.59,1.68,0.99,Porto_Alegre,-30.0346,-51.2177
2024-09-24,1.25,20.83,91.32,2.83,1.75,Porto_Alegre,-30.0346,-51.2177
2024-09-25,25.85,20.07,93.71,2.69,1.91,Porto_Alegre,-30.0346,-51.2177
2024-09-26,34.11,17.86,93.07,2.65,1.97,Porto_Alegre,-30.0346,-51.2177
2024-09-27,1.17,18.29,88.3,2.78,19.97,Porto_Alegre,-30.0346,-51.2177
2024-09-28,0.0,18.26,82.55,1.15,23.99,Porto_Alegre,-30.0346,-51.2177
2024-09-29,0.0,20.39,82.94,1.33,24.09,Porto_Alegre,-30.0346,-51.2177
2024-09-30,0.79,22.81,82.75,2.19,19.58,Porto_Alegre,-30.0346,-51.2177
2024-10-01,15.47,22.81,87.16,2.76,1.35,Porto_Alegre,-30.0346,-51.2177
2024-10-02,18.87,17.73,87.9,3.28,16.64,Porto_Alegre,-30.0346,-51.2177
2024-10-03,0.01,14.68,76.25,2.45,24.85,Porto_Alegre,-30.0346,-51.2177
2024-10-04,0.01,15.98,79.01,2.43,23.7,Porto_Alegre,-30.0346,-51.2177
2024-10-05,0.01,17.56,83.38,1.84,25.49,Porto_Alegre,-30.0346,-51.2177
2024-10-06,0.05,18.72,87.02,2.71,21.58,Porto_Alegre,-30.0346,-51.2177
2024-10-07,2.64,18.56,90.45,3.14,6.57,Porto_Alegre,-30.0346,-51.2177
2024-10-08,4.2,19.06,94.79,2.34,4.53,Porto_Alegre,-30.0346,-51.2177
2024-10-09,2.58,18.22,90.12,4.67,9.92,Porto_Alegre,-30.0346,-51.2177
2024-10-10,1.91,18.8,89.4,3.62,3.43,Porto_Alegre,-30.0346,-51.2177
2024-10-11,2.72,20.41,91.39,1.47,10.47,Porto_Alegre,-30.0346,-51.2177
2024-10-12,0.36,18.76,83.68,2.37,24.8,Porto_Alegre,-30.0346,-51.2177
2024-10-13,0.03,18.9,84.22,3.23,23.69,Porto_Alegre,-30.0346,-51.2177
2024-10-14,0.01,20.53,83.02,2.56,21.45,Porto_Alegre,-30.0346,-51.2177
2024-10-15,1.17,20.6,89.83,1.74,4.58,Porto_Alegre,-30.0346,-51.2177
2024-10-16,0.24,20.29,85.34,2.26,20.92,Porto_Alegre,-30.0346,-51.2177
2024-10-17,0.0,18.87,80.38,1.58,27.19,Porto_Alegre,-30.0346,-51.2177
2024-10-18,0.0,18.55,83.88,1.27,12.4,Porto_Alegre,-30.0346,-51.2177
2024-10-19,0.0,19.66,85.07,2.2,21.94,Porto_Alegre,-30.0346,-51.2177
2024-10-20,0.0,20.11,83.41,3.15,27.41,Porto_Alegre,-30.0346,-51.2177
2024-10-21,0.0,22.66,84.62,1.52,27.54,Porto_Alegre,-30.0346,-51.2177
2024-10-22,0.0,24.92,84.92,1.82,23.73,Porto_Alegre,-30.0346,-51.2177
2024-10-23,0.55,23.54,88.93,2.32,17.09,Porto_Alegre,-30.0346,-51.2177
2024-10-24,2.91,24.75,84.49,3.8,7.56,Porto_Alegre,-30.0346,-51.2177
2024-10-25,0.03,20.98,78.98,3.8,21.78,Porto_Alegre,-30.0346,-51.2177
2024-10-26,0.0,17.39,73.34,3.23,27.61,Porto_Alegre,-30.0346,-51.2177
2024-10-27,0.0,16.83,71.83,1.95,29.27,Porto_Alegre,-30.0346,-51.2177
2024-10-28,0.0,19.98,81.76,1.72,27.85,Porto_Alegre,-30.0346,-51.2177
2024-10-29,0.0,21.69,86.45,1.94,23.86,Porto_Alegre,-30.0346,-51.2177
2024-10-30,0.0,22.06,86.82,3.75,22.31,Porto_Alegre,-30.0346,-51.2177
2024-10-31,0.0,23.0,81.28,3.46,28.76,Porto_Alegre,-30.0346,-51.2177
2024-11-01,0.69,23.46,80.2,1.97,24.0,Porto_Alegre,-30.0346,-51.2177
2024-11-02,0.24,23.48,86.75,1.62,10.28,Porto_Alegre,-30.0346,-51.2177
2024-11-03,0.52,23.95,87.48,2.28,20.43,Porto_Alegre,-30.0346,-51.2177
2024-11-04,0.05,24.08,83.68,2.22,19.12,Porto_Alegre,-30.0346,-51.2177
2024-11-05,0.32,24.24,86.55,2.9,13.47,Porto_Alegre,-30.0346,-51.2177
2024-11-06,0.58,23.31,89.87,3.69,9.42,Porto_Alegre,-30.0346,-51.2177
2024-11-07,7.01,23.6,92.22,2.84,10.26,Porto_Alegre,-30.0346,-51.2177
2024-11-08,5.43,20.33,85.42,3.97,19.83,Porto_Alegre,-30.0346,-51.2177
2024-11-09,0.07,19.17,74.53,2.16,25.53,Porto_Alegre,-30.0346,-51.2177
2024-11-10,0.01,20.29,81.28,2.1,30.45,Porto_Alegre,-30.0346,-51.2177
2024-11-11,2.38,22.73,82.06,2.66,22.57,Porto_Alegre,-30.0346,-51.2177
2024-11-12,0.01,17.82,72.16,2.97,25.6,Porto_Alegre,-30.0346,-51.2177
2024-11-13,0.0,19.29,63.32,1.5,29.78,Porto_Alegre,-30.0346,-51.2177
2024-11-14,0.0,20.0,70.41,1.91,30.03,Porto_Alegre,-30.0346,-51.2177
2024-11-15,0.0,21.32,80.39,2.66,27.68,Porto_Alegre,-30.0346,-51.2177
2024-11-16,0.0,24.26,82.04,2.29,29.75,Porto_Alegre,-30.0346,-51.2177
2024-11-17,0.7,26.76,78.52,1.28,26.49,Porto_Alegre,-30.0346,-51.2177
2024-11-18,2.79,24.08,85.61,3.11,14.97,Porto_Alegre,-30.0346,-51.2177
2024-11-19,14.8,20.22,84.73,4.2,8.05,Porto_Alegre,-30.0346,-51.2177
2024-11-20,27.86,18.32,86.53,5.01,11.15,Porto_Alegre,-30.0346,-51.2177
2024-11-21,0.23,20.11,81.29,5.0,15.37,Porto_Alegre,-30.0346,-51.2177
2024-11-22,0.5,20.23,84.97,4.34,8.24,Porto_Alegre,-30.0346,-51.2177
2024-11-23,0.06,20.97,80.59,4.76,25.55,Porto_Alegre,-30.0346,-51.2177
2024-11-24,0.0,22.24,79.42,2.79,31.21,Porto_Alegre,-30.0346,-51.2177
2024-11-25,0.0,24.79,73.24,1.6,17.32,Porto_Alegre,-30.0346,-51.2177
2024-11-26,0.13,26.55,80.11,1.12,11.8,Porto_Alegre,-30.0346,-51.2177
2024-11-27,1.36,25.89,86.68,1.38,17.81,Porto_Alegre,-30.0346,-51.2177
2024-11-28,1.53,22.78,88.68,2.59,12.28,Porto_Alegre,-30.0346,-51.2177
2024-11-29,0.79,22.77,86.19,2.69,17.93,Porto_Alegre,-30.0346,-51.2177
2024-11-30,0.06,22.19,82.94,2.57,25.6,Porto_Alegre,-30.0346,-51.2177
2024-12-01,1.99,25.52,79.87,2.92,26.56,Porto_Alegre,-30.0346,-51.2177
2024-12-02,7.84,21.22,76.12,3.44,23.69,Porto_Alegre,-30.0346,-51.2177
2024-12-03,1.44,20.1,73.02,2.47,29.23,Porto_Alegre,-30.0346,-51.2177
2024-12-04,0.11,19.07,74.62,2.27,31.85,Porto_Alegre,-30.0346,-51.2177
2024-12-05,0.01,22.49,81.26,1.91,31.56,Porto_Alegre,-30.0346,-51.2177
2024-12-06,3.59,25.57,82.43,3.13,12.83,Porto_Alegre,-30.0346,-51.2177
2024-12-07,12.47,19.87,81.28,2.42,16.37,Porto_Alegre,-30.0346,-51.2177
2024-12-08,0.13,18.25,74.56,2.94,24.6,Porto_Alegre,-30.0346,-51.2177
2024-12-09,0.83,19.04,79.87,4.0,9.76,Porto_Alegre,-30.0346,-51.2177
2024-12-10,1.05,20.57,84.67,3.24,16.36,Porto_Alegre,-30.0346,-51.2177
2024-12-11,0.0,20.97,81.99,3.37,30.56,Porto_Alegre,-30.0346,-51.2177
2024-12-12,0.0,23.01,79.44,2.88,31.59,Porto_Alegre,-30.0346,-51.2177
2024-12-13,16.76,23.59,86.21,1.96,18.16,Porto_Alegre,-30.0346,-51.2177
2024-12-14,7.89,24.56,83.48,3.96,18.0,Porto_Alegre,-30.0346,-51.2177
2024-12-15,13.76,21.82,80.3,5.09,18.73,Porto_Alegre,-30.0346,-51.2177
2024-12-16,9.01,20.75,84.13,4.12,22.2,Porto_Alegre,-30.0346,-51.2177
2024-12-17,0.61,20.37,81.46,1.97,26.63,Porto_Alegre,-30.0346,-51.2177
2024-12-18,0.01,21.81,83.32,2.71,30.67,Porto_Alegre,-30.0346,-51.2177
2024-12-19,6.88,23.19,83.63,1.73,14.84,Porto_Alegre,-30.0346,-51.2177
2024-12-20,7.77,23.86,82.37,2.1,26.78,Porto_Alegre,-30.0346,-51.2177
2024-12-21,2.8,22.37,80.35,3.17,26.63,Porto_Alegre,-30.0346,-51.2177
2024-12-22,16.89,18.8,81.97,3.48,21.15,Porto_Alegre,-30.0346,-51.2177
2024-12-23,0.05,19.48,75.41,3.06,32.93,Porto_Alegre,-30.0346,-51.2177
2024-12-24,7.74,22.76,80.42,2.11,28.44,Porto_Alegre,-30.0346,-51.2177
2024-12-25,9.61,22.59,81.26,2.41,22.9,Porto_Alegre,-30.0346,-51.2177
2024-12-26,0.05,21.11,74.36,2.62,31.64,Porto_Alegre,-30.0346,-51.2177
2024-12-27,0.02,22.4,74.76,2.25,28.22,Porto_Alegre,-30.0346,-51.2177
2024-12-28,0.12,22.23,78.6,1.82,28.44,Porto_Alegre,-30.0346,-51.2177
2024-12-29,0.24,21.97,80.75,2.39,23.01,Porto_Alegre,-30.0346,-51.2177
2024-12-30,0.03,22.19,83.04,3.17,23.8,Porto_Alegre,-30.0346,-51.2177
2024-12-31,7.13,23.63,85.33,3.16,21.56,Porto_Alegre,-30.0346,-51.2177
2024-01-01,19.2,19.84,86.11,2.58,7.32,Belo_Horizonte,-19.9167,-43.9345
2024-01-02,5.49,20.66,85.67,2.54,13.03,Belo_Horizonte,-19.9167,-43.9345
2024-01-03,17.99,22.03,85.75,2.24,7.2,Belo_Horizonte,-19.9167,-43.9345
2024-01-04,20.63,21.55,92.54,2.54,9.08,Belo_Horizonte,-19.9167,-43.9345
2024-01-05,3.91,23.36,82.44,1.26,20.69,Belo_Horizonte,-19.9167,-43.9345
2024-01-06,2.36,23.5,74.83,1.67,23.12,Belo_Horizonte,-19.9167,-43.9345
2024-01-07,4.81,22.65,83.04,2.13,21.33,Belo_Horizonte,-19.9167,-43.9345
2024-01-08,0.91,23.75,76.16,1.53,17.37,Belo_Horizonte,-19.9167,-43.9345
2024-01-09,2.77,22.81,80.0,1.28,17.05,Belo_Horizonte,-19.9167,-43.9345
2024-01-10,0.57,23.58,75.08,1.34,21.9,Belo_Horizonte,-19.9167,-43.9345
2024-01-11,3.95,24.05,73.35,1.52,22.33,Belo_Horizonte,-19.9167,-43.9345
2024-01-12,5.43,24.52,75.79,1.66,25.34,Belo_Horizonte,-19.9167,-43.9345
2024-01-13,20.98,23.54,83.88,1.66,21.63,Belo_Horizonte,-19.9167,-43.9345
2024-01-14,4.43,22.74,85.51,1.47,19.41,Belo_Horizonte,-19.9167,-43.9345
2024-01-15,1.99,23.14,81.49,1.63,22.05,Belo_Horizonte,-19.9167,-43.9345
2024-01-16,0.6,24.95,70.97,1.24,26.99,Belo_Horizonte,-19.9167,-43.9345
2024-01-17,1.45,25.93,69.07,1.16,28.51,Belo_Horizonte,-19.9167,-43.9345
2024-01-18,0.69,26.02,63.31,1.03,29.28,Belo_Horizonte,-19.9167,-43.9345
2024-01-19,0.65,25.47,70.32,1.42,23.14,Belo_Horizonte,-19.9167,-43.9345
2024-01-20,0.53,25.46,71.64,2.09,26.56,Belo_Horizonte,-19.9167,-43.9345
2024-01-21,1.59,24.97,70.32,2.81,19.89,Belo_Horizonte,-19.9167,-43.9345
2024-01-22,1.46,24.47,70.57,1.67,23.8,Belo_Horizonte,-19.9167,-43.9345
2024-01-23,7.91,21.79,85.2,2.28,21.23,Belo_Horizonte,-19.9167,-43.9345
2024-01-24,15.38,21.66,81.94,2.53,14.66,Belo_Horizonte,-19.9167,-43.9345
2024-01-25,1.8,22.46,79.49,1.69,17.64,Belo_Horizonte,-19.9167,-43.9345
2024-01-26,2.56,23.07,76.34,1.42,18.11,Belo_Horizonte,-19.9167,-43.9345
2024-01-27,3.69,22.47,83.95,1.63,14.32,Belo_Horizonte,-19.9167,-43.9345
2024-01-28,5.36,22.61,82.61,1.6,17.55,Belo_Horizonte,-19.9167,-43.9345
2024-01-29,3.99,23.94,74.83,1.41,21.15,Belo_Horizonte,-19.9167,-43.9345
2024-01-30,1.94,24.78,67.69,1.64,21.93,Belo_Horizonte,-19.9167,-43.9345
2024-01-31,6.2,21.2,82.28,1.3,14.9,Belo_Horizonte,-19.9167,-43.9345
2024-02-01,1.05,23.66,60.83,0.85,18.34,Belo_Horizonte,-19.9167,-43.9345
2024-02-02,2.16,22.81,81.43,2.23,23.24,Belo_Horizonte,-19.9167,-43.9345
2024-02-03,0.46,22.86,76.07,2.66,24.22,Belo_Horizonte,-19.9167,-43.9345
2024-02-04,0.07,22.61,76.52,1.89,22.32,Belo_Horizonte,-19.9167,-43.9345
2024-02-05,3.69,22.33,77.33,1.29,21.69,Belo_Horizonte,-19.9167,-43.9345
2024-02-06,5.78,22.15,76.88,1.25,18.57,Belo_Horizonte,-19.9167,-43.9345
2024-02-07,3.0,22.13,82.49,0.72,18.76,Belo_Horizonte,-19.9167,-43.9345
2024-02-08,3.28,22.23,81.14,2.05,15.85,Belo_Horizonte,-19.9167,-43.9345
2024-02-09,0.54,22.82,72.36,2.74,23.23,Belo_Horizonte,-19.9167,-43.9345
2024-02-10,0.75,22.74,72.82,3.24,17.95,Belo_Horizonte,-19.9167,-43.9345
2024-02-11,0.74,22.81,72.55,3.0,21.17,Belo_Horizonte,-19.9167,-43.9345
2024-02-12,0.12,23.75,65.33,1.93,26.45,Belo_Horizonte,-19.9167,-43.9345
2024-02-13,0.1,25.01,62.39,1.12,27.21,Belo_Horizonte,-19.9167,-43.9345
2024-02-14,0.97,25.35,60.47,2.04,26.49,Belo_Horizonte,-19.9167,-43.9345
2024-02-15,8.19,22.7,79.25,2.25,15.4,Belo_Horizonte,-19.9167,-43.9345
2024-02-16,1.51,23.83,72.26,1.78,15.22,Belo_Horizonte,-19.9167,-43.9345
2024-02-17,4.7,24.36,72.92,1.21,19.42,Belo_Horizonte,-19.9167,-43.9345
2024-02-18,4.89,23.71,75.4,1.19,18.93,Belo_Horizonte,-19.9167,-43.9345
2024-02-19,4.54,23.04,75.66,2.21,19.15,Belo_Horizonte,-19.9167,-43.9345
2024-02-20,4.65,20.92,87.46,1.56,9.74,Belo_Horizonte,-19.9167,-43.9345
2024-02-21,8.9,20.73,91.66,1.56,8.23,Belo_Horizonte,-19.9167,-43.9345
2024-02-22,18.46,21.92,88.37,2.7,7.29,Belo_Horizonte,-19.9167,-43.9345
2024-02-23,2.69,21.96,86.47,1.83,16.56,Belo_Horizonte,-19.9167,-43.9345
2024-02-24,0.45,23.7,78.26,1.52,22.44,Belo_Horizonte,-19.9167,-43.9345
2024-02-25,0.62,23.77,77.56,2.1,25.57,Belo_Horizonte,-19.9167,-43.9345
2024-02-26,0.1,22.93,69.46,2.34,27.68,Belo_Horizonte,-19.9167,-43.9345
2024-02-27,0.24,23.73,68.18,1.55,26.25,Belo_Horizonte,-19.9167,-43.9345
2024-02-28,1.59,25.15,69.49,1.51,25.09,Belo_Horizonte,-19.9167,-43.9345
2024-02-29,4.01,24.84,77.86,1.71,20.71,Belo_Horizonte,-19.9167,-43.9345
2024-03-01,4.2,25.11,78.28,1.53,16.86,Belo_Horizonte,-19.9167,-43.9345
2024-03-02,1.32,24.17,74.63,2.24,19.15,Belo_Horizonte,-19.9167,-43.9345
2024-03-03,0.37,23.53,71.07,1.86,19.01,Belo_Horizonte,-19.9167,-43.9345
2024-03-04,0.71,24.55,66.64,1.7,20.46,Belo_Horizonte,-19.9167,-43.9345
2024-03-05,3.94,23.93,73.87,2.19,18.54,Belo_Horizonte,-19.9167,-43.9345
2024-03-06,4.53,24.01,73.94,1.49,18.29,Belo_Horizonte,-19.9167,-43.9345
2024-03-07,5.12,24.02,76.9,1.55,18.8,Belo_Horizonte,-19.9167,-43.9345
2024-03-08,2.31,24.04,75.14,1.82,20.05,Belo_Horizonte,-19.9167,-43.9345
2024-03-09,1.34,24.72,70.09,1.36,20.74,Belo_Horizonte,-19.9167,-43.9345
2024-03-10,3.0,24.0,78.67,1.83,13.37,Belo_Horizonte,-19.9167,-43.9345
2024-03-11,2.04,24.69,75.57,1.21,18.53,Belo_Horizonte,-19.9167,-43.9345
2024-03-12,0.45,25.0,72.35,1.89,17.74,Belo_Horizonte,-19.9167,-43.9345
2024-03-13,0.07,25.88,64.65,1.08,20.89,Belo_Horizonte,-19.9167,-43.9345
2024-03-14,0.03,25.99,61.41,1.02,24.98,Belo_Horizonte,-19.9167,-43.9345
2024-03-15,0.02,26.26,55.13,0.97,25.98,Belo_Horizonte,-19.9167,-43.9345
2024-03-16,0.59,27.04,50.75,0.85,25.65,Belo_Horizonte,-19.9167,-43.9345
2024-03-17,0.93,27.51,52.86,1.48,24.51,Belo_Horizonte,-19.9167,-43.9345
2024-03-18,3.84,26.79,63.51,1.03,20.17,Belo_Horizonte,-19.9167,-43.9345
2024-03-19,3.61,25.24,74.61,1.27,20.82,Belo_Horizonte,-19.9167,-43.9345
2024-03-20,4.82,24.62,75.39,1.58,19.68,Belo_Horizonte,-19.9167,-43.9345
2024-03-21,2.36,25.27,72.56,1.9,19.78,Belo_Horizonte,-19.9167,-43.9345
2024-03-22,5.09,24.21,79.3,1.31,17.16,Belo_Horizonte,-19.9167,-43.9345
2024-03-23,7.77,21.19,82.49,4.42,11.62,Belo_Horizonte,-19.9167,-43.9345
2024-03-24,1.77,21.43,80.77,2.58,15.77,Belo_Horizonte,-19.9167,-43.9345
2024-03-25,2.78,21.29,81.19,1.46,17.63,Belo_Horizonte,-19.9167,-43.9345
2024-03-26,7.94,20.88,85.21,1.05,14.35,Belo_Horizonte,-19.9167,-43.9345
2024-03-27,1.74,21.88,79.35,2.28,18.76,Belo_Horizonte,-19.9167,-43.9345
2024-03-28,1.13,21.38,82.71,1.98,13.75,Belo_Horizonte,-19.9167,-43.9345
2024-03-29,0.36,23.71,73.87,1.08,21.09,Belo_Horizonte,-19.9167,-43.9345
2024-03-30,0.71,23.96,71.79,1.8,20.31,Belo_Horizonte,-19.9167,-43.9345
2024-03-31,1.06,24.25,72.26,1.79,18.74,Belo_Horizonte,-19.9167,-43.9345
2024-04-01,0.27,22.94,73.05,1.59,18.16,Belo_Horizonte,-19.9167,-43.9345
2024-04-02,1.75,24.0,70.28,1.36,15.62,Belo_Horizonte,-19.9167,-43.9345
2024-04-03,0.15,24.46,66.59,1.49,16.52,Belo_Horizonte,-19.9167,-43.9345
2024-04-04,0.07,24.58,67.94,2.13,19.98,Belo_Horizonte,-19.9167,-43.9345
2024-04-05,0.05,24.49,62.86,1.66,20.86,Belo_Horizonte,-19.9167,-43.9345
2024-04-06,0.59,23.31,63.91,2.21,20.68,Belo_Horizonte,-19.9167,-43.9345
2024-04-07,0.0,21.77,60.04,2.54,20.38,Belo_Horizonte,-19.9167,-43.9345
2024-04-08,0.02,22.49,62.44,2.13,19.41,Belo_Horizonte,-19.9167,-43.9345
2024-04-09,0.02,22.77,61.45,1.41,18.8,Belo_Horizonte,-19.9167,-43.9345
2024-04-10,0.43,24.2,61.29,0.93,19.63,Belo_Horizonte,-19.9167,-43.9345
2024-04-11,0.24,24.46,64.5,1.69,20.04,Belo_Horizonte,-19.9167,-43.9345
2024-04-12,0.4,23.56,67.97,3.05,17.02,Belo_Horizonte,-19.9167,-43.9345
2024-04-13,0.57,22.77,70.13,2.57,12.4,Belo_Horizonte,-19.9167,-43.9345
2024-04-14,0.01,22.65,58.54,2.64,19.73,Belo_Horizonte,-19.9167,-43.9345
2024-04-15,0.03,23.18,63.79,2.81,20.87,Belo_Horizonte,-19.9167,-43.9345
2024-04-16,0.24,22.22,66.09,2.49,16.32,Belo_Horizonte,-19.9167,-43.9345
2024-04-17,0.06,23.82,61.55,1.02,18.56,Belo_Horizonte,-19.9167,-43.9345
2024-04-18,3.72,22.96,68.7,1.38,15.59,Belo_Horizonte,-19.9167,-43.9345
2024-04-19,1.56,21.33,72.89,2.38,12.23,Belo_Horizonte,-19.9167,-43.9345
2024-04-20,0.01,21.8,65.45,2.21,16.97,Belo_Horizonte,-19.9167,-43.9345
2024-04-21,0.01,21.91,61.13,1.69,17.92,Belo_Horizonte,-19.9167,-43.9345
2024-04-22,0.03,22.39,60.47,1.4,19.47,Belo_Horizonte,-19.9167,-43.9345
2024-04-23,0.04,22.93,57.68,1.23,18.79,Belo_Horizonte,-19.9167,-43.9345
2024-04-24,0.17,23.61,54.75,1.63,19.58,Belo_Horizonte,-19.9167,-43.9345
2024-04-25,0.01,23.41,59.78,2.5,18.62,Belo_Horizonte,-19.9167,-43.9345
2024-04-26,0.01,23.69,65.36,2.88,18.27,Belo_Horizonte,-19.9167,-43.9345
2024-04-27,0.05,23.34,66.07,1.96,14.39,Belo_Horizonte,-19.9167,-43.9345
2024-04-28,0.26,23.16,58.61,1.41,20.05,Belo_Horizonte,-19.9167,-43.9345
2024-04-29,0.0,23.25,56.48,1.76,20.14,Belo_Horizonte,-19.9167,-43.9345
2024-04-30,0.01,23.9,60.18,1.46,18.99,Belo_Horizonte,-19.9167,-43.9345
2024-05-01,0.01,24.45,54.23,0.96,20.02,Belo_Horizonte,-19.9167,-43.9345
2024-05-02,0.01,24.59,47.02,1.29,20.42,Belo_Horizonte,-19.9167,-43.9345
2024-05-03,0.04,24.34,44.86,0.98,20.53,Belo_Horizonte,-19.9167,-43.9345
2024-05-04,0.08,22.48,51.73,1.99,20.11,Belo_Horizonte,-19.9167,-43.9345
2024-05-05,0.03,22.34,62.2,2.38,18.86,Belo_Horizonte,-19.9167,-43.9345
2024-05-06,0.07,23.03,69.29,2.73,11.52,Belo_Horizonte,-19.9167,-43.9345
2024-05-07,0.0,22.18,62.72,2.42,19.18,Belo_Horizonte,-19.9167,-43.9345
2024-05-08,0.01,22.25,67.42,2.28,16.14,Belo_Horizonte,-19.9167,-43.9345
2024-05-09,0.03,22.45,63.98,1.56,18.48,Belo_Horizonte,-19.9167,-43.9345
2024-05-10,0.05,22.81,65.43,1.56,15.47,Belo_Horizonte,-19.9167,-43.9345
2024-05-11,0.04,23.66,58.54,1.19,16.33,Belo_Horizonte,-19.9167,-43.9345
2024-05-12,0.02,23.58,48.01,1.51,18.0,Belo_Horizonte,-19.9167,-43.9345
2024-05-13,0.01,23.06,43.6,2.41,19.37,Belo_Horizonte,-19.9167,-43.9345
2024-05-14,0.01,22.18,40.67,2.07,19.76,Belo_Horizonte,-19.9167,-43.9345
2024-05-15,0.04,23.26,60.6,1.17,17.78,Belo_Horizonte,-19.9167,-43.9345
2024-05-16,0.1,22.88,63.59,2.24,14.14,Belo_Horizonte,-19.9167,-43.9345
2024-05-17,0.04,22.5,60.43,1.29,16.3,Belo_Horizonte,-19.9167,-43.9345
2024-05-18,0.0,23.12,51.8,0.9,18.19,Belo_Horizonte,-19.9167,-43.9345
2024-05-19,0.0,23.34,42.47,0.94,17.1,Belo_Horizonte,-19.9167,-43.9345
2024-05-20,0.04,22.16,54.11,1.13,17.13,Belo_Horizonte,-19.9167,-43.9345
2024-05-21,0.01,21.84,61.69,3.04,17.65,Belo_Horizonte,-19.9167,-43.9345
2024-05-22,0.03,20.83,62.77,2.47,16.69,Belo_Horizonte,-19.9167,-43.9345
2024-05-23,0.1,21.01,62.5,1.57,16.11,Belo_Horizonte,-19.9167,-43.9345
2024-05-24,0.03,22.0,53.62,1.87,17.32,Belo_Horizonte,-19.9167,-43.9345
2024-05-25,0.06,23.46,48.45,1.36,14.23,Belo_Horizonte,-19.9167,-43.9345
2024-05-26,0.36,20.92,70.16,2.38,12.41,Belo_Horizonte,-19.9167,-43.9345
2024-05-27,0.11,21.7,65.06,1.67,12.34,Belo_Horizonte,-19.9167,-43.9345
2024-05-28,0.34,22.0,59.33,1.55,15.6,Belo_Horizonte,-19.9167,-43.9345
2024-05-29,0.13,21.21,58.76,1.94,15.4,Belo_Horizonte,-19.9167,-43.9345
2024-05-30,0.17,19.93,59.14,1.71,14.37,Belo_Horizonte,-19.9167,-43.9345
2024-05-31,0.02,17.97,60.5,2.88,13.67,Belo_Horizonte,-19.9167,-43.9345
2024-06-01,0.06,18.07,65.08,2.96,15.9,Belo_Horizonte,-19.9167,-43.9345
2024-06-02,0.08,19.07,65.46,2.39,12.4,Belo_Horizonte,-19.9167,-43.9345
2024-06-03,0.03,19.91,58.74,1.48,16.73,Belo_Horizonte,-19.9167,-43.9345
2024-06-04,0.0,20.58,58.16,2.1,16.92,Belo_Horizonte,-19.9167,-43.9345
2024-06-05,0.01,19.86,64.08,2.56,16.93,Belo_Horizonte,-19.9167,-43.9345
2024-06-06,0.03,20.03,62.67,1.75,14.47,Belo_Horizonte,-19.9167,-43.9345
2024-06-07,0.02,19.87,60.94,1.4,15.18,Belo_Horizonte,-19.9167,-43.9345
2024-06-08,0.02,19.79,64.35,1.77,14.17,Belo_Horizonte,-19.9167,-43.9345
2024-06-09,0.05,19.44,66.15,2.01,13.4,Belo_Horizonte,-19.9167,-43.9345
2024-06-10,0.01,20.1,54.12,1.29,16.93,Belo_Horizonte,-19.9167,-43.9345
2024-06-11,0.06,20.58,45.46,1.5,17.61,Belo_Horizonte,-19.9167,-43.9345
2024-06-12,0.03,18.88,54.44,1.92,17.74,Belo_Horizonte,-19.9167,-43.9345
2024-06-13,0.07,17.84,61.23,2.18,17.58,Belo_Horizonte,-19.9167,-43.9345
2024-06-14,0.12,18.4,62.66,2.4,14.36,Belo_Horizonte,-19.9167,-43.9345
2024-06-15,0.01,18.72,60.32,1.54,17.55,Belo_Horizonte,-19.9167,-43.9345
2024-06-16,0.07,18.99,66.2,1.86,17.0,Belo_Horizonte,-19.9167,-43.9345
2024-06-17,0.02,18.81,60.42,1.37,16.14,Belo_Horizonte,-19.9167,-43.9345
2024-06-18,0.04,19.4,57.83,1.63,17.32,Belo_Horizonte,-19.9167,-43.9345
2024-06-19,0.0,19.62,53.68,1.61,16.11,Belo_Horizonte,-19.9167,-43.9345
2024-06-20,0.03,19.36,60.18,1.5,16.81,Belo_Horizonte,-19.9167,-43.9345
2024-06-21,0.06,18.55,63.21,2.13,13.5,Belo_Horizonte,-19.9167,-43.9345
2024-06-22,0.02,18.98,63.5,2.13,16.49,Belo_Horizonte,-19.9167,-43.9345
2024-06-23,0.07,20.36,66.39,1.9,12.05,Belo_Horizonte,-19.9167,-43.9345
2024-06-24,0.14,20.6,59.45,1.69,13.07,Belo_Horizonte,-19.9167,-43.9345
2024-06-25,0.0,21.79,50.78,1.6,16.66,Belo_Horizonte,-19.9167,-43.9345
2024-06-26,0.07,21.28,61.27,1.93,14.73,Belo_Horizonte,-19.9167,-43.9345
2024-06-27,0.0,21.56,46.36,1.59,16.45,Belo_Horizonte,-19.9167,-43.9345
2024-06-28,0.01,20.87,48.78,1.8,15.89,Belo_Horizonte,-19.9167,-43.9345
2024-06-29,0.0,20.73,42.39,2.16,16.17,Belo_Horizonte,-19.9167,-43.9345
2024-06-30,0.12,21.7,44.0,1.23,15.62,Belo_Horizonte,-19.9167,-43.9345
2024-07-01,0.28,20.55,64.32,2.41,12.55,Belo_Horizonte,-19.9167,-43.9345
2024-07-02,0.05,19.7,66.57,1.65,13.18,Belo_Horizonte,-19.9167,-43.9345
2024-07-03,0.07,19.21,61.98,1.61,15.0,Belo_Horizonte,-19.9167,-43.9345
2024-07-04,0.01,19.72,47.84,1.12,17.3,Belo_Horizonte,-19.9167,-43.9345
2024-07-05,0.04,19.85,44.33,1.12,17.14,Belo_Horizonte,-19.9167,-43.9345
2024-07-06,0.03,20.11,48.74,1.22,16.32,Belo_Horizonte,-19.9167,-43.9345
2024-07-07,0.07,19.78,55.05,1.59,13.98,Belo_Horizonte,-19.9167,-43.9345
2024-07-08,0.03,20.89,46.05,1.64,16.49,Belo_Horizonte,-19.9167,-43.9345
2024-07-09,0.05,21.45,49.24,1.74,16.22,Belo_Horizonte,-19.9167,-43.9345
2024-07-10,0.06,22.7,45.56,1.69,17.32,Belo_Horizonte,-19.9167,-43.9345
2024-07-11,0.01,22.12,44.59,1.98,17.61,Belo_Horizonte,-19.9167,-43.9345
2024-07-12,0.02,20.54,56.43,2.17,16.25,Belo_Horizonte,-19.9167,-43.9345
2024-07-13,0.02,20.08,63.79,2.84,13.73,Belo_Horizonte,-19.9167,-43.9345
2024-07-14,0.02,18.55,52.98,1.79,14.15,Belo_Horizonte,-19.9167,-43.9345
2024-07-15,0.0,18.69,51.53,1.4,16.69,Belo_Horizonte,-19.9167,-43.9345
2024-07-16,0.02,18.31,59.66,2.2,14.19,Belo_Horizonte,-19.9167,-43.9345
2024-07-17,0.08,19.4,54.4,1.0,16.11,Belo_Horizonte,-19.9167,-43.9345
2024-07-18,0.0,19.75,49.91,1.15,16.83,Belo_Horizonte,-19.9167,-43.9345
2024-07-19,0.02,18.84,59.05,2.2,17.86,Belo_Horizonte,-19.9167,-43.9345
2024-07-20,0.09,18.5,58.78,2.14,16.96,Belo_Horizonte,-19.9167,-43.9345
2024-07-21,0.04,17.66,61.2,2.43,18.48,Belo_Horizonte,-19.9167,-43.9345
2024-07-22,0.03,19.13,53.77,1.01,18.82,Belo_Horizonte,-19.9167,-43.9345
2024-07-23,0.0,18.64,55.03,2.09,18.98,Belo_Horizonte,-19.9167,-43.9345
2024-07-24,0.01,17.89,60.05,2.22,17.5,Belo_Horizonte,-19.9167,-43.9345
2024-07-25,0.06,17.81,57.79,1.51,18.33,Belo_Horizonte,-19.9167,-43.9345
2024-07-26,0.0,19.36,42.29,1.18,19.1,Belo_Horizonte,-19.9167,-43.9345
2024-07-27,0.43,19.9,51.49,1.4,12.31,Belo_Horizonte,-19.9167,-43.9345
2024-07-28,0.02,20.51,57.42,1.68,16.24,Belo_Horizonte,-19.9167,-43.9345
2024-07-29,0.0,20.64,50.12,1.54,17.57,Belo_Horizonte,-19.9167,-43.9345
2024-07-30,0.01,20.24,56.01,2.79,17.5,Belo_Horizonte,-19.9167,-43.9345
2024-07-31,0.01,19.03,66.71,3.47,12.46,Belo_Horizonte,-19.9167,-43.9345
2024-08-01,0.01,19.39,61.87,2.66,13.23,Belo_Horizonte,-19.9167,-43.9345
2024-08-02,0.08,18.79,59.93,3.01,19.29,Belo_Horizonte,-19.9167,-43.9345
2024-08-03,0.52,19.48,70.58,3.11,10.39,Belo_Horizonte,-19.9167,-43.9345
2024-08-04,0.3,19.72,65.38,2.45,13.79,Belo_Horizonte,-19.9167,-43.9345
2024-08-05,0.42,20.21,66.91,2.56,15.78,Belo_Horizonte,-19.9167,-43.9345
2024-08-06,0.02,19.99,57.58,2.66,20.26,Belo_Horizonte,-19.9167,-43.9345
2024-08-07,0.0,19.73,55.78,1.86,17.93,Belo_Horizonte,-19.9167,-43.9345
2024-08-08,0.04,21.13,45.9,1.5,13.4,Belo_Horizonte,-19.9167,-43.9345
2024-08-09,0.0,22.79,37.69,1.33,18.46,Belo_Horizonte,-19.9167,-43.9345
2024-08-10,0.01,20.76,50.71,2.84,16.39,Belo_Horizonte,-19.9167,-43.9345
2024-08-11,0.01,17.74,51.82,2.5,15.33,Belo_Horizonte,-19.9167,-43.9345
2024-08-12,0.0,18.63,23.86,2.82,20.8,Belo_Horizonte,-19.9167,-43.9345
2024-08-13,0.0,16.98,36.6,2.29,15.82,Belo_Horizonte,-19.9167,-43.9345
2024-08-14,0.0,17.4,54.83,2.62,17.08,Belo_Horizonte,-19.9167,-43.9345
2024-08-15,0.22,20.66,54.94,1.27,20.71,Belo_Horizonte,-19.9167,-43.9345
2024-08-16,0.0,22.28,43.76,1.3,21.14,Belo_Horizonte,-19.9167,-43.9345
2024-08-17,0.0,22.57,37.05,1.62,21.64,Belo_Horizonte,-19.9167,-43.9345
2024-08-18,0.0,22.04,38.5,1.97,21.76,Belo_Horizonte,-19.9167,-43.9345
2024-08-19,0.01,20.82,44.14,2.16,22.21,Belo_Horizonte,-19.9167,-43.9345
2024-08-20,0.0,22.45,39.71,1.02,21.89,Belo_Horizonte,-19.9167,-43.9345
2024-08-21,0.0,21.46,42.15,2.49,21.78,Belo_Horizonte,-19.9167,-43.9345
2024-08-22,0.01,21.3,54.2,2.59,21.01,Belo_Horizonte,-19.9167,-43.9345
2024-08-23,0.01,22.37,47.66,2.28,21.59,Belo_Horizonte,-19.9167,-43.9345
2024-08-24,0.01,23.81,32.94,1.83,21.74,Belo_Horizonte,-19.9167,-43.9345
2024-08-25,0.03,23.05,42.68,2.0,20.51,Belo_Horizonte,-19.9167,-43.9345
2024-08-26,0.16,20.35,65.4,2.67,15.95,Belo_Horizonte,-19.9167,-43.9345
2024-08-27,0.06,17.98,63.31,3.02,14.13,Belo_Horizonte,-19.9167,-43.9345
2024-08-28,0.0,18.79,56.99,2.87,20.93,Belo_Horizonte,-19.9167,-43.9345
2024-08-29,0.0,18.85,55.83,2.79,20.39,Belo_Horizonte,-19.9167,-43.9345
2024-08-30,0.0,19.65,49.12,2.12,23.99,Belo_Horizonte,-19.9167,-43.9345
2024-08-31,0.01,21.24,39.0,2.01,24.1,Belo_Horizonte,-19.9167,-43.9345
2024-09-01,0.0,21.5,40.96,1.68,23.87,Belo_Horizonte,-19.9167,-43.9345
2024-09-02,0.0,23.57,25.25,2.07,22.37,Belo_Horizonte,-19.9167,-43.9345
2024-09-03,0.0,23.92,42.89,1.29,18.65,Belo_Horizonte,-19.9167,-43.9345
2024-09-04,0.0,24.43,43.93,2.21,19.64,Belo_Horizonte,-19.9167,-43.9345
2024-09-05,0.0,25.07,45.04,1.57,20.35,Belo_Horizonte,-19.9167,-43.9345
2024-09-06,0.06,24.19,47.35,2.73,19.38,Belo_Horizonte,-19.9167,-43.9345
2024-09-07,0.0,23.0,51.39,3.03,19.17,Belo_Horizonte,-19.9167,-43.9345
2024-09-08,0.0,22.22,53.85,2.65,19.83,Belo_Horizonte,-19.9167,-43.9345
2024-09-09,0.01,22.33,52.04,2.52,21.54,Belo_Horizonte,-19.9167,-43.9345
2024-09-10,0.01,22.18,49.21,2.57,24.67,Belo_Horizonte,-19.9167,-43.9345
2024-09-11,0.01,22.7,43.01,2.7,24.99,Belo_Horizonte,-19.9167,-43.9345
2024-09-12,0.01,23.09,48.02,2.72,23.89,Belo_Horizonte,-19.9167,-43.9345
2024-09-13,0.0,22.52,48.39,3.05,22.13,Belo_Horizonte,-19.9167,-43.9345
2024-09-14,0.0,23.15,46.26,2.34,23.5,Belo_Horizonte,-19.9167,-43.9345
2024-09-15,0.0,23.03,45.01,2.56,23.16,Belo_Horizonte,-19.9167,-43.9345
2024-09-16,0.0,24.74,48.02,2.76,21.01,Belo_Horizonte,-19.9167,-43.9345
2024-09-17,0.0,22.06,62.46,4.51,18.59,Belo_Horizonte,-19.9167,-43.9345
2024-09-18,0.0,22.1,55.24,3.49,19.71,Belo_Horizonte,-19.9167,-43.9345
2024-09-19,0.0,23.01,54.55,3.08,20.23,Belo_Horizonte,-19.9167,-43.9345
2024-09-20,0.01,23.64,53.97,2.6,18.83,Belo_Horizonte,-19.9167,-43.9345
2024-09-21,2.86,25.17,49.52,1.67,22.43,Belo_Horizonte,-19.9167,-43.9345
2024-09-22,0.54,24.67,54.77,2.44,18.2,Belo_Horizonte,-19.9167,-43.9345
2024-09-23,0.01,24.65,48.25,2.62,24.16,Belo_Horizonte,-19.9167,-43.9345
2024-09-24,0.0,24.15,48.0,2.94,25.33,Belo_Horizonte,-19.9167,-43.9345
2024-09-25,0.01,24.0,48.56,3.08,24.95,Belo_Horizonte,-19.9167,-43.9345
2024-09-26,0.0,24.27,49.83,3.11,23.92,Belo_Horizonte,-19.9167,-43.9345
2024-09-27,0.0,26.31,40.58,1.98,25.19,Belo_Horizonte,-19.9167,-43.9345
2024-09-28,0.12,25.81,47.43,4.0,22.17,Belo_Horizonte,-19.9167,-43.9345
2024-09-29,0.06,23.19,57.51,3.7,17.12,Belo_Horizonte,-19.9167,-43.9345
2024-09-30,0.0,23.67,55.44,3.5,22.08,Belo_Horizonte,-19.9167,-43.9345
2024-10-01,0.05,23.99,52.64,2.97,24.15,Belo_Horizonte,-19.9167,-43.9345
2024-10-02,0.01,25.62,41.47,1.5,26.7,Belo_Horizonte,-19.9167,-43.9345
2024-10-03,0.01,26.72,35.65,2.72,24.02,Belo_Horizonte,-19.9167,-43.9345
2024-10-04,0.0,24.93,56.89,3.5,18.89,Belo_Horizonte,-19.9167,-43.9345
2024-10-05,0.0,22.65,60.96,3.72,15.0,Belo_Horizonte,-19.9167,-43.9345
2024-10-06,0.0,24.55,49.07,2.58,24.49,Belo_Horizonte,-19.9167,-43.9345
2024-10-07,0.01,25.12,46.57,2.56,21.56,Belo_Horizonte,-19.9167,-43.9345
2024-10-08,0.07,27.1,43.52,3.0,23.74,Belo_Horizonte,-19.9167,-43.9345
2024-10-09,0.76,27.75,46.36,2.96,19.87,Belo_Horizonte,-19.9167,-43.9345
2024-10-10,25.6,22.68,75.83,2.93,5.75,Belo_Horizonte,-19.9167,-43.9345
2024-10-11,16.9,23.41,75.45,2.41,15.51,Belo_Horizonte,-19.9167,-43.9345
2024-10-12,0.77,24.68,67.35,2.92,13.48,Belo_Horizonte,-19.9167,-43.9345
2024-10-13,0.5,23.93,66.84,3.49,18.35,Belo_Horizonte,-19.9167,-43.9345
2024-10-14,0.04,22.79,59.37,4.22,20.27,Belo_Horizonte,-19.9167,-43.9345
2024-10-15,0.0,21.92,58.64,2.75,18.45,Belo_Horizonte,-19.9167,-43.9345
2024-10-16,5.01,23.42,58.81,1.54,17.84,Belo_Horizonte,-19.9167,-43.9345
2024-10-17,0.31,25.49,55.72,1.16,23.65,Belo_Horizonte,-19.9167,-43.9345
2024-10-18,10.74,25.2,61.93,1.48,20.49,Belo_Horizonte,-19.9167,-43.9345
2024-10-19,23.7,21.55,83.25,2.86,12.61,Belo_Horizonte,-19.9167,-43.9345
2024-10-20,9.63,20.91,86.35,2.54,5.4,Belo_Horizonte,-19.9167,-43.9345
2024-10-21,2.46,21.06,82.21,3.85,9.69,Belo_Horizonte,-19.9167,-43.9345
2024-10-22,0.01,23.16,68.88,2.52,16.03,Belo_Horizonte,-19.9167,-43.9345
2024-10-23,0.05,24.5,64.05,1.51,19.11,Belo_Horizonte,-19.9167,-43.9345
2024-10-24,2.92,25.29,66.55,1.83,17.72,Belo_Horizonte,-19.9167,-43.9345
2024-10-25,3.48,24.0,72.58,2.82,15.25,Belo_Horizonte,-19.9167,-43.9345
2024-10-26,8.15,25.36,71.42,2.22,18.07,Belo_Horizonte,-19.9167,-43.9345
2024-10-27,19.4,21.58,84.59,3.85,13.89,Belo_Horizonte,-19.9167,-43.9345
2024-10-28,4.52,19.37,84.97,3.46,9.66,Belo_Horizonte,-19.9167,-43.9345
2024-10-29,3.0,19.87,84.76,2.1,8.47,Belo_Horizonte,-19.9167,-43.9345
2024-10-30,2.78,21.17,76.11,3.64,19.83,Belo_Horizonte,-19.9167,-43.9345
2024-10-31,1.75,21.18,72.34,2.99,19.58,Belo_Horizonte,-19.9167,-43.9345
2024-11-01,0.11,21.95,71.0,2.72,21.34,Belo_Horizonte,-19.9167,-43.9345
2024-11-02,0.0,22.67,71.81,2.57,20.75,Belo_Horizonte,-19.9167,-43.9345
2024-11-03,1.63,22.03,75.05,2.7,14.67,Belo_Horizonte,-19.9167,-43.9345
2024-11-04,7.26,19.66,83.28,3.29,13.35,Belo_Horizonte,-19.9167,-43.9345
2024-11-05,19.43,19.8,86.62,2.91,11.56,Belo_Horizonte,-19.9167,-43.9345
2024-11-06,2.5,21.42,77.33,2.58,16.46,Belo_Horizonte,-19.9167,-43.9345
2024-11-07,0.97,22.68,74.67,2.58,20.69,Belo_Horizonte,-19.9167,-43.9345
2024-11-08,5.91,21.37,81.94,4.11,11.77,Belo_Horizonte,-19.9167,-43.9345
2024-11-09,18.96,21.15,86.42,3.54,11.9,Belo_Horizonte,-19.9167,-43.9345
2024-11-10,0.96,21.3,76.78,2.97,18.58,Belo_Horizonte,-19.9167,-43.9345
2024-11-11,0.08,22.87,69.6,1.65,24.6,Belo_Horizonte,-19.9167,-43.9345
2024-11-12,1.84,23.09,74.85,2.14,25.67,Belo_Horizonte,-19.9167,-43.9345
2024-11-13,8.08,22.13,79.84,1.81,11.3,Belo_Horizonte,-19.9167,-43.9345
2024-11-14,2.23,19.62,84.09,3.23,14.37,Belo_Horizonte,-19.9167,-43.9345
2024-11-15,7.71,20.31,81.55,2.73,11.85,Belo_Horizonte,-19.9167,-43.9345
2024-11-16,12.23,19.89,85.27,2.01,10.18,Belo_Horizonte,-19.9167,-43.9345
2024-11-17,3.32,20.42,82.36,1.94,10.21,Belo_Horizonte,-19.9167,-43.9345
2024-11-18,11.97,22.12,76.75,1.7,24.11,Belo_Horizonte,-19.9167,-43.9345
2024-11-19,4.29,22.95,76.34,1.32,23.15,Belo_Horizonte,-19.9167,-43.9345
2024-11-20,1.39,24.36,71.17,1.4,26.54,Belo_Horizonte,-19.9167,-43.9345
2024-11-21,2.13,23.16,81.88,1.29,11.78,Belo_Horizonte,-19.9167,-43.9345
2024-11-22,5.16,21.39,82.33,3.51,10.93,Belo_Horizonte,-19.9167,-43.9345
2024-11-23,10.06,19.29,85.58,3.34,10.68,Belo_Horizonte,-19.9167,-43.9345
2024-11-24,2.96,18.87,78.66,3.16,20.79,Belo_Horizonte,-19.9167,-43.9345
2024-11-25,1.11,19.53,75.19,2.31,23.94,Belo_Horizonte,-19.9167,-43.9345
2024-11-26,0.05,21.54,66.07,1.62,27.63,Belo_Horizonte,-19.9167,-43.9345
2024-11-27,0.08,23.57,59.73,1.14,29.3,Belo_Horizonte,-19.9167,-43.9345
2024-11-28,0.02,25.23,55.99,1.48,27.48,Belo_Horizonte,-19.9167,-43.9345
2024-11-29,0.44,23.9,72.29,2.29,23.86,Belo_Horizonte,-19.9167,-43.9345
2024-11-30,4.2,24.6,75.91,1.66,20.98,Belo_Horizonte,-19.9167,-43.9345
2024-12-01,2.14,24.13,77.25,1.41,19.05,Belo_Horizonte,-19.9167,-43.9345
2024-12-02,7.04,23.52,82.81,2.07,17.07,Belo_Horizonte,-19.9167,-43.9345
2024-12-03,6.15,23.29,85.11,1.95,19.61,Belo_Horizonte,-19.9167,-43.9345
2024-12-04,7.23,23.29,80.67,1.12,14.92,Belo_Horizonte,-19.9167,-43.9345
2024-12-05,2.55,23.55,75.57,1.94,25.6,Belo_Horizonte,-19.9167,-43.9345
2024-12-06,0.01,23.37,60.89,2.19,31.71,Belo_Horizonte,-19.9167,-43.9345
2024-12-07,0.01,24.49,59.38,1.74,30.65,Belo_Horizonte,-19.9167,-43.9345
2024-12-08,0.0,26.07,56.11,1.78,27.45,Belo_Horizonte,-19.9167,-43.9345
2024-12-09,0.25,26.26,61.57,1.64,27.49,Belo_Horizonte,-19.9167,-43.9345
2024-12-10,3.89,24.9,71.65,2.31,22.95,Belo_Horizonte,-19.9167,-43.9345
2024-12-11,6.92,23.09,78.98,2.49,10.45,Belo_Horizonte,-19.9167,-43.9345
2024-12-12,0.9,21.9,70.92,2.45,13.2,Belo_Horizonte,-19.9167,-43.9345
2024-12-13,0.4,21.0,77.86,2.29,16.69,Belo_Horizonte,-19.9167,-43.9345
2024-12-14,4.0,21.56,83.39,2.34,16.39,Belo_Horizonte,-19.9167,-43.9345
2024-12-15,5.09,21.38,83.99,3.01,14.2,Belo_Horizonte,-19.9167,-43.9345
2024-12-16,3.75,22.63,79.77,3.23,14.95,Belo_Horizonte,-19.9167,-43.9345
2024-12-17,1.97,22.84,80.41,2.15,22.52,Belo_Horizonte,-19.9167,-43.9345
2024-12-18,2.33,23.5,71.83,1.74,25.63,Belo_Horizonte,-19.9167,-43.9345
2024-12-19,3.77,24.36,71.48,1.97,22.75,Belo_Horizonte,-19.9167,-43.9345
2024-12-20,3.25,24.31,72.45,2.12,21.05,Belo_Horizonte,-19.9167,-43.9345
2024-12-21,19.16,21.43,87.08,2.04,14.1,Belo_Horizonte,-19.9167,-43.9345
2024-12-22,10.65,21.32,86.47,1.71,14.04,Belo_Horizonte,-19.9167,-43.9345
2024-12-23,3.33,22.56,83.73,2.18,18.5,Belo_Horizonte,-19.9167,-43.9345
2024-12-24,7.96,22.37,84.16,2.89,20.72,Belo_Horizonte,-19.9167,-43.9345
2024-12-25,5.51,22.65,82.85,3.33,15.89,Belo_Horizonte,-19.9167,-43.9345
2024-12-26,10.3,21.32,86.91,2.67,13.62,Belo_Horizonte,-19.9167,-43.9345
2024-12-27,11.12,21.46,87.0,2.14,10.45,Belo_Horizonte,-19.9167,-43.9345
2024-12-28,8.01,21.68,84.14,1.37,15.31,Belo_Horizonte,-19.9167,-43.9345
2024-12-29,13.82,20.92,88.83,1.75,6.27,Belo_Horizonte,-19.9167,-43.9345
2024-12-30,1.56,20.67,86.75,1.44,13.35,Belo_Horizonte,-19.9167,-43.9345
2024-12-31,4.97,21.12,83.97,1.9,14.27,Belo_Horizonte,-19.9167,-43.9345
